target_language,relative_path,key,source_value
english,bakasekai/CHN_strike_events_l_japanese.yml,chn_periodic_strikes,周期的なストライキ
english,bakasekai/CHN_strike_events_l_japanese.yml,chn_strikes.1.a,要求は無視できない。
english,bakasekai/CHN_strike_events_l_japanese.yml,chn_strikes.1.d,全国の工場で労働者がストライキに入り、生産が停止しました。労働者はより良い労働条件と賃金を要求しています。この混乱は我が国の産業生産に深刻な影響を与えるでしょう。
english,bakasekai/CHN_strike_events_l_japanese.yml,chn_strikes.1.t,広範囲にわたるストライキ
english,bakasekai/CHN_strike_events_l_japanese.yml,chn_strikes.2.a,ようやく、生産に戻れる。
english,bakasekai/CHN_strike_events_l_japanese.yml,chn_strikes.2.d,交渉の末、ストライキ中の労働者との合意に達しました。労働者は職場に復帰し、工場の生産は正常に戻りつつあります。
english,bakasekai/CHN_strike_events_l_japanese.yml,chn_strikes.2.t,ストライキの終結
english,bakasekai/LON_focus_l_japanese.yml,LON.18.a,平和的な統合を目指す
english,bakasekai/LON_focus_l_japanese.yml,LON.18.b,より積極的な手段を検討する
english,bakasekai/LON_focus_l_japanese.yml,LON.18.desc,アイルランドとの統合に向けた構想が政府内で議論されています。我々はどのようなアプローチを取るべきでしょうか？
english,bakasekai/LON_focus_l_japanese.yml,LON.18.t,ケルト統一構想
english,bakasekai/LON_focus_l_japanese.yml,LON.19.a,協力的な関係を築く
english,bakasekai/LON_focus_l_japanese.yml,LON.19.b,独立を維持する
english,bakasekai/LON_focus_l_japanese.yml,LON.19.desc,ロンドン政府から、ケルト統一に関する提案が届きました。我々はどう対応すべきでしょうか？
english,bakasekai/LON_focus_l_japanese.yml,LON.19.t,ロンドンからの統合提案
english,bakasekai/LON_focus_l_japanese.yml,LON_celtic_cooperation,ケルト協力
english,bakasekai/LON_focus_l_japanese.yml,LON_celtic_pressure,ケルト統一圧力
english,bakasekai/LON_focus_l_japanese.yml,LON_celtic_resistance,ケルト抵抗
english,bakasekai/LON_focus_l_japanese.yml,LON_celtic_unification,ケルト統一への道
english,bakasekai/LON_focus_l_japanese.yml,LON_celtic_unification_desc,アイルランドとの統一を推進し、ケルト民族の結束を図ります。古き因縁を乗り越え、新たな時代の幕開けを告げましょう。
english,bakasekai/LON_focus_l_japanese.yml,LON_commonwealth_cooperation,英連邦協力
english,bakasekai/LON_focus_l_japanese.yml,LON_commonwealth_relations,英連邦外交
english,bakasekai/LON_focus_l_japanese.yml,LON_commonwealth_relations_desc,イギリス本国およびオーストラリアとの関係を深め、英連邦内での影響力を拡大します。我々は帝国の新たな中心となり得るのです。
english,bakasekai/LON_focus_l_japanese.yml,LON_financial_hub,金融覇権
english,bakasekai/LON_focus_l_japanese.yml,LON_financial_hub_desc,世界の金融センターとしての地位を確立し、研究開発と政治力を強化します。ロンドンの銀行街は世界経済を左右する力を持つでしょう。
english,bakasekai/LON_focus_l_japanese.yml,LON_focus_tree,ロンドンの運命
english,bakasekai/LON_focus_l_japanese.yml,LON_fundamentals,基盤構築
english,bakasekai/LON_focus_l_japanese.yml,LON_fundamentals_desc,金融街の拡張と産業基盤の整備により、国の礎を固めます。シティ・オブ・ロンドンの力を世界に示す準備を整えましょう。
english,bakasekai/LON_focus_l_japanese.yml,LON_global_financial_network,世界金融ネットワーク
english,bakasekai/LON_focus_l_japanese.yml,LON_global_financial_network_desc,地球規模の金融ネットワークを構築し、世界経済の動向に絶大な影響力を持つまでに至りました。
english,bakasekai/LON_focus_l_japanese.yml,LON_global_influence,世界影響力
english,bakasekai/LON_focus_l_japanese.yml,LON_global_influence_desc,金融ネットワークを通じて世界各国に影響を与え、真の金融帝国を築き上げます。小さな島国が世界を動かす時代の到来です。
english,bakasekai/LON_focus_l_japanese.yml,LON_international_financial_center,国際金融センター
english,bakasekai/LON_focus_l_japanese.yml,LON_international_financial_center_desc,ロンドンは世界の資本が集まる国際金融の中心地として確立されました。
english,bakasekai/LON_focus_l_japanese.yml,LON_stronger_commonwealth_ties,強化された英連邦の絆
english,bakasekai/_bsm_negative_ideas_l_japanese.yml,aa_art,AAアート
english,bakasekai/_bsm_negative_ideas_l_japanese.yml,aa_art_desc,国民は、文字で絵を描くアスキーアートの制作に情熱を燃やしている。防空システムの管制画面も、今や巨大なアート作品の発表の場と化した。敵機？そんなものよりアートだ。
english,bakasekai/_bsm_negative_ideas_l_japanese.yml,abnormal_elasticity,異常弾性
english,bakasekai/_bsm_negative_ideas_l_japanese.yml,abnormal_elasticity_desc,戦車の装甲がゴムボールのように弾み、砲弾がスーパーボールのように跳ね返る。この異常な弾性は、あらゆる兵器を無力化してしまう。
english,bakasekai/_bsm_negative_ideas_l_japanese.yml,abnormal_weather,異常気象
english,bakasekai/_bsm_negative_ideas_l_japanese.yml,abnormal_weather_desc,真夏に雪が降り、冬に灼熱の太陽が照りつける。異常気象は常態化し、農業も軍事行動も、全てが計画通りには進まない。
english,bakasekai/_bsm_negative_ideas_l_japanese.yml,advent_of_a_prophet,預言者の出現
english,bakasekai/_bsm_negative_ideas_l_japanese.yml,advent_of_a_prophet_desc,「世界はバカによって浄化される！」と説く預言者が民衆の支持を集めている。彼の言葉は荒唐無稽だが、不思議な説得力があり、社会に奇妙な熱狂を生み出している。
english,bakasekai/_bsm_negative_ideas_l_japanese.yml,all_your_base,All Your Base
english,bakasekai/_bsm_negative_ideas_l_japanese.yml,all_your_base_desc,「君たちの基地は、全てCATSがいただいた」。敵からの宣戦布告は、いつもこの謎のメッセージから始まる。CATSが誰なのか、誰も知らない。
english,bakasekai/_bsm_negative_ideas_l_japanese.yml,ancient_plague,古の疫病
english,bakasekai/_bsm_negative_ideas_l_japanese.yml,ancient_plague_desc,氷の中から、古代の疫病が蘇った。現代医学では治療法がなく、人々は次々と倒れていく。我々の文明は、見えざる敵の前に無力だ。
english,bakasekai/_bsm_negative_ideas_l_japanese.yml,ancient_pressure,古代の重圧
english,bakasekai/_bsm_negative_ideas_l_japanese.yml,ancient_pressure_desc,地中深くから発せられる謎の圧力は、人々の精神を押し潰す。誰もが言い知れぬ不安と重圧に苛まれ、社会全体の活力が失われている。
english,bakasekai/_bsm_negative_ideas_l_japanese.yml,antarctic_calamity,南極の厄災
english,bakasekai/_bsm_negative_ideas_l_japanese.yml,antarctic_calamity_desc,南極大陸で活動していたペンギンたちが、突如として奇妙な行動を開始した。彼らが発する謎の波動は、地球全体の精神に影響を及ぼし、我々の社会に不穏な影を落としている。
english,bakasekai/_bsm_negative_ideas_l_japanese.yml,ara_ara,あらあら～
english,bakasekai/_bsm_negative_ideas_l_japanese.yml,ara_ara_desc,政府高官から軍の司令官まで、誰もが「あらあら、うふふ」としか言わなくなった。彼らが何を考えているのか、深刻な事態に気づいているのか、誰にも分からない。
english,bakasekai/_bsm_negative_ideas_l_japanese.yml,aversion_to_kabedon,壁ドンへの嫌悪
english,bakasekai/_bsm_negative_ideas_l_japanese.yml,aversion_to_kabedon_desc,壁ドンは暴力である、という認識が広まり、人々は壁際に立つことを極度に恐れるようになった。これにより、塹壕戦術や市街地での防衛は極めて困難になっている。
english,bakasekai/_bsm_negative_ideas_l_japanese.yml,base_chaos,基地の混乱
english,bakasekai/_bsm_negative_ideas_l_japanese.yml,base_chaos_desc,兵士たちがバカになった結果、軍事基地の管理体制は崩壊した。弾薬とレーションを間違えるのは日常茶飯事、航空基地では戦闘機を洗濯物干しに使う始末だ。まともな作戦行動など期待できない。
english,bakasekai/_bsm_negative_ideas_l_japanese.yml,biohazard,生物災害
english,bakasekai/_bsm_negative_ideas_l_japanese.yml,biohazard_desc,失敗した生物兵器が漏洩し、国土の一部は未知のウイルスに汚染された。感染した者は理性を失い、凶暴化するという。封じ込めは困難を極めている。
english,bakasekai/_bsm_negative_ideas_l_japanese.yml,blood_ritual,血の儀式
english,bakasekai/_bsm_negative_ideas_l_japanese.yml,blood_ritual_desc,国運を賭けた謎の儀式が、夜な夜な執り行われているという。その効果は定かではないが、国民の血が少しずつ失われていることだけは確かだ。
english,bakasekai/_bsm_negative_ideas_l_japanese.yml,bongo_cat_fever,ボンゴキャット・フィーバー
english,bakasekai/_bsm_negative_ideas_l_japanese.yml,bongo_cat_fever_desc,全国民がキーボードをボンゴ代わりに叩くことに夢中になっている。生産性はゼロになったが、国全体の雰囲気はなんだか楽しそうだ。タカタカタカタカッ！
english,bakasekai/_bsm_negative_ideas_l_japanese.yml,brittle_buildings,脆い建造物
english,bakasekai/_bsm_negative_ideas_l_japanese.yml,brittle_buildings_desc,少しの風や雨で、建物がビスケットのように崩れ落ちる。国民は常にヘルメットを被って生活することを余儀なくされている。もちろん、軍事施設も例外ではない。
english,bakasekai/_bsm_negative_ideas_l_japanese.yml,broken_war_fan,壊れた軍配
english,bakasekai/_bsm_negative_ideas_l_japanese.yml,broken_war_fan_desc,軍師の象徴であった軍配が壊れた。それは、彼の戦術がもはや通用しないこと、そしてこの国の敗北を暗示しているのかもしれない。
english,bakasekai/_bsm_negative_ideas_l_japanese.yml,bureaucratic_wall,官僚主義の壁
english,bakasekai/_bsm_negative_ideas_l_japanese.yml,bureaucratic_wall_desc,一つの申請を通すのに、300枚の書類と50人の承認印が必要だ。物事が前に進むはずもなく、官僚たちは書類の山に埋もれて満足している。
english,bakasekai/_bsm_negative_ideas_l_japanese.yml,call_of_the_monolith,巨石の呼び声
english,bakasekai/_bsm_negative_ideas_l_japanese.yml,call_of_the_monolith_desc,突如として現れた巨大な一枚岩『モノリス』が、人々を呼び寄せている。その呼び声に抗うことはできず、労働者たちは次々とモノリスの前で祈りを捧げ、帰ってこない。
english,bakasekai/_bsm_negative_ideas_l_japanese.yml,celestial_miscalculation,天体の誤算
english,bakasekai/_bsm_negative_ideas_l_japanese.yml,celestial_miscalculation_desc,天文学者たちが「今度こそ本物だ」と叫んでいる。新たな彗星が地球に接近しており、その軌道は予測不能だという。前回の騒動を覚えている国民は、政府の発表を全く信用していない。
english,bakasekai/_bsm_negative_ideas_l_japanese.yml,chain_reaction,連鎖反応
english,bakasekai/_bsm_negative_ideas_l_japanese.yml,chain_reaction_desc,一つの小さなミスが、ドミノ倒しのように次々と大きな災害を引き起こす。この国では、常に最悪の事態を想定しなければならない。
english,bakasekai/_bsm_negative_ideas_l_japanese.yml,civilization_regression,文明の後退
english,bakasekai/_bsm_negative_ideas_l_japanese.yml,civilization_regression_desc,人々は文字の読み書きすら忘れ始めている。複雑な機械の操作はもちろん、簡単な計算すらおぼつかない。我々の文明は、石器時代へと逆行しているのかもしれない。
english,bakasekai/_bsm_negative_ideas_l_japanese.yml,collapse_of_discipline,規律の崩壊
english,bakasekai/_bsm_negative_ideas_l_japanese.yml,collapse_of_discipline_desc,軍隊の規律は完全に失われた。上官の命令は無視され、兵士たちは思い思いに行動する。もはや軍隊というより、武装したお祭り集団だ。
english,bakasekai/_bsm_negative_ideas_l_japanese.yml,confused_command,混乱した指揮
english,bakasekai/_bsm_negative_ideas_l_japanese.yml,confused_command_desc,司令部からの命令は暗号化されているが、解読できる者が誰もいない。兵士たちは、とりあえず命令書の文字の形で陣形を組むことにしたらしい。
english,bakasekai/_bsm_negative_ideas_l_japanese.yml,confusion_of_ancient_languages,古代語の混乱
english,bakasekai/_bsm_negative_ideas_l_japanese.yml,confusion_of_ancient_languages_desc,古代言語の解読に成功したという学者の発表以来、人々は現代語を忘れ、奇妙な言葉で話し始めた。意思の疎通は困難を極め、社会は機能不全に陥っている。
english,bakasekai/_bsm_negative_ideas_l_japanese.yml,confusion_of_dream_and_reality,夢と現実の混濁
english,bakasekai/_bsm_negative_ideas_l_japanese.yml,confusion_of_dream_and_reality_desc,人々は夢と現実の区別がつかなくなっている。ある者は夢の中の出来事を現実だと信じ込み、またある者は現実をただの悪夢だと思い込んでいる。
english,bakasekai/_bsm_negative_ideas_l_japanese.yml,constitutional_crisis,憲法の危機
english,bakasekai/_bsm_negative_ideas_l_japanese.yml,constitutional_crisis_desc,憲法があまりにも難解な文章で書かれているため、誰もその内容を理解できない。政府も裁判所も、その日の気分で法律を解釈している。
english,bakasekai/_bsm_negative_ideas_l_japanese.yml,crisis_of_faith,信仰の危機
english,bakasekai/_bsm_negative_ideas_l_japanese.yml,crisis_of_faith_desc,神は本当にいるのか？人々は疑い始め、宗教はその力を失いつつある。精神的な支柱を失った社会は、ゆっくりと崩壊に向かっている。
english,bakasekai/_bsm_negative_ideas_l_japanese.yml,cultural_identity_crisis,文化的アイデンティティの危機
english,bakasekai/_bsm_negative_ideas_l_japanese.yml,cultural_identity_crisis_desc,「我々は何者なのか？」この哲学的な問いに、誰も答えられない。自国の文化に誇りを失った国民は、安易に外国の文化を模倣し、社会は混乱している。
english,bakasekai/_bsm_negative_ideas_l_japanese.yml,currency_credibility_anxiety,通貨信用不安
english,bakasekai/_bsm_negative_ideas_l_japanese.yml,currency_credibility_anxiety_desc,国際酸素生成合弁会社の破綻以来、誰も自国の通貨を信用していない。人々は物々交換を始め、近代的な経済システムは崩壊の危機に瀕している。
english,bakasekai/_bsm_negative_ideas_l_japanese.yml,curse_of_navigation,航海の呪い
english,bakasekai/_bsm_negative_ideas_l_japanese.yml,curse_of_navigation_desc,この海域では、いかなる航海術も通用しない。地図は白紙になり、羅針盤は狂ったように回り続ける。一度入ったら、二度と出られない魔の海だ。
english,bakasekai/_bsm_negative_ideas_l_japanese.yml,curse_of_the_emperor,皇帝の呪い
english,bakasekai/_bsm_negative_ideas_l_japanese.yml,curse_of_the_emperor_desc,古代の皇帝の墓を暴いたためか、我が国は原因不明の不運に見舞われている。指導者は次々と病に倒れ、国民の間には不吉な噂が絶えない。
english,bakasekai/_bsm_negative_ideas_l_japanese.yml,curse_of_the_far_north,極北の呪詛
english,bakasekai/_bsm_negative_ideas_l_japanese.yml,curse_of_the_far_north_desc,北極大陸から吹き付けるブリザードには、古代の呪いが込められているという。極寒の地へ足を踏み入れた兵士たちは、装備の不調だけでなく、原因不明の悪夢にうなされる。
english,bakasekai/_bsm_negative_ideas_l_japanese.yml,curse_of_the_frozen_hell,極寒の呪い
english,bakasekai/_bsm_negative_ideas_l_japanese.yml,curse_of_the_frozen_hell_desc,北極大陸の氷の下には、ただの寒さではない何かが眠っている。それは触れるもの全ての生命力を奪い去る、絶対零度の呪いだ。いかなる防寒対策も、その前では無力である。
english,bakasekai/_bsm_negative_ideas_l_japanese.yml,curse_of_the_hammer,カナヅチの呪い
english,bakasekai/_bsm_negative_ideas_l_japanese.yml,curse_of_the_hammer_desc,この国に生まれた者は、誰も泳ぐことができない。海軍の兵士ですら、海に落ちればただ沈むだけだ。海戦は絶望的である。
english,bakasekai/_bsm_negative_ideas_l_japanese.yml,curse_of_the_infinite_sequence,無限数列の呪縛
english,bakasekai/_bsm_negative_ideas_l_japanese.yml,curse_of_the_infinite_sequence_desc,ある数学者が発見したという無限数列は、見た者の精神を蝕む呪いだった。人々はその数列の虜となり、生産活動を放棄して壁に数字を書き連ねている。
english,bakasekai/_bsm_negative_ideas_l_japanese.yml,curse_of_venice,ヴェネツィアの呪い
english,bakasekai/_bsm_negative_ideas_l_japanese.yml,curse_of_venice_desc,この土地は、かつての海の都の呪いを受けている。地盤は常に水浸しで、建物は沈み、人々は船なしでは移動できない。陸軍の運用など不可能だ。
english,bakasekai/_bsm_negative_ideas_l_japanese.yml,dangerous_experiment,危険な実験
english,bakasekai/_bsm_negative_ideas_l_japanese.yml,dangerous_experiment_desc,「これをこうすれば、すごいことになるのでは？」という小学生レベルの発想で行われた実験は、案の定、大惨事を引き起こした。科学者たちは、安全という概念を忘れてしまったようだ。
english,bakasekai/_bsm_negative_ideas_l_japanese.yml,dangerous_slide,危険なスライド
english,bakasekai/_bsm_negative_ideas_l_japanese.yml,dangerous_slide_desc,プレゼンテーションで使われるスライドには、なぜか危険な罠が仕掛けられている。政府高官たちは、会議のたびに命がけで発表に臨んでいる。
english,bakasekai/_bsm_negative_ideas_l_japanese.yml,delayed_time,遅延する時間
english,bakasekai/_bsm_negative_ideas_l_japanese.yml,delayed_time_desc,この国では、時間の流れが他国より明らかに遅い。あらゆる行動がワンテンポ遅れるため、国際競争で有利に立てるはずがない。
english,bakasekai/_bsm_negative_ideas_l_japanese.yml,depletion_of_creativity,創造性の枯渇
english,bakasekai/_bsm_negative_ideas_l_japanese.yml,depletion_of_creativity_desc,新しいアイデアが、全く生まれなくなった。芸術家は過去の作品を模倣するだけ、科学者は既存の理論を繰り返すだけ。この国から、進歩の光は失われた。
english,bakasekai/_bsm_negative_ideas_l_japanese.yml,desert_radiation,砂漠の放射線
english,bakasekai/_bsm_negative_ideas_l_japanese.yml,desert_radiation_desc,砂漠の砂は、未知の放射線を放っている。この地に長く留まることは、兵士たちの健康を著しく損なうだろう。まるで目に見えない敵と戦っているようだ。
english,bakasekai/_bsm_negative_ideas_l_japanese.yml,disconnection_from_society,社会からの断絶
english,bakasekai/_bsm_negative_ideas_l_japanese.yml,disconnection_from_society_desc,人々は他者との関わりを避け、自らの殻に閉じこもっている。共同体意識は失われ、国家としての結束力は皆無に等しい。
english,bakasekai/_bsm_negative_ideas_l_japanese.yml,disorientation,方向感覚喪失
english,bakasekai/_bsm_negative_ideas_l_japanese.yml,disorientation_desc,兵士たちは、東西南北の区別がつかなくなった。彼らはしばしば、敵陣に向かって後退し、自陣に向かって突撃する。
english,bakasekai/_bsm_negative_ideas_l_japanese.yml,dissonance,不協和音
english,bakasekai/_bsm_negative_ideas_l_japanese.yml,dissonance_2,不協和音
english,bakasekai/_bsm_negative_ideas_l_japanese.yml,dissonance_2_desc,指導者と国民の間に、埋めがたい溝ができてしまった。互いに理解しあえず、反発しあう。この不協和音は、国を内側から崩壊させるだろう。
english,bakasekai/_bsm_negative_ideas_l_japanese.yml,dissonance_desc,国歌を誰も正しい音程で歌えない。軍楽隊の奏でる音楽は聞くに堪えない騒音だ。この不協和音は国民の士気を著しく低下させている。
english,bakasekai/_bsm_negative_ideas_l_japanese.yml,distorted_vision,歪んだ視覚
english,bakasekai/_bsm_negative_ideas_l_japanese.yml,distorted_vision_desc,人々の視界は、常に歪んでいる。まっすぐな道は曲がって見え、敵兵は味方に見える。信頼できるのは、自分の目以外の何かだ。
english,bakasekai/_bsm_negative_ideas_l_japanese.yml,distortion_of_time_and_space,時空の歪み
english,bakasekai/_bsm_negative_ideas_l_japanese.yml,distortion_of_time_and_space_desc,ハレー彗星の接近は、我々の認識を超えた影響を及ぼしていたらしい。物理法則がねじ曲がり、時間が奇妙に伸び縮みする現象が国内各地で報告されている。これでは正確な研究など望むべくもない。
english,bakasekai/_bsm_negative_ideas_l_japanese.yml,distracted_government,注意散漫な政府
english,bakasekai/_bsm_negative_ideas_l_japanese.yml,distracted_government_desc,政府は、蝶々が飛んでいるのを見ると会議を中断してしまうほど注意散漫だ。国家の重要課題は、いつも後回しにされている。
english,bakasekai/_bsm_negative_ideas_l_japanese.yml,dogu_possession,土偶の憑依
english,bakasekai/_bsm_negative_ideas_l_japanese.yml,dogu_possession_desc,古代の土偶に、邪悪な霊が宿った。土偶は人々を操り、奇妙な踊りを踊らせ、国を混乱に陥れている。
english,bakasekai/_bsm_negative_ideas_l_japanese.yml,electromagnetic_interference,電磁妨害
english,bakasekai/_bsm_negative_ideas_l_japanese.yml,electromagnetic_interference_desc,強力な電磁妨害により、無線通信は完全に麻痺した。前線との連絡は、伝書鳩に頼るしかない。
english,bakasekai/_bsm_negative_ideas_l_japanese.yml,electronic_device_malfunction,電子機器の不調
english,bakasekai/_bsm_negative_ideas_l_japanese.yml,electronic_device_malfunction_desc,電子機器は、常に機嫌が悪い。計算機は嘘の答えを出し、レーダーは幻影を映し、暗号機はポエムを生成する。
english,bakasekai/_bsm_negative_ideas_l_japanese.yml,emotional_excess,感情過多
english,bakasekai/_bsm_negative_ideas_l_japanese.yml,emotional_excess_desc,国民の感情の振れ幅が、異常なまでに大きくなった。些細なことで歓喜し、些細なことで絶望する。安定した社会生活など望むべくもない。
english,bakasekai/_bsm_negative_ideas_l_japanese.yml,emp_shock,EMPショック
english,bakasekai/_bsm_negative_ideas_l_japanese.yml,emp_shock_desc,強力な電磁パルス攻撃により、国内の電子機器は全て沈黙した。近代的な指揮系統は崩壊し、我々は原始的な戦いを強いられている。
english,bakasekai/_bsm_negative_ideas_l_japanese.yml,encounter_with_the_unknown,未知との遭遇
english,bakasekai/_bsm_negative_ideas_l_japanese.yml,encounter_with_the_unknown_desc,ムー大陸の末裔か、アトランティスの使者か、それともただのイタズラ好きな宇宙人か。正体不明の存在との接触は、我々の社会に計り知れない混乱をもたらしている。
english,bakasekai/_bsm_negative_ideas_l_japanese.yml,endless_debate,終わらない議論
english,bakasekai/_bsm_negative_ideas_l_japanese.yml,endless_debate_desc,一つの物事を決めるのに、百年かかる。議会は些細なことで紛糾し、結論が出る頃には、議題そのものが忘れ去られている。何も決まらないことが、唯一の決定事項だ。
english,bakasekai/_bsm_negative_ideas_l_japanese.yml,endless_suspicion,終わらない猜疑心
english,bakasekai/_bsm_negative_ideas_l_japanese.yml,endless_suspicion_desc,誰も他人を信用しない。隣人はスパイ、上官は裏切り者、政府は敵の手先。この国では、猜疑心こそが唯一の共通言語だ。
english,bakasekai/_bsm_negative_ideas_l_japanese.yml,excessive_defense,過剰防衛
english,bakasekai/_bsm_negative_ideas_l_japanese.yml,excessive_defense_desc,飛んできたハエを対空砲で撃ち落とすような国だ。あらゆる脅威に対して過剰なまでに反応するため、資源と弾薬は常に枯渇している。
english,bakasekai/_bsm_negative_ideas_l_japanese.yml,excessive_fertility,過剰な豊穣
english,bakasekai/_bsm_negative_ideas_l_japanese.yml,excessive_fertility_desc,大地は異常なまでに豊穣となり、作物は恐ろしい速さで成長する。しかし、その作物はどれも奇妙な形をしており、誰も食べたがらない。豊かさは、時として呪いとなる。
english,bakasekai/_bsm_negative_ideas_l_japanese.yml,excessive_healing,過剰な治癒
english,bakasekai/_bsm_negative_ideas_l_japanese.yml,excessive_healing_desc,負傷した兵士の治癒能力が、異常なまでに高まった。しかし、治癒が過剰に進み、傷口から新たな手足が生えてくるなどの奇怪な現象が報告されている。
english,bakasekai/_bsm_negative_ideas_l_japanese.yml,excessive_resources,過剰な資源
english,bakasekai/_bsm_negative_ideas_l_japanese.yml,excessive_resources_desc,資源が、無限に湧き出てくる。しかし、それを加工する技術も、消費するだけの産業もない。我々は、宝の山の上で餓死しようとしている。
english,bakasekai/_bsm_negative_ideas_l_japanese.yml,excessive_thinking,思考過多
english,bakasekai/_bsm_negative_ideas_l_japanese.yml,excessive_thinking_desc,国民は、あまりにも考えすぎるようになった。「このパンを食べるべきか、否か」という問いに、三日三晩悩み続ける。行動を起こす者は、もはや誰もいない。
english,bakasekai/_bsm_negative_ideas_l_japanese.yml,expansion_of_execution_targets,執行対象拡大
english,bakasekai/_bsm_negative_ideas_l_japanese.yml,expansion_of_execution_targets_desc,「シビュラシステム」の判断基準が拡大し、今やストレス値が少し高いだけで潜在犯として執行対象となる。国民は常に怯えて暮らしている。
english,bakasekai/_bsm_negative_ideas_l_japanese.yml,faith_in_name_only,信仰の形骸化
english,bakasekai/_bsm_negative_ideas_l_japanese.yml,faith_in_name_only_desc,信仰はもはや形式だけのものとなった。人々は儀式に参加はするが、その心に神はいない。社会の道徳的基盤は崩れつつある。
english,bakasekai/_bsm_negative_ideas_l_japanese.yml,fallacy_of_the_way,ザ・ウェイの誤謬
english,bakasekai/_bsm_negative_ideas_l_japanese.yml,fallacy_of_the_way_desc,「これぞ道なり」と信じて進んだ先は、いつも崖だった。指導者も国民も、自分たちの進むべき道が根本的に間違っていることに、まだ気づいていない。
english,bakasekai/_bsm_negative_ideas_l_japanese.yml,false_ruins,偽りの遺跡
english,bakasekai/_bsm_negative_ideas_l_japanese.yml,false_ruins_desc,観光客を呼び込むために作られた偽の遺跡が、なぜか本物の呪いを帯びてしまった。訪れる者は次々と正気を失い、遺跡の番人になると言って姿を消す。
english,bakasekai/_bsm_negative_ideas_l_japanese.yml,false_survival_skills,偽りの生存術
english,bakasekai/_bsm_negative_ideas_l_japanese.yml,false_survival_skills_desc,テレビで紹介されたサバイバル術は、どうやら全部デタラメだったらしい。それを真に受けた兵士たちは、遭難した際にクマに挨拶をしようとして悲惨な結果を迎えている。
english,bakasekai/_bsm_negative_ideas_l_japanese.yml,fear_of_death,死への恐怖
english,bakasekai/_bsm_negative_ideas_l_japanese.yml,fear_of_death_desc,死への極度な恐怖が、国民を支配している。兵士たちは戦うことを恐れ、人々は危険な活動を一切避けるようになった。国家としての活力は失われた。
english,bakasekai/_bsm_negative_ideas_l_japanese.yml,financial_crisis,金融恐慌
english,bakasekai/_bsm_negative_ideas_l_japanese.yml,financial_crisis_desc,史上最大の金融危機は、まだ終わっていなかった。国際酸素生成合弁会社の負の遺産は、亡霊のように我々の経済にまとわりつき、息の根を止めようとしている。
english,bakasekai/_bsm_negative_ideas_l_japanese.yml,flawed_construction_plan,欠陥建設計画
english,bakasekai/_bsm_negative_ideas_l_japanese.yml,flawed_construction_plan_desc,設計図の読み方を誰も知らない。その結果、建設される工場やインフラは常にどこか欠陥を抱えている。ある工場は屋根がなく、ある橋は川に届いていない。生産性など上がるはずもなかった。
english,bakasekai/_bsm_negative_ideas_l_japanese.yml,flawed_design,欠陥設計
english,bakasekai/_bsm_negative_ideas_l_japanese.yml,flawed_design_desc,最新の兵器設計図は、どうやら上下逆さまだったらしい。完成した戦車は砲塔が地面を向き、軍艦は逆さまに進水した。使い物になるはずがない。
english,bakasekai/_bsm_negative_ideas_l_japanese.yml,floating_laboratory,浮遊する研究所
english,bakasekai/_bsm_negative_ideas_l_japanese.yml,floating_laboratory_desc,空に浮かぶ謎の研究所。そこで何が行われているのか、誰も知らない。ただ、時折そこから奇妙な色の煙が立ち上るのが見えるだけだ。
english,bakasekai/_bsm_negative_ideas_l_japanese.yml,flood_of_memories,記憶の洪水
english,bakasekai/_bsm_negative_ideas_l_japanese.yml,flood_of_memories_desc,他人の記憶が、自分のものとして頭の中に流れ込んでくる。誰が自分で、誰が他人なのか。アイデンティティは崩壊寸前だ。
english,bakasekai/_bsm_negative_ideas_l_japanese.yml,food_insecurity,食料不安
english,bakasekai/_bsm_negative_ideas_l_japanese.yml,food_insecurity_desc,食料は十分にあるはずなのに、なぜか国民は常に飢えている。流通の問題か、それとも食料そのものに何か秘密があるのか。謎は深まるばかりだ。
english,bakasekai/_bsm_negative_ideas_l_japanese.yml,fraying_of_reality,現実の綻び
english,bakasekai/_bsm_negative_ideas_l_japanese.yml,fraying_of_reality_desc,現実そのものが、綻び始めている。物理法則は気まぐれに変わり、存在しないはずのものが現れ、存在するはずのものが消える。我々の認識は、もはや何の役にも立たない。
english,bakasekai/_bsm_negative_ideas_l_japanese.yml,galaxy_brain,ギャラクシー・ブレイン
english,bakasekai/_bsm_negative_ideas_l_japanese.yml,galaxy_brain_desc,我々の指導者の思考は、常人の理解をはるかに超えている。彼の計画は宇宙的規模であり、あまりにも壮大すぎて、誰もついていけない。
english,bakasekai/_bsm_negative_ideas_l_japanese.yml,geometric_curse,幾何学の呪縛
english,bakasekai/_bsm_negative_ideas_l_japanese.yml,geometric_curse_desc,この世界のあらゆるものが、不気味なほど正確な幾何学模様を描き始めている。それは美しいが、同時に言い知れぬ恐怖を見る者に与える。
english,bakasekai/_bsm_negative_ideas_l_japanese.yml,ghost_hack,ゴーストハック
english,bakasekai/_bsm_negative_ideas_l_japanese.yml,ghost_hack_desc,電脳化された人々の「ゴースト」が、何者かによってハッキングされている。記憶は改竄され、人々は操り人形のように動かされる。
english,bakasekai/_bsm_negative_ideas_l_japanese.yml,gods_whim,神々の気まぐれ
english,bakasekai/_bsm_negative_ideas_l_japanese.yml,gods_whim_desc,神々は気まぐれだ。彼らの遊び心一つで、国は栄え、あるいは滅びる。我々の運命は、常に賽の目の上にある。
english,bakasekai/_bsm_negative_ideas_l_japanese.yml,gods_wrath,神々の怒り
english,bakasekai/_bsm_negative_ideas_l_japanese.yml,gods_wrath_desc,神々の怒りに触れてしまった。天変地異が国を襲い、人々はなす術もなく滅びていく。我々は、あまりにも無力だ。
english,bakasekai/_bsm_negative_ideas_l_japanese.yml,grumpy_nation,不機嫌な国民
english,bakasekai/_bsm_negative_ideas_l_japanese.yml,grumpy_nation_desc,国民は常に不機嫌だ。何に対しても文句を言い、些細なことで怒り出す。この国に笑顔は存在しない。
english,bakasekai/_bsm_negative_ideas_l_japanese.yml,hallucinatory_forest,幻覚の森
english,bakasekai/_bsm_negative_ideas_l_japanese.yml,hallucinatory_forest_desc,その森に足を踏み入れた者は、強烈な幻覚を見るという。最も美しい思い出、あるいは最も恐ろしい悪夢。多くの者が、幻覚から覚めることなく森の住人となった。
english,bakasekai/_bsm_negative_ideas_l_japanese.yml,happy_meal_syndrome,ハッピーミール症候群
english,bakasekai/_bsm_negative_ideas_l_japanese.yml,happy_meal_syndrome_desc,マクドナルドのおまけのおもちゃを集めることに、国民は人生の全てを捧げている。彼らにとって、国家の危機よりもコンプリートできないことの方が重大な問題らしい。
english,bakasekai/_bsm_negative_ideas_l_japanese.yml,headbanging_hell,ヘドバン地獄
english,bakasekai/_bsm_negative_ideas_l_japanese.yml,headbanging_hell_desc,国民的音楽としてヘヴィメタルが採用された結果、国民は四六時中ヘッドバンギングをするようになった。首への負担が大きく、労働効率は著しく低下している。
english,bakasekai/_bsm_negative_ideas_l_japanese.yml,heretical_cult,異端カルト
english,bakasekai/_bsm_negative_ideas_l_japanese.yml,heretical_cult_desc,主流の教えから外れた異端のカルトが、急速に信者を増やしている。彼らの教えは過激で、社会の安定を脅かしている。
english,bakasekai/_bsm_negative_ideas_l_japanese.yml,hidden_pain,隠された痛み
english,bakasekai/_bsm_negative_ideas_l_japanese.yml,hidden_pain_desc,国民は笑顔の仮面の下に、深い痛みを隠している。しかし、誰もその痛みを打ち明けようとはしない。社会は静かな絶望に満ちている。
english,bakasekai/_bsm_negative_ideas_l_japanese.yml,hijacked_mind,乗っ取られた精神
english,bakasekai/_bsm_negative_ideas_l_japanese.yml,hijacked_mind_desc,指導者の精神は、何者かに乗っ取られている。彼の言葉も、彼の行動も、全ては操り人形のそれにすぎない。我々は、見えざる敵に支配されているのだ。
english,bakasekai/_bsm_negative_ideas_l_japanese.yml,historical_revisionism_chaos,歴史修正主義の混乱
english,bakasekai/_bsm_negative_ideas_l_japanese.yml,historical_revisionism_chaos_desc,歴史の教科書が毎日書き換えられるため、学生たちは何が真実なのか全く分からなくなっている。昨日の英雄は今日の国賊であり、その逆もまた然りだ。
english,bakasekai/_bsm_negative_ideas_l_japanese.yml,ideological_struggle_hinul,イデオロギー闘争（胸）
english,bakasekai/_bsm_negative_ideas_l_japanese.yml,ideological_struggle_hinul_desc,「国力とは胸の大きさである」と主張する『巨乳主義』と、「平坦こそ至高」と説く『貧乳主義』の対立が激化している。国家の重要課題は、今や完全に二の次だ。
english,bakasekai/_bsm_negative_ideas_l_japanese.yml,ideological_struggle_kyonu,イデオロギー闘争（胸）
english,bakasekai/_bsm_negative_ideas_l_japanese.yml,ideological_struggle_kyonu_desc,「国力とは胸の大きさである」と主張する『巨乳主義』と、「平坦こそ至高」と説く『貧乳主義』の対立が激化している。国家の重要課題は、今や完全に二の次だ。
english,bakasekai/_bsm_negative_ideas_l_japanese.yml,imminent_collapse,崩壊の危機
english,bakasekai/_bsm_negative_ideas_l_japanese.yml,imminent_collapse_desc,社会のあらゆる部分が軋みを上げ、崩壊は目前に迫っている。政府も国民も、もはや打つ手なく、ただ運命の日を待つばかりだ。
english,bakasekai/_bsm_negative_ideas_l_japanese.yml,inappropriate_dance,不謹慎なダンス
english,bakasekai/_bsm_negative_ideas_l_japanese.yml,inappropriate_dance_desc,葬式でも、降伏調印式でも、国民は場所をわきまえず陽気なダンスを踊りだす。これにより、諸外国との関係は常に最悪だ。
english,bakasekai/_bsm_negative_ideas_l_japanese.yml,inappropriate_humor,不謹慎なユーモア
english,bakasekai/_bsm_negative_ideas_l_japanese.yml,inappropriate_humor_desc,この国のジョークは、致命的に面白くない上に、常に不謹慎だ。外交の場で披露されるジョークは、しばしば戦争の引き金となる。
english,bakasekai/_bsm_negative_ideas_l_japanese.yml,inclination_towards_mysticism,神秘主義への傾倒
english,bakasekai/_bsm_negative_ideas_l_japanese.yml,inclination_towards_mysticism_desc,科学や論理よりも、占い、魔術、水晶玉といった神秘主義が信頼されている。国家の運命は、星の配置によって決められる。
english,bakasekai/_bsm_negative_ideas_l_japanese.yml,incomplete_map,不完全な地図
english,bakasekai/_bsm_negative_ideas_l_japanese.yml,incomplete_map_desc,国土の形が変わりすぎて、誰も正確な地図を描けない。測量チームは出発したきり戻ってこないし、報告される情報はいつも食い違っている。敵がどこにいるのかすら、我々には分からない。
english,bakasekai/_bsm_negative_ideas_l_japanese.yml,inefficient_calculation,非効率な計算法
english,bakasekai/_bsm_negative_ideas_l_japanese.yml,inefficient_calculation_desc,国民は独自の、そして信じられないほど非効率な計算法を編み出してしまった。円周率は3だし、九九は誰も覚えていない。あらゆる計算に膨大な時間がかかり、計画は常に遅延する。
english,bakasekai/_bsm_negative_ideas_l_japanese.yml,inevitable_doom,避けられぬ破滅
english,bakasekai/_bsm_negative_ideas_l_japanese.yml,inevitable_doom_desc,あらゆる予言が、あらゆる計算が、この国の破滅を示している。いかなる抵抗も無意味。我々にできるのは、ただ運命を受け入れることだけだ。
english,bakasekai/_bsm_negative_ideas_l_japanese.yml,infinite_meditation,無限の瞑想
english,bakasekai/_bsm_negative_ideas_l_japanese.yml,infinite_meditation_desc,兵士たちは、悟りを開くために無限の瞑想に入ってしまった。彼らが戦場に戻ってくることは、もうないだろう。
english,bakasekai/_bsm_negative_ideas_l_japanese.yml,insect_erosion,蟲の侵食
english,bakasekai/_bsm_negative_ideas_l_japanese.yml,insect_erosion_desc,禁断の蟲をその身に宿した者は、強大な力を得る代わりに、その命を蝕まれていく。彼らの命は、風前の灯火だ。
english,bakasekai/_bsm_negative_ideas_l_japanese.yml,international_scandal,国際的スキャンダル
english,bakasekai/_bsm_negative_ideas_l_japanese.yml,international_scandal_desc,滋賀会議で交わされた秘密の取引内容が暴露され、我が国の立場は大きく揺らいでいる。国民は政府を信じなくなり、諸外国は我々を軽蔑の目で見ている。外交の舞台から締め出されるのも時間の問題だろう。
english,bakasekai/_bsm_negative_ideas_l_japanese.yml,is_this_loss,Is This Loss?
english,bakasekai/_bsm_negative_ideas_l_japanese.yml,is_this_loss_desc,あらゆる状況報告が、4コマ漫画の「Loss」のフォーマットで提出される。司令官たちは、それが本当に損失報告なのか、それともただのミームなのか判断に苦慮している。
english,bakasekai/_bsm_negative_ideas_l_japanese.yml,junk_food_pandemic,ジャンクフード蔓延
english,bakasekai/_bsm_negative_ideas_l_japanese.yml,junk_food_pandemic_desc,栄養バランスを考えられる者がいなくなった結果、国民はジャンクフードばかりを食べるようになった。体力は低下し、健康問題が深刻化している。
english,bakasekai/_bsm_negative_ideas_l_japanese.yml,knowledge_overload,知識の過負荷
english,bakasekai/_bsm_negative_ideas_l_japanese.yml,knowledge_overload_desc,あまりにも多くの知識が、一度に脳に流れ込んでくる。人々は情報処理の限界を超え、思考を停止してしまった。知性は、時に毒となる。
english,bakasekai/_bsm_negative_ideas_l_japanese.yml,knowledge_turned_to_ash,灰燼に帰した知
english,bakasekai/_bsm_negative_ideas_l_japanese.yml,knowledge_turned_to_ash_desc,国立図書館で焚火をしたバカがいたらしい。人類の叡智が詰まった蔵書は、一夜にして全て灰となった。我々はまたイチからやり直さなければならない。
english,bakasekai/_bsm_negative_ideas_l_japanese.yml,land_subsidence,地盤沈下
english,bakasekai/_bsm_negative_ideas_l_japanese.yml,land_subsidence_desc,過剰な地下資源の採掘が原因か、国土のあちこちで地盤沈下が起きている。道路は寸断され、建物は傾き、インフラは崩壊寸前だ。
english,bakasekai/_bsm_negative_ideas_l_japanese.yml,language_barrier,言語の壁
english,bakasekai/_bsm_negative_ideas_l_japanese.yml,language_barrier_desc,国内で方言が分化しすぎた結果、もはや国民同士の意思疎通が不可能になった。命令は伝わらず、計画は共有されず、国家としての一体感は完全に失われた。
english,bakasekai/_bsm_negative_ideas_l_japanese.yml,legitimacy_crisis,正統性の危機
english,bakasekai/_bsm_negative_ideas_l_japanese.yml,legitimacy_crisis_desc,滋賀会議による一方的な国境線の変更と、企業の横暴な州買収により、政府の正統性は地に落ちた。国民は「誰が本当の支配者なのか？」と疑心暗鬼になっている。
english,bakasekai/_bsm_negative_ideas_l_japanese.yml,liberation_from_the_secular_world,世俗からの解放
english,bakasekai/_bsm_negative_ideas_l_japanese.yml,liberation_from_the_secular_world_desc,人々は物質的な豊かさを捨て、精神的な充足を求めるようになった。その結果、経済活動は完全に停止した。悟りを開くのと国が滅びるのと、どちらが先だろうか。
english,bakasekai/_bsm_negative_ideas_l_japanese.yml,longing_for_the_stars,星への憧憬
english,bakasekai/_bsm_negative_ideas_l_japanese.yml,longing_for_the_stars_desc,人々は地上での生活に絶望し、星の世界に救いを求めている。誰もが夜空を見上げ、ここではないどこかへ行くことを夢見ている。
english,bakasekai/_bsm_negative_ideas_l_japanese.yml,loss_of_emotion,感情の消失
english,bakasekai/_bsm_negative_ideas_l_japanese.yml,loss_of_emotion_desc,人々は感情を失った。喜びも、悲しみも、怒りも。彼らはただ、プログラムされた機械のように、淡々と日々を過ごしている。
english,bakasekai/_bsm_negative_ideas_l_japanese.yml,loss_of_the_compass,羅針盤の喪失
english,bakasekai/_bsm_negative_ideas_l_japanese.yml,loss_of_the_compass_desc,地殻変動の影響で地磁気が狂い、もはや羅針盤は機能しない。船乗りたちは星を読むこともできず、ただ勘だけを頼りに大海原を彷徨っている。
english,bakasekai/_bsm_negative_ideas_l_japanese.yml,lost_coincidence,失われた偶然
english,bakasekai/_bsm_negative_ideas_l_japanese.yml,lost_coincidence_desc,この世界から、偶然という概念が失われた。全ての出来事は必然となり、運命は変えられないものとなった。人々の自由意志は、もはや存在しない。
english,bakasekai/_bsm_negative_ideas_l_japanese.yml,lost_forging_technology,失われた鍛造技術
english,bakasekai/_bsm_negative_ideas_l_japanese.yml,lost_forging_technology_desc,かつては強靭な鋼鉄を生み出した鍛冶技術も、今や昔の話。職人たちはハンマーの振り方すら忘れ、出来上がるのはナマクラばかりだ。これでは戦などできない。
english,bakasekai/_bsm_negative_ideas_l_japanese.yml,lost_guiding_light,失われた導きの光
english,bakasekai/_bsm_negative_ideas_l_japanese.yml,lost_guiding_light_desc,指導者が指し示す方向は、いつも間違っている。彼の言葉を信じる者はもはや誰もおらず、国家は進むべき道を見失ってしまった。
english,bakasekai/_bsm_negative_ideas_l_japanese.yml,lost_in_the_sky,空の迷子
english,bakasekai/_bsm_negative_ideas_l_japanese.yml,lost_in_the_sky_desc,我が国のパイロットたちは、離陸するとすぐに自分の位置が分からなくなる持病を抱えている。彼らはしばしば敵国の上空をのんびりと飛行し、国際問題を引き起こす。
english,bakasekai/_bsm_negative_ideas_l_japanese.yml,lost_research_team,失われた研究チーム
english,bakasekai/_bsm_negative_ideas_l_japanese.yml,lost_research_team_desc,未知の領域へ派遣された研究チームからの連絡が途絶えた。彼らは貴重な知識と共に、ジャングルの奥地か、砂漠の真ん中か、あるいは時空の狭間へと消えてしまった。
english,bakasekai/_bsm_negative_ideas_l_japanese.yml,lost_sound,失われた音
english,bakasekai/_bsm_negative_ideas_l_japanese.yml,lost_sound_desc,特定の周波数の音が、世界から完全に失われた。それは音楽の一部であり、言葉の一部であり、機械の作動音の一部であった。世界はどこか不完全になった。
english,bakasekai/_bsm_negative_ideas_l_japanese.yml,mafia_retaliation,マフィアの報復
english,bakasekai/_bsm_negative_ideas_l_japanese.yml,mafia_retaliation_desc,政府がマフィアのボスを間違えて逮捕して以来、彼らの報復は熾烈を極めている。要人の暗殺、施設の破壊が日常的に行われ、国の治安は崩壊した。
english,bakasekai/_bsm_negative_ideas_l_japanese.yml,mass_hallucination,集団幻覚
english,bakasekai/_bsm_negative_ideas_l_japanese.yml,mass_hallucination_desc,国民は、存在しない敵との戦いを続けている。彼らの目には、隣人が怪物に見え、街は戦場に映る。この集団幻覚から、覚める日は来るのだろうか。
english,bakasekai/_bsm_negative_ideas_l_japanese.yml,mass_hysteria,集団ヒステリー
english,bakasekai/_bsm_negative_ideas_l_japanese.yml,mass_hysteria_desc,「隣人が宇宙人だ！」「政府はトカゲ人間に乗っ取られている！」根も葉もない噂が国中を駆け巡り、人々は集団ヒステリーに陥っている。社会は大混乱だ。
english,bakasekai/_bsm_negative_ideas_l_japanese.yml,medical_distrust,医療不信
english,bakasekai/_bsm_negative_ideas_l_japanese.yml,medical_distrust_desc,「医者は信用できない」という風潮が広まり、人々は病気や怪我を民間療法や気合で治そうとする。当然、死亡率は劇的に上昇した。
english,bakasekai/_bsm_negative_ideas_l_japanese.yml,mental_contamination,精神汚染
english,bakasekai/_bsm_negative_ideas_l_japanese.yml,mental_contamination_desc,どこからか流れ込んでくる謎の思念が、人々の精神を汚染していく。感染者は徐々に正気を失い、奇妙な行動を繰り返すようになる。
english,bakasekai/_bsm_negative_ideas_l_japanese.yml,mental_erosion_wave,精神侵食音波
english,bakasekai/_bsm_negative_ideas_l_japanese.yml,mental_erosion_wave_desc,特定の周波数の音波が、人々の精神を蝕んでいる。それは思考を混乱させ、理性を麻痺させる。音の届かない場所など、どこにもない。
english,bakasekai/_bsm_negative_ideas_l_japanese.yml,mistranslation,誤訳
english,bakasekai/_bsm_negative_ideas_l_japanese.yml,mistranslation_desc,翻訳家が全員バカになったため、外国からのメッセージは常に誤訳される。「和平交渉」は「宣戦布告」に、「友好の証」は「侮辱」に。外交関係は最悪だ。
english,bakasekai/_bsm_negative_ideas_l_japanese.yml,muddled_memories,混濁する記憶
english,bakasekai/_bsm_negative_ideas_l_japanese.yml,muddled_memories_desc,人々の記憶は、混濁し始めている。自分の名前すら思い出せない者もいる。過去を失った民族に、未来はあるのだろうか。
english,bakasekai/_bsm_negative_ideas_l_japanese.yml,mysterious_explosion_at_research_facility,研究施設の謎の爆発
english,bakasekai/_bsm_negative_ideas_l_japanese.yml,mysterious_explosion_at_research_facility_desc,それは事故だったのか、あるいは何者かの妨害工作か。最新鋭の研究施設で起きた爆発は、多くの謎を残して我々の科学技術を過去のものにした。
english,bakasekai/_bsm_negative_ideas_l_japanese.yml,mysterious_fusion,謎の結合
english,bakasekai/_bsm_negative_ideas_l_japanese.yml,mysterious_fusion_desc,物理的な法則を無視して、あらゆるものが結合し始めている。戦車と歩兵が一体化し、戦闘機と爆撃機が融合する。兵器の運用は混沌を極めている。
english,bakasekai/_bsm_negative_ideas_l_japanese.yml,mysterious_plague,謎の疫病
english,bakasekai/_bsm_negative_ideas_l_japanese.yml,mysterious_plague_desc,感染すると、なぜか誰もが詩人になってしまう奇妙な病が流行している。労働者たちは仕事を放棄し、愛と人生について一日中語り合っている。
english,bakasekai/_bsm_negative_ideas_l_japanese.yml,national_unhealthiness,国民総不健康
english,bakasekai/_bsm_negative_ideas_l_japanese.yml,national_unhealthiness_desc,健康とは何か、誰も知らない。医師は占い師になり、病院は社交場になった。国民の平均寿命は、もはや中世レベルにまで落ち込んでいる。
english,bakasekai/_bsm_negative_ideas_l_japanese.yml,nationwide_blackout,全国大停電
english,bakasekai/_bsm_negative_ideas_l_japanese.yml,nationwide_blackout_desc,誰かが発電所のメインスイッチをイタズラで切ってしまった。国中の電力が失われ、復旧の目処は立っていない。産業は麻痺し、夜は闇に包まれている。
english,bakasekai/_bsm_negative_ideas_l_japanese.yml,never_gonna_give_you_up,Never Gonna Give You Up
english,bakasekai/_bsm_negative_ideas_l_japanese.yml,never_gonna_give_you_up_desc,政府は国民を決して諦めない。見捨てない。あちこち走り回って、国民をがっかりさせない。たとえそれがストーカー行為だと思われても。
english,bakasekai/_bsm_negative_ideas_l_japanese.yml,nightmare,悪夢
english,bakasekai/_bsm_negative_ideas_l_japanese.yml,nightmare_desc,毎晩、国民は同じ悪夢を見る。それは国の滅亡を暗示する、あまりにもリアルな夢だ。誰もが寝不足で、日中の活動に支障をきたしている。
english,bakasekai/_bsm_negative_ideas_l_japanese.yml,nightmare_of_nightmare,ナイトメアの悪夢
english,bakasekai/_bsm_negative_ideas_l_japanese.yml,nightmare_of_nightmare_desc,ギアスによって書き換えられた記憶は、悪夢となって人々を苛む。何が真実で、何が偽りなのか。もはや誰にも分からない。
english,bakasekai/_bsm_negative_ideas_l_japanese.yml,nyan_cat_propulsion,ニャンキャット推進
english,bakasekai/_bsm_negative_ideas_l_japanese.yml,nyan_cat_propulsion_desc,我が国の推進技術は、虹を吐きながら宇宙を駆ける猫に基づいている。その速度は驚異的だが、エネルギー効率は最悪で、常に虹色の排気ガス問題に悩まされている。
english,bakasekai/_bsm_negative_ideas_l_japanese.yml,nyankopedia,にゃんこペディア
english,bakasekai/_bsm_negative_ideas_l_japanese.yml,nyankopedia_desc,世界で最も信頼性のない百科事典、「にゃんこペディア」が唯一の情報源となっている。この記事に書かれていることは、たぶん嘘だにゃ。
english,bakasekai/_bsm_negative_ideas_l_japanese.yml,ominous_sign,凶兆
english,bakasekai/_bsm_negative_ideas_l_japanese.yml,ominous_sign_desc,カラスが不吉な声で鳴き、黒猫が道を横切り、夜空には赤い月が昇る。ありとあらゆる凶兆が、この国の未来が暗いことを示している。
english,bakasekai/_bsm_negative_ideas_l_japanese.yml,outdated_tactics,時代遅れの戦術
english,bakasekai/_bsm_negative_ideas_l_japanese.yml,outdated_tactics_desc,将軍たちは、未だに塹壕と銃剣突撃が最良の戦術だと信じて疑わない。電撃戦？なにそれ、美味しいの？
english,bakasekai/_bsm_negative_ideas_l_japanese.yml,overly_sensitive_observation_haki,過敏な見聞色
english,bakasekai/_bsm_negative_ideas_l_japanese.yml,overly_sensitive_observation_haki_desc,見聞色の覇気が鋭敏になりすぎた結果、兵士たちは周囲のあらゆる声を聞き取ってしまうようになった。敵の声、味方の声、そして死者の声まで。彼らは精神を病みつつある。
english,bakasekai/_bsm_negative_ideas_l_japanese.yml,overreaction,オーバーリアクション
english,bakasekai/_bsm_negative_ideas_l_japanese.yml,overreaction_desc,国民は些細なことにも、まるで世界の終わりのように反応する。紙で指を切れば失神し、雨が降れば号泣する。社会は感情のジェットコースターだ。
english,bakasekai/_bsm_negative_ideas_l_japanese.yml,overwhelming_life_fibers,人衣圧倒
english,bakasekai/_bsm_negative_ideas_l_japanese.yml,overwhelming_life_fibers_desc,生命戦維が人の意思を乗っ取り、服が人間を支配する。この圧倒的な力の前に、人の自由意志は無力だ。
english,bakasekai/_bsm_negative_ideas_l_japanese.yml,parasite,パラサイト
english,bakasekai/_bsm_negative_ideas_l_japanese.yml,parasite_desc,人々の脳に寄生する未知の寄生体が発見された。宿主を操り、自らの生存と繁殖のためだけに行動させる。もはや誰が味方で、誰が敵なのか分からない。
english,bakasekai/_bsm_negative_ideas_l_japanese.yml,perfect_silence,完全なる静寂
english,bakasekai/_bsm_negative_ideas_l_japanese.yml,perfect_silence_desc,ある日突然、世界から全ての音が消えた。会話も、機械音も、風の音さえも。この完全な静寂は、人々の精神をゆっくりと蝕んでいく。
english,bakasekai/_bsm_negative_ideas_l_japanese.yml,permafrost,永久凍土
english,bakasekai/_bsm_negative_ideas_l_japanese.yml,permafrost_desc,夏でも溶けることのない永久凍土が、国土の大部分を覆ってしまった。農業は不可能となり、インフラ建設も困難を極める。
english,bakasekai/_bsm_negative_ideas_l_japanese.yml,pessimism,悲観主義
english,bakasekai/_bsm_negative_ideas_l_japanese.yml,pessimism_desc,「どうせ何をやっても無駄だ」「我々はもう終わりだ」という考えが国中に蔓延している。この悲観的な空気は、人々の挑戦する意欲を根こそぎ奪い去っていく。
english,bakasekai/_bsm_negative_ideas_l_japanese.yml,phantom_of_bald,バルドの幻影
english,bakasekai/_bsm_negative_ideas_l_japanese.yml,phantom_of_bald_desc,伝説の英雄バルドの幻影が、戦場に現れるという。その姿は味方を鼓舞するが、時に敵味方の区別なく混乱を引き起こす。
english,bakasekai/_bsm_negative_ideas_l_japanese.yml,phase_shift_down,フェイズシフトダウン
english,bakasekai/_bsm_negative_ideas_l_japanese.yml,phase_shift_down_desc,装甲が赤く光り輝く時、それはエネルギー切れの合図だ。見掛け倒しの防御力は、敵の攻撃の前にもろくも崩れ去るだろう。
english,bakasekai/_bsm_negative_ideas_l_japanese.yml,pop_team_epic,ポプテピピック
english,bakasekai/_bsm_negative_ideas_l_japanese.yml,pop_team_epic_desc,怒った？怒ってないよ。この国民精神は、あらゆる予測と論理を破壊する。何が起こるか、誰にも分からない。たぶん大丈夫、知らんけど。
english,bakasekai/_bsm_negative_ideas_l_japanese.yml,possession_by_loa,ロアの憑依
english,bakasekai/_bsm_negative_ideas_l_japanese.yml,possession_by_loa_desc,ヴードゥーの精霊「ロア」が、国民に憑依する現象が多発している。憑依された者は超人的な力を発揮するが、代償として理性を失う。
english,bakasekai/_bsm_negative_ideas_l_japanese.yml,present_day_present_time,"Present Day, Present Time"
english,bakasekai/_bsm_negative_ideas_l_japanese.yml,present_day_present_time_desc,笑いましょう、笑って。この世界は狂っている。さあ、ネットワークの片隅で、あなたも一緒に笑いましょう。
english,bakasekai/_bsm_negative_ideas_l_japanese.yml,pressure_of_a_hero,英雄の重圧
english,bakasekai/_bsm_negative_ideas_l_japanese.yml,pressure_of_a_hero_desc,英雄であることは、あまりにも重い。国民の期待、国家の運命、その全てが一人の肩にかかっている。その重圧は、英雄の心を少しずつ蝕んでいく。
english,bakasekai/_bsm_negative_ideas_l_japanese.yml,pressure_point_commentary,秘孔解説
english,bakasekai/_bsm_negative_ideas_l_japanese.yml,pressure_point_commentary_desc,兵士たちは、敵を倒すたびに「お前はもう死んでいる」と言いながら、どの秘孔を突いたかを懇切丁寧に解説する。その隙に、他の敵にやられることが多々ある。
english,bakasekai/_bsm_negative_ideas_l_japanese.yml,price_of_immortality,不老不死の代償
english,bakasekai/_bsm_negative_ideas_l_japanese.yml,price_of_immortality_desc,我々は不老不死を手に入れた。しかし、その代償として、成長も、変化も、そして生きる意味さえも失ってしまった。永遠の時は、退屈な地獄だ。
english,bakasekai/_bsm_negative_ideas_l_japanese.yml,prophecy_of_the_broken_sword,妖刀の呪い
english,bakasekai/_bsm_negative_ideas_l_japanese.yml,prophecy_of_the_broken_sword_desc,この妖刀を手にした者は、強大な力を得る代わりに、血を求めて狂うという。その刃は、持ち主の魂すらも喰らうだろう。
english,bakasekai/_bsm_negative_ideas_l_japanese.yml,prophecy_of_the_end,終末の予言
english,bakasekai/_bsm_negative_ideas_l_japanese.yml,prophecy_of_the_end_desc,「空が落ち、地が裂け、海が枯れる時、世界は終わる」という予言がまことしやかに囁かれている。地殻変動で似たようなことが既に起きているため、妙な信憑性がある。
english,bakasekai/_bsm_negative_ideas_l_japanese.yml,prophetic_words,言霊
english,bakasekai/_bsm_negative_ideas_l_japanese.yml,prophetic_words_desc,この国の指導者が発する言葉には、言霊が宿る。しかし、彼が口にするのは常に不吉な予言ばかりだ。その言葉は現実となり、国を破滅へと導く。
english,bakasekai/_bsm_negative_ideas_l_japanese.yml,public_road_outlaws,公道の無法者
english,bakasekai/_bsm_negative_ideas_l_japanese.yml,public_road_outlaws_desc,交通ルールという概念は存在しない。人々は公道を己の欲望のままに爆走し、日々壮絶なカーチェイスを繰り広げている。補給部隊が無事に前線にたどり着くことは奇跡に近い。
english,bakasekai/_bsm_negative_ideas_l_japanese.yml,radical_strategist,過激な戦術家
english,bakasekai/_bsm_negative_ideas_l_japanese.yml,radical_strategist_desc,新任の戦術家は、あまりにも過激だ。「人的資源は最大の資源である」と称し、兵士の命を駒のように扱う。彼の戦術は、勝利と引き換えに膨大な犠牲を強いる。
english,bakasekai/_bsm_negative_ideas_l_japanese.yml,rampaging_genes,暴走する遺伝子
english,bakasekai/_bsm_negative_ideas_l_japanese.yml,rampaging_genes_desc,遺伝子操作の失敗は、恐ろしい怪物たちを生み出した。彼らは研究所を脱走し、今や生態系の頂点に君臨しようとしている。
english,bakasekai/_bsm_negative_ideas_l_japanese.yml,rampaging_sword,荒ぶる神剣
english,bakasekai/_bsm_negative_ideas_l_japanese.yml,rampaging_sword_desc,神剣はその力を解放したが、主はまだその力を制御できていない。あまりにも強大な力は、敵だけでなく味方や、時には国そのものをも傷つける。
english,bakasekai/_bsm_negative_ideas_l_japanese.yml,reading_steiner_overload,リーディング・シュタイナーの過負荷
english,bakasekai/_bsm_negative_ideas_l_japanese.yml,reading_steiner_overload_desc,世界線を超えるたびに、記憶は上書きされていく。繰り返される悲劇の記憶は、彼の精神を限界まで追い詰めている。
english,bakasekai/_bsm_negative_ideas_l_japanese.yml,research_facility_collapse,研究施設崩壊
english,bakasekai/_bsm_negative_ideas_l_japanese.yml,research_facility_collapse_desc,無理な研究が祟ったのか、あるいは単なる建設ミスか。国内有数の研究施設が突如として崩壊した。多くの貴重なデータと人材が失われ、科学技術は大きな打撃を受けた。
english,bakasekai/_bsm_negative_ideas_l_japanese.yml,research_facility_explosion,研究施設の大爆発
english,bakasekai/_bsm_negative_ideas_l_japanese.yml,research_facility_explosion_desc,国際酸素生成合弁会社の跡地で、原因不明の大爆発が発生した。過剰に溜め込まれていた酸素が何かに引火したらしい。周辺地域は壊滅し、研究基盤は完全に失われた。
english,bakasekai/_bsm_negative_ideas_l_japanese.yml,resurrection_of_the_mad_monk,怪僧の復活
english,bakasekai/_bsm_negative_ideas_l_japanese.yml,resurrection_of_the_mad_monk_desc,歴史の闇に葬られたはずの狂信的な僧侶が、なぜか現代に復活した。彼のカリスマは健在で、再び国を混沌の渦に巻き込もうとしている。
english,bakasekai/_bsm_negative_ideas_l_japanese.yml,return_of_the_stupidification_policy,愚民化政策の再来
english,bakasekai/_bsm_negative_ideas_l_japanese.yml,return_of_the_stupidification_policy_desc,かつて世界を破滅寸前に追いやった『教育費ゼロ政策』の悪夢が再び。為政者たちは、民衆が賢いとろくなことがないと考えたようだ。確かに、これ以上バカになりようがない気もするが…。
english,bakasekai/_bsm_negative_ideas_l_japanese.yml,runaway_chakra,チャクラ暴走
english,bakasekai/_bsm_negative_ideas_l_japanese.yml,runaway_chakra_desc,体内のエネルギー「チャクラ」の制御に失敗した者が続出している。彼らは強大な力を手にしたが、その力は自らの肉体を蝕んでいく。
english,bakasekai/_bsm_negative_ideas_l_japanese.yml,runaway_intelligence,暴走する知性
english,bakasekai/_bsm_negative_ideas_l_japanese.yml,runaway_intelligence_desc,バカばかりの世界で、突如として異常な知性を持つ者が現れた。しかし、その知性は社会と協調することなく、予測不能な破壊的活動を繰り返している。天才と狂人は紙一重だというが…。
english,bakasekai/_bsm_negative_ideas_l_japanese.yml,runaway_king_power,暴走する王の力
english,bakasekai/_bsm_negative_ideas_l_japanese.yml,runaway_king_power_desc,「王の力」は、持ち主に絶対的な孤独をもたらす。誰もが彼を恐れ、遠ざける。その力は、国を統べるにはあまりにも強大すぎた。
english,bakasekai/_bsm_negative_ideas_l_japanese.yml,runaway_stand,スタンド暴走
english,bakasekai/_bsm_negative_ideas_l_japanese.yml,runaway_stand_desc,精神エネルギーの具現である「スタンド」が、持ち主の制御を離れて暴走している。町は破壊され、人々はその見えない脅威に怯えている。
english,bakasekai/_bsm_negative_ideas_l_japanese.yml,sea_without_stars,星の見えない海
english,bakasekai/_bsm_negative_ideas_l_japanese.yml,sea_without_stars_desc,夜の海では、なぜか星が見えなくなった。航海士たちは位置を見失い、艦隊は目的の港にたどり着けない。まるで世界から見放されたようだ。
english,bakasekai/_bsm_negative_ideas_l_japanese.yml,self_propagating_machine,自己増殖機械
english,bakasekai/_bsm_negative_ideas_l_japanese.yml,self_propagating_machine_desc,かつて人間が作った機械は、今や自らの意思で増殖を続けている。彼らは資源を食い尽くし、やがてはこの星の全てを覆い尽くすだろう。
english,bakasekai/_bsm_negative_ideas_l_japanese.yml,shaken_faith,信仰の動揺
english,bakasekai/_bsm_negative_ideas_l_japanese.yml,shaken_faith_desc,相次ぐ災厄と指導者の無策により、人々の信仰は根底から揺らいでいる。神は我々を見捨てたのだろうか？
english,bakasekai/_bsm_negative_ideas_l_japanese.yml,shinobi_poison,忍びの毒
english,bakasekai/_bsm_negative_ideas_l_japanese.yml,shinobi_poison_desc,忍びが用いる特殊な毒が、国中に蔓延している。それはゆっくりと人々の体を蝕み、確実に死へと追いやる。
english,bakasekai/_bsm_negative_ideas_l_japanese.yml,side_effects_of_total_concentration,全集中の副作用
english,bakasekai/_bsm_negative_ideas_l_japanese.yml,side_effects_of_total_concentration_desc,全集中の呼吸は、身体能力を飛躍的に向上させるが、その代償は大きい。兵士たちは常に疲弊し、長期間の作戦行動には耐えられない。
english,bakasekai/_bsm_negative_ideas_l_japanese.yml,space_cult,宇宙カルト
english,bakasekai/_bsm_negative_ideas_l_japanese.yml,space_cult_desc,「ハレー彗星は我らを救うために来た」と主張するカルトが大流行している。彼らは全財産を投じて巨大な宇宙船（ハリボテ）を建造し、来るべきその日を待っている。
english,bakasekai/_bsm_negative_ideas_l_japanese.yml,startling_fact,驚愕の事実
english,bakasekai/_bsm_negative_ideas_l_japanese.yml,startling_fact_desc,最近、我々が呼吸しているのは酸素ではなく、実は硫黄ガスだったという驚愕の事実が判明した。国際酸素生成合弁会社はいったい何のために…？
english,bakasekai/_bsm_negative_ideas_l_japanese.yml,state_of_mu,無の境地
english,bakasekai/_bsm_negative_ideas_l_japanese.yml,state_of_mu_desc,国民はあらゆる執着を捨て、「無」の境地に達した。欲望も、感情も、そして生きる意志さえも失ってしまった。
english,bakasekai/_bsm_negative_ideas_l_japanese.yml,steamed_hams,スチームド・ハム
english,bakasekai/_bsm_negative_ideas_l_japanese.yml,steamed_hams_desc,政府は、明らかな失敗を「スチームド・ハム」だと言い張ることで乗り切ろうとする。オーロラが発生しても、「あれは厨房の蒸気だ」と主張する。
english,bakasekai/_bsm_negative_ideas_l_japanese.yml,stonks,Stonks!
english,bakasekai/_bsm_negative_ideas_l_japanese.yml,stonks_desc,経済指標が下落しているにもかかわらず、人々は「株価は上がっている！」と信じて疑わない。この根拠のない楽観主義は、いつか破綻するだろう。
english,bakasekai/_bsm_negative_ideas_l_japanese.yml,stretching_building_materials,伸びる建材
english,bakasekai/_bsm_negative_ideas_l_japanese.yml,stretching_building_materials_desc,我が国で開発された新素材は、ゴムのように伸びる。これにより建設は容易になったが、完成した建物は風が吹くたびにぐにゃぐにゃと揺れ、誰も中に入りたがらない。
english,bakasekai/_bsm_negative_ideas_l_japanese.yml,sulfur_gas_pollution,硫黄ガス汚染
english,bakasekai/_bsm_negative_ideas_l_japanese.yml,sulfur_gas_pollution_desc,ハレー彗星がもたらすとされた硫黄ガスは、結局のところ大した量ではなかった。しかし、過剰に反応した酸素会社が排出した謎のガスは、国土の一部を永続的に汚染してしまった。ここに住む人々の健康が蝕まれている。
english,bakasekai/_bsm_negative_ideas_l_japanese.yml,supernatural_phenomenon,超常現象
english,bakasekai/_bsm_negative_ideas_l_japanese.yml,supernatural_phenomenon_desc,ポルターガイスト、人体発火、テレポーテーション。常識では説明のつかない超常現象が、国内で頻発している。科学は完全に無力だ。
english,bakasekai/_bsm_negative_ideas_l_japanese.yml,surgery_on_a_grape,ブドウの手術
english,bakasekai/_bsm_negative_ideas_l_japanese.yml,surgery_on_a_grape_desc,我が国の科学技術は、一粒のブドウに精密な外科手術を施すほどに進歩した。しかし、その技術を人間の治療や兵器開発に応用する方法は、まだ見つかっていない。
english,bakasekai/_bsm_negative_ideas_l_japanese.yml,sweet_temptation,甘い誘惑
english,bakasekai/_bsm_negative_ideas_l_japanese.yml,sweet_temptation_desc,国民の間で謎のスイーツが大流行している。その甘美な誘惑の前では、労働の意欲も国家への忠誠も無意味らしい。人々はただ、次のスイーツのために列をなしている。
english,bakasekai/_bsm_negative_ideas_l_japanese.yml,synchro_rate_contamination,シンクロ率汚染
english,bakasekai/_bsm_negative_ideas_l_japanese.yml,synchro_rate_contamination_desc,汎用人型決戦兵器とのシンクロ率が高まりすぎた結果、パイロットの精神は汚染されつつある。彼らはもはや、兵器なのか人間なのか分からない。
english,bakasekai/_bsm_negative_ideas_l_japanese.yml,synesthesia_confusion,共感覚混乱
english,bakasekai/_bsm_negative_ideas_l_japanese.yml,synesthesia_confusion_desc,共感覚が、国民の間で無秩序に発現している。音に味を感じ、色に匂いを感じる。世界はあまりにも多くの情報で溢れかえり、人々は混乱している。
english,bakasekai/_bsm_negative_ideas_l_japanese.yml,territorial_distortion_horizontal,国土歪曲（横）
english,bakasekai/_bsm_negative_ideas_l_japanese.yml,territorial_distortion_horizontal_desc,地殻変動は我が国の国土をまるで煎餅のように押し広げてしまった。東西の物流は滞り、国土の一体感は失われつつある。もはや別の国と言っても過言ではない。
english,bakasekai/_bsm_negative_ideas_l_japanese.yml,territorial_distortion_vertical,国土歪曲（縦）
english,bakasekai/_bsm_negative_ideas_l_japanese.yml,territorial_distortion_vertical_desc,地殻変動は我が国の国土をまるで麺類のように引き伸ばしてしまった。南北の移動はもはや苦行であり、インフラを整備しようにも、昨日あった場所が今日もあるとは限らない。
english,bakasekai/_bsm_negative_ideas_l_japanese.yml,terror_of_night_flight,夜間飛行の恐怖
english,bakasekai/_bsm_negative_ideas_l_japanese.yml,terror_of_night_flight_desc,夜空には「何か」がいる。夜間飛行に出たパイロットたちは、口を揃えてそう証言し、二度と空を飛びたがらない。夜間の航空作戦は絶望的だ。
english,bakasekai/_bsm_negative_ideas_l_japanese.yml,thermoregulation_failure,体温調節不全
english,bakasekai/_bsm_negative_ideas_l_japanese.yml,thermoregulation_failure_desc,国民は体温調節ができなくなった。常に暑がったり寒がったりしており、まともに活動できない。軍服も、夏服と冬服を同時に着込む奇妙なデザインになった。
english,bakasekai/_bsm_negative_ideas_l_japanese.yml,thirst_for_light,光への渇望
english,bakasekai/_bsm_negative_ideas_l_japanese.yml,thirst_for_light_desc,永い闇と圧政の中、人々は光を渇望している。たとえそれが、身を焼くほどの激しい光であったとしても。
english,bakasekai/_bsm_negative_ideas_l_japanese.yml,this_is_fine,This is Fine
english,bakasekai/_bsm_negative_ideas_l_japanese.yml,this_is_fine_desc,国が炎に包まれていても、国民はコーヒーを飲みながら「大丈夫、問題ない」と呟くだけだ。この異常なまでの現実逃避は、もはや一種の才能かもしれない。
english,bakasekai/_bsm_negative_ideas_l_japanese.yml,thought_leakage,思考の漏洩
english,bakasekai/_bsm_negative_ideas_l_japanese.yml,thought_leakage_desc,考えていることが、周りの人間に筒抜けになってしまう。プライバシーは存在せず、誰もが互いの腹の底を探り合っている。外交交渉など不可能だ。
english,bakasekai/_bsm_negative_ideas_l_japanese.yml,threat_of_giant_creatures,巨大生物の脅威
english,bakasekai/_bsm_negative_ideas_l_japanese.yml,threat_of_giant_creatures_desc,壁の外には、人を捕食する巨大生物が闊歩している。人類に残された生存圏は、あまりにも狭い。
english,bakasekai/_bsm_negative_ideas_l_japanese.yml,time_distortion,時間の歪み
english,bakasekai/_bsm_negative_ideas_l_japanese.yml,time_distortion_desc,時間の流れが歪んでいる。1日が24時間であるとは限らない。過去と未来が交錯し、人々は時間という概念すら失いつつある。
english,bakasekai/_bsm_negative_ideas_l_japanese.yml,time_for_training,修行の時間だ
english,bakasekai/_bsm_negative_ideas_l_japanese.yml,time_for_training_desc,兵士たちは、実戦よりも滝に打たれたり、山に籠ったりする「修行」を重視している。その結果、彼らは不思議な力を手に入れたかもしれないが、近代兵器の使い方は忘れてしまった。
english,bakasekai/_bsm_negative_ideas_l_japanese.yml,time_stop,時よ止まれ！
english,bakasekai/_bsm_negative_ideas_l_japanese.yml,time_stop_desc,誰かが時間を止める能力に目覚めたらしい。しかし、その能力は不完全にしか制御できず、国中で時間が頻繁に停止している。あらゆる計画が遅々として進まない。
english,bakasekai/_bsm_negative_ideas_l_japanese.yml,to_the_moon,To the Moon!
english,bakasekai/_bsm_negative_ideas_l_japanese.yml,to_the_moon_desc,根拠はないが、とにかく月へ行けば全てが解決すると国民は信じている。国家予算のほとんどが、月旅行計画（という名の壮大なピクニック計画）に注ぎ込まれている。
english,bakasekai/_bsm_negative_ideas_l_japanese.yml,tombstone_of_steel,鋼鉄の墓標
english,bakasekai/_bsm_negative_ideas_l_japanese.yml,tombstone_of_steel_desc,かつて栄華を誇った造船所は、今や錆びついた船の墓場と化した。我々は船を修理する技術すら失い、ただ朽ちていくのを眺めることしかできない。
english,bakasekai/_bsm_negative_ideas_l_japanese.yml,toxic_atmosphere,有毒な大気
english,bakasekai/_bsm_negative_ideas_l_japanese.yml,toxic_atmosphere_desc,大気は有毒な物質に満たされている。外に出るにはガスマスクが必須だ。綺麗な空気を吸うことは、もはや贅沢な夢となった。
english,bakasekai/_bsm_negative_ideas_l_japanese.yml,trade_distrust,貿易不信
english,bakasekai/_bsm_negative_ideas_l_japanese.yml,trade_distrust_desc,「外国の品物は毒が入っている」「貿易は国を滅ぼす」といったデマが蔓延し、誰も貿易を行おうとしない。経済は停滞し、必要な資源は常に不足している。
english,bakasekai/_bsm_negative_ideas_l_japanese.yml,two_emperors,二人の皇帝
english,bakasekai/_bsm_negative_ideas_l_japanese.yml,two_emperors_desc,国に二人の皇帝が現れ、互いに正統性を主張している。内戦は避けられないだろう。国民は、どちらにつくべきか選択を迫られている。
english,bakasekai/_bsm_negative_ideas_l_japanese.yml,unbalanced_trade,不均衡な貿易
english,bakasekai/_bsm_negative_ideas_l_japanese.yml,unbalanced_trade_desc,貿易商たちは価値の計算ができないため、鉄1トンとダイヤモンド1キロを交換するような取引を平気で行う。国富はあっという間に海外へ流出していく。
english,bakasekai/_bsm_negative_ideas_l_japanese.yml,uncontrollable_drift,制御不能ドリフト
english,bakasekai/_bsm_negative_ideas_l_japanese.yml,uncontrollable_drift_desc,戦車乗りたちは、なぜか常にドリフト走行を試みる。その結果、味方を巻き込み、地形を破壊し、作戦を台無しにする。
english,bakasekai/_bsm_negative_ideas_l_japanese.yml,uncontrollable_flame,制御不能な炎
english,bakasekai/_bsm_negative_ideas_l_japanese.yml,uncontrollable_flame_desc,一度火がつくと、誰も消す方法を知らない。消防士たちはただ燃え尽きるのを待つだけだ。この国では、火の用心は何よりも重要である。
english,bakasekai/_bsm_negative_ideas_l_japanese.yml,uncontrollable_wings,制御不能な翼
english,bakasekai/_bsm_negative_ideas_l_japanese.yml,uncontrollable_wings_desc,最新鋭の航空機は、あまりにも高性能すぎた。パイロットの誰もがその力を制御できず、あらぬ方向へ飛んで行ってしまう。翼はもはや呪いでしかない。
english,bakasekai/_bsm_negative_ideas_l_japanese.yml,undefended_border,無防備な国境
english,bakasekai/_bsm_negative_ideas_l_japanese.yml,undefended_border_desc,国境警備隊は、隣国とどちらが国境かでもめて、毎日綱引きをしている。もちろん、その間国境はがら空きだ。
english,bakasekai/_bsm_negative_ideas_l_japanese.yml,unintelligible_knowledge,解読不能な知識
english,bakasekai/_bsm_negative_ideas_l_japanese.yml,unintelligible_knowledge_desc,古代の遺跡から、我々の理解を完全に超えた知識が発見された。それは未来への鍵か、それとも破滅への招待状か。賢者たちは解読を試みているが、今のところ意味のある結果は得られていない。
english,bakasekai/_bsm_negative_ideas_l_japanese.yml,unpredictable_currents,予測不能な海流
english,bakasekai/_bsm_negative_ideas_l_japanese.yml,unpredictable_currents_desc,地殻変動で海岸線が変化した結果、我が国周辺の海流は完全に予測不能となった。熟練の船乗りでさえ航路を見失い、艦隊の行動は著しく制限されている。
english,bakasekai/_bsm_negative_ideas_l_japanese.yml,unsealed,解かれた封印
english,bakasekai/_bsm_negative_ideas_l_japanese.yml,unsealed_desc,封印が解かれ、古代の災厄が蘇った。それは人の手には負えない、神話の時代の脅威だ。
english,bakasekai/_bsm_negative_ideas_l_japanese.yml,unstable_alloy,不安定な合金
english,bakasekai/_bsm_negative_ideas_l_japanese.yml,unstable_alloy_desc,新開発の合金は、特定の条件下で爆発する危険な欠陥を抱えていた。兵士たちは、いつ爆発するとも知れない兵器を使い続けることを強いられている。
english,bakasekai/_bsm_negative_ideas_l_japanese.yml,unstable_power_supply,電力供給不安定
english,bakasekai/_bsm_negative_ideas_l_japanese.yml,unstable_power_supply_desc,発電所の作業員がプラスとマイナスを間違えて接続して以来、電力供給は常に不安定だ。工場は頻繁に停止し、都市の灯りは明滅を繰り返している。夜は特に危険だ。
english,bakasekai/_bsm_negative_ideas_l_japanese.yml,visions,幻視
english,bakasekai/_bsm_negative_ideas_l_japanese.yml,visions_desc,指導者は、しばしば奇妙な幻視を見ると主張している。その幻視に基づいて国家の重大な決定が下されるため、国民は常に不安である。
english,bakasekai/_bsm_negative_ideas_l_japanese.yml,vulnerable_infrastructure,脆弱なインフラ
english,bakasekai/_bsm_negative_ideas_l_japanese.yml,vulnerable_infrastructure_desc,我が国のインフラは豆腐でできているのかもしれない。少しの衝撃ですぐに破壊され、その復旧には途方もない時間がかかる。
english,bakasekai/_bsm_negative_ideas_l_japanese.yml,wall_of_the_heart,心の壁
english,bakasekai/_bsm_negative_ideas_l_japanese.yml,wall_of_the_heart_desc,人々は互いに心を閉ざし、A.T.フィールドを展開している。他者を理解することを拒絶した世界に、未来はない。
english,bakasekai/_bsm_negative_ideas_l_japanese.yml,waning_of_faith,信仰の薄れ
english,bakasekai/_bsm_negative_ideas_l_japanese.yml,waning_of_faith_desc,祈っても何も良いことがないと気づいた人々は、徐々に信仰を捨て始めている。寺院や教会から人影は消え、聖職者たちは転職を考え始めている。
english,bakasekai/_bsm_negative_ideas_l_japanese.yml,war_beat,戦の鼓動
english,bakasekai/_bsm_negative_ideas_l_japanese.yml,war_beat_desc,どこからともなく、戦の鼓動が聞こえてくる。それは人々の心を昂らせ、好戦的にさせる。平和を維持することは、もはや困難だ。
english,bakasekai/_bsm_negative_ideas_l_japanese.yml,water_shortage,水不足
english,bakasekai/_bsm_negative_ideas_l_japanese.yml,water_shortage_desc,川の水がなぜか全部蒸発してしまった。原因は不明。国民は深刻な水不足に苦しみ、水の奪い合いによる暴動が頻発している。
english,bakasekai/_bsm_negative_ideas_l_japanese.yml,we_are_switching_places,入れ替わってるー！？
english,bakasekai/_bsm_negative_ideas_l_japanese.yml,we_are_switching_places_desc,指導者と国民、兵士と民間人、男と女。ある朝起きると、人々の中身がランダムに入れ替わっていた。社会機能は完全に麻痺した。
english,bakasekai/_bsm_negative_ideas_l_japanese.yml,weather_catastrophe,気象カタストロフ
english,bakasekai/_bsm_negative_ideas_l_japanese.yml,weather_catastrophe_2,気象カタストロフ
english,bakasekai/_bsm_negative_ideas_l_japanese.yml,weather_catastrophe_2_desc,気象カタストロフは、新たな段階に入った。もはやそれは災害ではなく、恒久的な環境そのものだ。我々は、この極限環境で生き抜かなければならない。
english,bakasekai/_bsm_negative_ideas_l_japanese.yml,weather_catastrophe_desc,ハレー彗星は気象システムを完全に破壊した。豪雨、干ばつ、巨大竜巻が同時に発生することも珍しくない。まともな軍事行動など、夢のまた夢だ。
english,bakasekai/_bsm_negative_ideas_l_japanese.yml,weathering_world,風化する世界
english,bakasekai/_bsm_negative_ideas_l_japanese.yml,weathering_world_desc,ありとあらゆるものが風化していく。建造物は砂のように崩れ、金属は錆びて朽ち、人々の記憶さえも曖昧になっていく。この世界は、ゆっくりと終わりを迎えようとしている。
english,bakasekai/_bsm_negative_ideas_l_japanese.yml,whispers_from_space,宇宙からの囁き
english,bakasekai/_bsm_negative_ideas_l_japanese.yml,whispers_from_space_desc,宇宙の深淵から、謎の囁きが聞こえてくる。それは人々の心をかき乱し、狂気へと誘う。耳を塞いでも、その声からは逃れられない。
english,bakasekai/_bsm_negative_ideas_l_japanese.yml,wow_such_diplomacy,Wow. Such Diplomacy.
english,bakasekai/_bsm_negative_ideas_l_japanese.yml,wow_such_diplomacy_desc,外交文書は、全て拙い英語と犬の画像で構成されている。諸外国の外交官たちは、その意図を読み解くのに大変な労力を費やしている。とても外交。すごい。
english,bakasekai/_bsm_negative_ideas_l_japanese.yml,wrath_of_the_forest,森の怒り
english,bakasekai/_bsm_negative_ideas_l_japanese.yml,wrath_of_the_forest_2,森の怒り
english,bakasekai/_bsm_negative_ideas_l_japanese.yml,wrath_of_the_forest_2_desc,森の怒りは、まだ収まっていなかった。森はより凶暴になり、今や森そのものが一つの生命体として、文明に牙をむいている。
english,bakasekai/_bsm_negative_ideas_l_japanese.yml,wrath_of_the_forest_desc,森が、怒っている。木々は自らの意思で動き、侵入者を排除する。森林地帯での行軍は、もはや不可能に近い。
english,bakasekai/_bsm_negative_ideas_l_japanese.yml,wrath_of_the_sea,海の怒り
english,bakasekai/_bsm_negative_ideas_l_japanese.yml,wrath_of_the_sea_desc,海が怒っている。巨大な津波が沿岸の都市を襲い、荒れ狂う嵐が艦船を飲み込む。海に出ることは、すなわち死を意味する。
english,bakasekai/_bsm_negative_ideas_l_japanese.yml,wrath_of_the_sun,太陽の怒り
english,bakasekai/_bsm_negative_ideas_l_japanese.yml,wrath_of_the_sun_desc,ハレー彗星の影響か、太陽活動が異常なまでに活発化している。強烈な太陽風は電子機器を破壊し、兵士たちの肌を焼き、大地を干上がらせる。
english,bakasekai/_bsm_negative_ideas_l_japanese.yml,zero_friction,ゼロフリクション
english,bakasekai/_bsm_negative_ideas_l_japanese.yml,zero_friction_desc,あらゆるものの摩擦係数がゼロになった。兵士は銃を握れず、戦車は坂を上れず、人々は立ち上がることすらできない。
english,bakasekai/_bsm_negative_ideas_l_japanese.yml,zero_gravity_bricks,無重力レンガ
english,bakasekai/_bsm_negative_ideas_l_japanese.yml,zero_gravity_bricks_desc,建設に使われるレンガが、なぜか無重力になってしまった。完成した建物は、風が吹くと空に浮かび上がり、どこかへ飛んで行ってしまう。
english,bakasekai/additional_decisions_l_japanese.yml,anarchism_on_the_rise,立憲君主主義の台頭
english,bakasekai/additional_decisions_l_japanese.yml,anarchism_on_the_rise_desc,増え続ける住民の支持とともに、無政府的な価値に好意的な政治集団がその発言力を増しつつある。我が国の自治コミューンによる政治への道は、ただ平和的なもしくは流血を伴う選択を待つだけとなっている。
english,bakasekai/additional_decisions_l_japanese.yml,army_support_for_anarchism_civil_war,軍隊の支持を拡大
english,bakasekai/additional_decisions_l_japanese.yml,army_support_for_anarchism_civil_war_desc,軍に対する十分な支援がなければ、武力によるイデオロギー闘争での勝利の望みはないだろう。軍の上級部隊の忠誠心を確保しなければならない。
english,bakasekai/additional_decisions_l_japanese.yml,army_support_for_civilism_civil_war,軍隊の支持を拡大
english,bakasekai/additional_decisions_l_japanese.yml,army_support_for_civilism_civil_war_desc,軍に対する十分な支援がなければ、武力によるイデオロギー闘争での勝利の望みはないだろう。軍の上級部隊の忠誠心を確保しなければならない。
english,bakasekai/additional_decisions_l_japanese.yml,army_support_for_conservative_democracy_civil_war,軍隊の支持を拡大
english,bakasekai/additional_decisions_l_japanese.yml,army_support_for_conservative_democracy_civil_war_desc,軍に対する十分な支援がなければ、武力によるイデオロギー闘争での勝利の望みはないだろう。軍の上級部隊の忠誠心を確保しなければならない。
english,bakasekai/additional_decisions_l_japanese.yml,army_support_for_constitutional_monarchy_civil_war,軍隊の支持を拡大
english,bakasekai/additional_decisions_l_japanese.yml,army_support_for_constitutional_monarchy_civil_war_desc,軍に対する十分な支援がなければ、武力によるイデオロギー闘争での勝利の望みはないだろう。軍の上級部隊の忠誠心を確保しなければならない。
english,bakasekai/additional_decisions_l_japanese.yml,army_support_for_direct_democracy_civil_war,軍隊の支持を拡大
english,bakasekai/additional_decisions_l_japanese.yml,army_support_for_direct_democracy_civil_war_desc,軍に対する十分な支援がなければ、武力によるイデオロギー闘争での勝利の望みはないだろう。軍の上級部隊の忠誠心を確保しなければならない。
english,bakasekai/additional_decisions_l_japanese.yml,army_support_for_futurism_civil_war,軍隊の支持を拡大
english,bakasekai/additional_decisions_l_japanese.yml,army_support_for_futurism_civil_war_desc,軍に対する十分な支援がなければ、武力によるイデオロギー闘争での勝利の望みはないだろう。軍の上級部隊の忠誠心を確保しなければならない。
english,bakasekai/additional_decisions_l_japanese.yml,army_support_for_hinnulism_civil_war,軍隊の支持を拡大
english,bakasekai/additional_decisions_l_japanese.yml,army_support_for_hinnulism_civil_war_desc,軍に対する十分な支援がなければ、武力によるイデオロギー闘争での勝利の望みはないだろう。軍の上級部隊の忠誠心を確保しなければならない。
english,bakasekai/additional_decisions_l_japanese.yml,army_support_for_horizontalism_civil_war,軍隊の支持を拡大
english,bakasekai/additional_decisions_l_japanese.yml,army_support_for_horizontalism_civil_war_desc,軍に対する十分な支援がなければ、武力によるイデオロギー闘争での勝利の望みはないだろう。軍の上級部隊の忠誠心を確保しなければならない。
english,bakasekai/additional_decisions_l_japanese.yml,army_support_for_intellectualism_civil_war,軍隊の支持を拡大
english,bakasekai/additional_decisions_l_japanese.yml,army_support_for_intellectualism_civil_war_desc,軍に対する十分な支援がなければ、武力によるイデオロギー闘争での勝利の望みはないだろう。軍の上級部隊の忠誠心を確保しなければならない。
english,bakasekai/additional_decisions_l_japanese.yml,army_support_for_kyonulism_civil_war,軍隊の支持を拡大
english,bakasekai/additional_decisions_l_japanese.yml,army_support_for_kyonulism_civil_war_desc,軍に対する十分な支援がなければ、武力によるイデオロギー闘争での勝利の望みはないだろう。軍の上級部隊の忠誠心を確保しなければならない。
english,bakasekai/additional_decisions_l_japanese.yml,army_support_for_longitudinalism_civil_war,軍隊の支持を拡大
english,bakasekai/additional_decisions_l_japanese.yml,army_support_for_longitudinalism_civil_war_desc,軍に対する十分な支援がなければ、武力によるイデオロギー闘争での勝利の望みはないだろう。軍の上級部隊の忠誠心を確保しなければならない。
english,bakasekai/additional_decisions_l_japanese.yml,army_support_for_mythologicalism_civil_war,軍隊の支持を拡大
english,bakasekai/additional_decisions_l_japanese.yml,army_support_for_mythologicalism_civil_war_desc,軍に対する十分な支援がなければ、武力によるイデオロギー闘争での勝利の望みはないだろう。軍の上級部隊の忠誠心を確保しなければならない。
english,bakasekai/additional_decisions_l_japanese.yml,army_support_for_neutrality_civil_war,軍隊の支持を拡大
english,bakasekai/additional_decisions_l_japanese.yml,army_support_for_neutrality_civil_war_desc,軍に対する十分な支援がなければ、武力によるイデオロギー闘争での勝利の望みはないだろう。軍の上級部隊の忠誠心を確保しなければならない。
english,bakasekai/additional_decisions_l_japanese.yml,army_support_for_non_resistance_civil_war,軍隊の支持を拡大
english,bakasekai/additional_decisions_l_japanese.yml,army_support_for_non_resistance_civil_war_desc,軍に対する十分な支援がなければ、武力によるイデオロギー闘争での勝利の望みはないだろう。軍の上級部隊の忠誠心を確保しなければならない。
english,bakasekai/additional_decisions_l_japanese.yml,army_support_for_philanthropy_civil_war,軍隊の支持を拡大
english,bakasekai/additional_decisions_l_japanese.yml,army_support_for_philanthropy_civil_war_desc,軍に対する十分な支援がなければ、武力によるイデオロギー闘争での勝利の望みはないだろう。軍の上級部隊の忠誠心を確保しなければならない。
english,bakasekai/additional_decisions_l_japanese.yml,army_support_for_rightneutrality_civil_war,軍隊の支持を拡大
english,bakasekai/additional_decisions_l_japanese.yml,army_support_for_rightneutrality_civil_war_desc,軍に対する十分な支援がなければ、武力によるイデオロギー闘争での勝利の望みはないだろう。軍の上級部隊の忠誠心を確保しなければならない。
english,bakasekai/additional_decisions_l_japanese.yml,army_support_for_ruinism_civil_war,軍隊の支持を拡大
english,bakasekai/additional_decisions_l_japanese.yml,army_support_for_ruinism_civil_war_desc,軍に対する十分な支援がなければ、武力によるイデオロギー闘争での勝利の望みはないだろう。軍の上級部隊の忠誠心を確保しなければならない。
english,bakasekai/additional_decisions_l_japanese.yml,army_support_for_stupidism_civil_war,軍隊の支持を拡大
english,bakasekai/additional_decisions_l_japanese.yml,army_support_for_stupidism_civil_war_desc,軍に対する十分な支援がなければ、武力によるイデオロギー闘争での勝利の望みはないだろう。軍の上級部隊の忠誠心を確保しなければならない。
english,bakasekai/additional_decisions_l_japanese.yml,army_support_for_technicalism_civil_war,軍隊の支持を拡大
english,bakasekai/additional_decisions_l_japanese.yml,army_support_for_technicalism_civil_war_desc,軍に対する十分な支援がなければ、武力によるイデオロギー闘争での勝利の望みはないだろう。軍の上級部隊の忠誠心を確保しなければならない。
english,bakasekai/additional_decisions_l_japanese.yml,army_support_for_transformationism_civil_war,軍隊の支持を拡大
english,bakasekai/additional_decisions_l_japanese.yml,army_support_for_transformationism_civil_war_desc,軍に対する十分な支援がなければ、武力によるイデオロギー闘争での勝利の望みはないだろう。軍の上級部隊の忠誠心を確保しなければならない。
english,bakasekai/additional_decisions_l_japanese.yml,battle3_naisen_d1,大規模戦闘計画
english,bakasekai/additional_decisions_l_japanese.yml,change_ideology_event.1.a,市民によって、市民のために!
english,bakasekai/additional_decisions_l_japanese.yml,change_ideology_event.1.desc,一般的な市民による支持を背景として、市民主義者の政治家が国民投票で政権を獲得しようと画策している。[Root.GetLeader]は[Root.GetRulingParty]政権への挑戦を快く思っていないが、要求は日に日に増加しており、受け入れざるを得なくなったと思われる。\n\nどの階層にも根付いた支持を持つために、市民主義者の投票における優位は確実なものと思われるが、政権の変革によって市民に何がもたらされるかは詳しくわかっていない。
english,bakasekai/additional_decisions_l_japanese.yml,change_ideology_event.1.t,市民主義者たちが国民投票を要求
english,bakasekai/additional_decisions_l_japanese.yml,change_ideology_event.10.a,政治？なにそれ、おいしいの？
english,bakasekai/additional_decisions_l_japanese.yml,change_ideology_event.10.desc,placeholder
english,bakasekai/additional_decisions_l_japanese.yml,change_ideology_event.10.t,バカ主義者たちが国民投票を要求
english,bakasekai/additional_decisions_l_japanese.yml,change_ideology_event.11.a,そして退廃は科学の雷で焼き払われる
english,bakasekai/additional_decisions_l_japanese.yml,change_ideology_event.11.desc,placeholder
english,bakasekai/additional_decisions_l_japanese.yml,change_ideology_event.11.t,技術主義者たちが国民投票を要求
english,bakasekai/additional_decisions_l_japanese.yml,change_ideology_event.12.a,民主主義は正義によって守られる
english,bakasekai/additional_decisions_l_japanese.yml,change_ideology_event.12.desc,placeholder
english,bakasekai/additional_decisions_l_japanese.yml,change_ideology_event.12.t,博愛主義者たちが国民投票を要求
english,bakasekai/additional_decisions_l_japanese.yml,change_ideology_event.13.a,何もかも塗り替えてしまおう!
english,bakasekai/additional_decisions_l_japanese.yml,change_ideology_event.13.desc,placeholder
english,bakasekai/additional_decisions_l_japanese.yml,change_ideology_event.13.t,変革主義者たちが国民投票を要求
english,bakasekai/additional_decisions_l_japanese.yml,change_ideology_event.14.a,皆いつか死ぬ。その前に君は何をしたい
english,bakasekai/additional_decisions_l_japanese.yml,change_ideology_event.14.desc,placeholder
english,bakasekai/additional_decisions_l_japanese.yml,change_ideology_event.14.t,破滅主義者たちが国民投票を要求
english,bakasekai/additional_decisions_l_japanese.yml,change_ideology_event.15.a,やっぱ俺……縦長かもしれん
english,bakasekai/additional_decisions_l_japanese.yml,change_ideology_event.15.desc,placeholder
english,bakasekai/additional_decisions_l_japanese.yml,change_ideology_event.15.t,縦長主義者たちが国民投票を要求
english,bakasekai/additional_decisions_l_japanese.yml,change_ideology_event.16.a,うーむ、まさに芸術のような形だな
english,bakasekai/additional_decisions_l_japanese.yml,change_ideology_event.16.desc,placeholder
english,bakasekai/additional_decisions_l_japanese.yml,change_ideology_event.16.t,横長主義者たちが国民投票を要求
english,bakasekai/additional_decisions_l_japanese.yml,change_ideology_event.17.a,争いは何も生まないと学んだはずだ
english,bakasekai/additional_decisions_l_japanese.yml,change_ideology_event.17.desc,placeholder
english,bakasekai/additional_decisions_l_japanese.yml,change_ideology_event.17.t,無抵抗主義者たちが国民投票を要求
english,bakasekai/additional_decisions_l_japanese.yml,change_ideology_event.18.a,貧乳はステータスだ、希少価値だ
english,bakasekai/additional_decisions_l_japanese.yml,change_ideology_event.18.desc,placeholder
english,bakasekai/additional_decisions_l_japanese.yml,change_ideology_event.18.t,ひんぬー主義者たちが国民投票を要求
english,bakasekai/additional_decisions_l_japanese.yml,change_ideology_event.19.a,Pixivの沼地でこそ死にたいものだ
english,bakasekai/additional_decisions_l_japanese.yml,change_ideology_event.19.desc,おっぱい!おっぱい!おっきいおっぱい!\n\n                    - Toliner(バカ地図modサブ管理者)
english,bakasekai/additional_decisions_l_japanese.yml,change_ideology_event.19.t,きょぬー主義者たちが国民投票を要求
english,bakasekai/additional_decisions_l_japanese.yml,change_ideology_event.2.a,過去の保存はよりよい未来へつながる
english,bakasekai/additional_decisions_l_japanese.yml,change_ideology_event.2.desc,placeholder
english,bakasekai/additional_decisions_l_japanese.yml,change_ideology_event.2.t,保守民主主義者たちが国民投票を要求
english,bakasekai/additional_decisions_l_japanese.yml,change_ideology_event.20.a,で、次の政府は何をしてくれるんだろうな？
english,bakasekai/additional_decisions_l_japanese.yml,change_ideology_event.20.desc,placeholder
english,bakasekai/additional_decisions_l_japanese.yml,change_ideology_event.20.t,中道主義者たちが国民投票を要求
english,bakasekai/additional_decisions_l_japanese.yml,change_ideology_event.3.a,憲法と王の下に!
english,bakasekai/additional_decisions_l_japanese.yml,change_ideology_event.3.desc,placeholder
english,bakasekai/additional_decisions_l_japanese.yml,change_ideology_event.3.t,立憲君主主義者たちが国民投票を要求
english,bakasekai/additional_decisions_l_japanese.yml,change_ideology_event.4.a,百聞は一見に如かず、そうだろう？
english,bakasekai/additional_decisions_l_japanese.yml,change_ideology_event.4.desc,placeholder
english,bakasekai/additional_decisions_l_japanese.yml,change_ideology_event.4.t,直接民主主義者たちが国民投票を要求
english,bakasekai/additional_decisions_l_japanese.yml,change_ideology_event.5.a,未来へと進め!
english,bakasekai/additional_decisions_l_japanese.yml,change_ideology_event.5.desc,placeholder
english,bakasekai/additional_decisions_l_japanese.yml,change_ideology_event.5.t,未来主義者たちが国民投票を要求
english,bakasekai/additional_decisions_l_japanese.yml,change_ideology_event.6.a,知は力なり
english,bakasekai/additional_decisions_l_japanese.yml,change_ideology_event.6.desc,placeholder
english,bakasekai/additional_decisions_l_japanese.yml,change_ideology_event.6.t,知識主義者たちが国民投票を要求
english,bakasekai/additional_decisions_l_japanese.yml,change_ideology_event.7.a,皆の者よ、神話となれ
english,bakasekai/additional_decisions_l_japanese.yml,change_ideology_event.7.desc,placeholder
english,bakasekai/additional_decisions_l_japanese.yml,change_ideology_event.7.t,神話主義者たちが国民投票を要求
english,bakasekai/additional_decisions_l_japanese.yml,change_ideology_event.8.a,これで国民が団結すればいいのだが
english,bakasekai/additional_decisions_l_japanese.yml,change_ideology_event.8.desc,placeholder
english,bakasekai/additional_decisions_l_japanese.yml,change_ideology_event.8.t,中道右派主義者たちが国民投票を要求
english,bakasekai/additional_decisions_l_japanese.yml,change_ideology_event.9.a,自治を以て自由と為すのだ
english,bakasekai/additional_decisions_l_japanese.yml,change_ideology_event.9.desc,placeholder
english,bakasekai/additional_decisions_l_japanese.yml,change_ideology_event.9.t,無政府主義者たちが国民投票を要求
english,bakasekai/additional_decisions_l_japanese.yml,civilism_on_the_rise,市民主義の台頭
english,bakasekai/additional_decisions_l_japanese.yml,civilism_on_the_rise_desc,増え続ける住民の支持とともに、市民主義的な価値に好意的な政治集団がその発言力を増しつつある。我が国の市民による政治への道は、ただ平和的なもしくは流血を伴う選択を待つだけとなっている。
english,bakasekai/additional_decisions_l_japanese.yml,conservative_democracy_on_the_rise,保守民主主義の台頭
english,bakasekai/additional_decisions_l_japanese.yml,conservative_democracy_on_the_rise_desc,増え続ける住民の支持とともに、保守的、かつ民主的な価値に好意的な政治集団がその発言力を増しつつある。我が国の保守派による政治への道は、ただ平和的なもしくは流血を伴う選択を待つだけとなっている。
english,bakasekai/additional_decisions_l_japanese.yml,constitutional_monarchy_on_the_rise,立憲君主主義の台頭
english,bakasekai/additional_decisions_l_japanese.yml,constitutional_monarchy_on_the_rise_desc,増え続ける住民の支持とともに、立憲君主主義的な価値に好意的な政治集団がその発言力を増しつつある。我が国の立憲君主制による政治への道は、ただ平和的なもしくは流血を伴う選択を待つだけとなっている。
english,bakasekai/additional_decisions_l_japanese.yml,direct_democracy_on_the_rise,直接民主制の台頭
english,bakasekai/additional_decisions_l_japanese.yml,direct_democracy_on_the_rise_desc,増え続ける住民の支持とともに、直接民主主義的な価値に好意的な政治集団がその発言力を増しつつある。我が国の直接投票による政治への道は、ただ平和的なもしくは流血を伴う選択を待つだけとなっている。
english,bakasekai/additional_decisions_l_japanese.yml,discredit_government_anarchism,政府への不信感
english,bakasekai/additional_decisions_l_japanese.yml,discredit_government_anarchism_desc,現政府の数々の欠点を追及することにより、これらの失敗のイデオロギーに起因する原因に人々の目を向けさせることができる。
english,bakasekai/additional_decisions_l_japanese.yml,discredit_government_civilism,政府への不信感
english,bakasekai/additional_decisions_l_japanese.yml,discredit_government_civilism_desc,現政府の数々の欠点を追及することにより、これらの失敗のイデオロギーに起因する原因に人々の目を向けさせることができる。
english,bakasekai/additional_decisions_l_japanese.yml,discredit_government_conservative_democracy,政府への不信感
english,bakasekai/additional_decisions_l_japanese.yml,discredit_government_conservative_democracy_desc,現政府の数々の欠点を追及することにより、これらの失敗のイデオロギーに起因する原因に人々の目を向けさせることができる。
english,bakasekai/additional_decisions_l_japanese.yml,discredit_government_constitutional_monarchy,政府への不信感
english,bakasekai/additional_decisions_l_japanese.yml,discredit_government_constitutional_monarchy_desc,現政府の数々の欠点を追及することにより、これらの失敗のイデオロギーに起因する原因に人々の目を向けさせることができる。
english,bakasekai/additional_decisions_l_japanese.yml,discredit_government_direct_democracy,政府への不信感
english,bakasekai/additional_decisions_l_japanese.yml,discredit_government_direct_democracy_desc,現政府の数々の欠点を追及することにより、これらの失敗のイデオロギーに起因する原因に人々の目を向けさせることができる。
english,bakasekai/additional_decisions_l_japanese.yml,discredit_government_futurism,政府への不信感
english,bakasekai/additional_decisions_l_japanese.yml,discredit_government_futurism_desc,現政府の数々の欠点を追及することにより、これらの失敗のイデオロギーに起因する原因に人々の目を向けさせることができる。
english,bakasekai/additional_decisions_l_japanese.yml,discredit_government_hinnulism,政府への不信感
english,bakasekai/additional_decisions_l_japanese.yml,discredit_government_hinnulism_desc,現政府の数々の欠点を追及することにより、これらの失敗のイデオロギーに起因する原因に人々の目を向けさせることができる。
english,bakasekai/additional_decisions_l_japanese.yml,discredit_government_horizontalism,政府への不信感
english,bakasekai/additional_decisions_l_japanese.yml,discredit_government_horizontalism_desc,現政府の数々の欠点を追及することにより、これらの失敗のイデオロギーに起因する原因に人々の目を向けさせることができる。
english,bakasekai/additional_decisions_l_japanese.yml,discredit_government_intellectualism,政府への不信感
english,bakasekai/additional_decisions_l_japanese.yml,discredit_government_intellectualism_desc,現政府の数々の欠点を追及することにより、これらの失敗のイデオロギーに起因する原因に人々の目を向けさせることができる。
english,bakasekai/additional_decisions_l_japanese.yml,discredit_government_kyonulism,政府への不信感
english,bakasekai/additional_decisions_l_japanese.yml,discredit_government_kyonulism_desc,現政府の数々の欠点を追及することにより、これらの失敗のイデオロギーに起因する原因に人々の目を向けさせることができる。
english,bakasekai/additional_decisions_l_japanese.yml,discredit_government_longitudinalism,政府への不信感
english,bakasekai/additional_decisions_l_japanese.yml,discredit_government_longitudinalism_desc,現政府の数々の欠点を追及することにより、これらの失敗のイデオロギーに起因する原因に人々の目を向けさせることができる。
english,bakasekai/additional_decisions_l_japanese.yml,discredit_government_mythologicalism,政府への不信感
english,bakasekai/additional_decisions_l_japanese.yml,discredit_government_mythologicalism_desc,現政府の数々の欠点を追及することにより、これらの失敗のイデオロギーに起因する原因に人々の目を向けさせることができる。
english,bakasekai/additional_decisions_l_japanese.yml,discredit_government_neutrality,政府への不信感
english,bakasekai/additional_decisions_l_japanese.yml,discredit_government_neutrality_desc,現政府の数々の欠点を追及することにより、これらの失敗のイデオロギーに起因する原因に人々の目を向けさせることができる。
english,bakasekai/additional_decisions_l_japanese.yml,discredit_government_non_resistance,政府への不信感
english,bakasekai/additional_decisions_l_japanese.yml,discredit_government_non_resistance_desc,現政府の数々の欠点を追及することにより、これらの失敗のイデオロギーに起因する原因に人々の目を向けさせることができる。
english,bakasekai/additional_decisions_l_japanese.yml,discredit_government_philanthropy,政府への不信感
english,bakasekai/additional_decisions_l_japanese.yml,discredit_government_philanthropy_desc,現政府の数々の欠点を追及することにより、これらの失敗のイデオロギーに起因する原因に人々の目を向けさせることができる。
english,bakasekai/additional_decisions_l_japanese.yml,discredit_government_rightneutrality,政府への不信感
english,bakasekai/additional_decisions_l_japanese.yml,discredit_government_rightneutrality_desc,現政府の数々の欠点を追及することにより、これらの失敗のイデオロギーに起因する原因に人々の目を向けさせることができる。
english,bakasekai/additional_decisions_l_japanese.yml,discredit_government_ruinism,政府への不信感
english,bakasekai/additional_decisions_l_japanese.yml,discredit_government_ruinism_desc,現政府の数々の欠点を追及することにより、これらの失敗のイデオロギーに起因する原因に人々の目を向けさせることができる。
english,bakasekai/additional_decisions_l_japanese.yml,discredit_government_stupidism,政府への不信感
english,bakasekai/additional_decisions_l_japanese.yml,discredit_government_stupidism_desc,現政府の数々の欠点を追及することにより、これらの失敗のイデオロギーに起因する原因に人々の目を向けさせることができる。
english,bakasekai/additional_decisions_l_japanese.yml,discredit_government_technicalism,政府への不信感
english,bakasekai/additional_decisions_l_japanese.yml,discredit_government_technicalism_desc,現政府の数々の欠点を追及することにより、これらの失敗のイデオロギーに起因する原因に人々の目を向けさせることができる。
english,bakasekai/additional_decisions_l_japanese.yml,discredit_government_transformationism,政府への不信感
english,bakasekai/additional_decisions_l_japanese.yml,discredit_government_transformationism_desc,現政府の数々の欠点を追及することにより、これらの失敗のイデオロギーに起因する原因に人々の目を向けさせることができる。
english,bakasekai/additional_decisions_l_japanese.yml,ensure_general_loyalty_for_anarchism_civil_war,下級将官の忠誠を確保
english,bakasekai/additional_decisions_l_japanese.yml,ensure_general_loyalty_for_anarchism_civil_war_desc,一部の将軍たちは市民主義に同調的な感情を抱いているかもしれない。戦いが始まる前に、彼らの忠誠心を確保せねばならない。
english,bakasekai/additional_decisions_l_japanese.yml,ensure_general_loyalty_for_civilism_civil_war,下級将官の忠誠を確保
english,bakasekai/additional_decisions_l_japanese.yml,ensure_general_loyalty_for_civilism_civil_war_desc,一部の将軍たちは市民主義に同調的な感情を抱いているかもしれない。戦いが始まる前に、彼らの忠誠心を確保せねばならない。
english,bakasekai/additional_decisions_l_japanese.yml,ensure_general_loyalty_for_conservative_democracy_civil_war,下級将官の忠誠を確保
english,bakasekai/additional_decisions_l_japanese.yml,ensure_general_loyalty_for_conservative_democracy_civil_war_desc,一部の将軍たちは市民主義に同調的な感情を抱いているかもしれない。戦いが始まる前に、彼らの忠誠心を確保せねばならない。
english,bakasekai/additional_decisions_l_japanese.yml,ensure_general_loyalty_for_constitutional_monarchy_civil_war,下級将官の忠誠を確保
english,bakasekai/additional_decisions_l_japanese.yml,ensure_general_loyalty_for_constitutional_monarchy_civil_war_desc,一部の将軍たちは市民主義に同調的な感情を抱いているかもしれない。戦いが始まる前に、彼らの忠誠心を確保せねばならない。
english,bakasekai/additional_decisions_l_japanese.yml,ensure_general_loyalty_for_direct_democracy_civil_war,下級将官の忠誠を確保
english,bakasekai/additional_decisions_l_japanese.yml,ensure_general_loyalty_for_direct_democracy_civil_war_desc,一部の将軍たちは市民主義に同調的な感情を抱いているかもしれない。戦いが始まる前に、彼らの忠誠心を確保せねばならない。
english,bakasekai/additional_decisions_l_japanese.yml,ensure_general_loyalty_for_futurism_civil_war,下級将官の忠誠を確保
english,bakasekai/additional_decisions_l_japanese.yml,ensure_general_loyalty_for_futurism_civil_war_desc,一部の将軍たちは市民主義に同調的な感情を抱いているかもしれない。戦いが始まる前に、彼らの忠誠心を確保せねばならない。
english,bakasekai/additional_decisions_l_japanese.yml,ensure_general_loyalty_for_hinnulism_civil_war,下級将官の忠誠を確保
english,bakasekai/additional_decisions_l_japanese.yml,ensure_general_loyalty_for_hinnulism_civil_war_desc,一部の将軍たちは市民主義に同調的な感情を抱いているかもしれない。戦いが始まる前に、彼らの忠誠心を確保せねばならない。
english,bakasekai/additional_decisions_l_japanese.yml,ensure_general_loyalty_for_horizontalism_civil_war,下級将官の忠誠を確保
english,bakasekai/additional_decisions_l_japanese.yml,ensure_general_loyalty_for_horizontalism_civil_war_desc,一部の将軍たちは市民主義に同調的な感情を抱いているかもしれない。戦いが始まる前に、彼らの忠誠心を確保せねばならない。
english,bakasekai/additional_decisions_l_japanese.yml,ensure_general_loyalty_for_intellectualism_civil_war,下級将官の忠誠を確保
english,bakasekai/additional_decisions_l_japanese.yml,ensure_general_loyalty_for_intellectualism_civil_war_desc,一部の将軍たちは市民主義に同調的な感情を抱いているかもしれない。戦いが始まる前に、彼らの忠誠心を確保せねばならない。
english,bakasekai/additional_decisions_l_japanese.yml,ensure_general_loyalty_for_kyonulism_civil_war,下級将官の忠誠を確保
english,bakasekai/additional_decisions_l_japanese.yml,ensure_general_loyalty_for_kyonulism_civil_war_desc,一部の将軍たちは市民主義に同調的な感情を抱いているかもしれない。戦いが始まる前に、彼らの忠誠心を確保せねばならない。
english,bakasekai/additional_decisions_l_japanese.yml,ensure_general_loyalty_for_longitudinalism_civil_war,下級将官の忠誠を確保
english,bakasekai/additional_decisions_l_japanese.yml,ensure_general_loyalty_for_longitudinalism_civil_war_desc,一部の将軍たちは市民主義に同調的な感情を抱いているかもしれない。戦いが始まる前に、彼らの忠誠心を確保せねばならない。
english,bakasekai/additional_decisions_l_japanese.yml,ensure_general_loyalty_for_mythologicalism_civil_war,下級将官の忠誠を確保
english,bakasekai/additional_decisions_l_japanese.yml,ensure_general_loyalty_for_mythologicalism_civil_war_desc,一部の将軍たちは市民主義に同調的な感情を抱いているかもしれない。戦いが始まる前に、彼らの忠誠心を確保せねばならない。
english,bakasekai/additional_decisions_l_japanese.yml,ensure_general_loyalty_for_neutrality_civil_war,下級将官の忠誠を確保
english,bakasekai/additional_decisions_l_japanese.yml,ensure_general_loyalty_for_neutrality_civil_war_desc,一部の将軍たちは市民主義に同調的な感情を抱いているかもしれない。戦いが始まる前に、彼らの忠誠心を確保せねばならない。
english,bakasekai/additional_decisions_l_japanese.yml,ensure_general_loyalty_for_non_resistance_civil_war,下級将官の忠誠を確保
english,bakasekai/additional_decisions_l_japanese.yml,ensure_general_loyalty_for_non_resistance_civil_war_desc,一部の将軍たちは市民主義に同調的な感情を抱いているかもしれない。戦いが始まる前に、彼らの忠誠心を確保せねばならない。
english,bakasekai/additional_decisions_l_japanese.yml,ensure_general_loyalty_for_philanthropy_civil_war,下級将官の忠誠を確保
english,bakasekai/additional_decisions_l_japanese.yml,ensure_general_loyalty_for_philanthropy_civil_war_desc,一部の将軍たちは市民主義に同調的な感情を抱いているかもしれない。戦いが始まる前に、彼らの忠誠心を確保せねばならない。
english,bakasekai/additional_decisions_l_japanese.yml,ensure_general_loyalty_for_rightneutrality_civil_war,下級将官の忠誠を確保
english,bakasekai/additional_decisions_l_japanese.yml,ensure_general_loyalty_for_rightneutrality_civil_war_desc,一部の将軍たちは市民主義に同調的な感情を抱いているかもしれない。戦いが始まる前に、彼らの忠誠心を確保せねばならない。
english,bakasekai/additional_decisions_l_japanese.yml,ensure_general_loyalty_for_ruinism_civil_war,下級将官の忠誠を確保
english,bakasekai/additional_decisions_l_japanese.yml,ensure_general_loyalty_for_ruinism_civil_war_desc,一部の将軍たちは市民主義に同調的な感情を抱いているかもしれない。戦いが始まる前に、彼らの忠誠心を確保せねばならない。
english,bakasekai/additional_decisions_l_japanese.yml,ensure_general_loyalty_for_stupidism_civil_war,下級将官の忠誠を確保
english,bakasekai/additional_decisions_l_japanese.yml,ensure_general_loyalty_for_stupidism_civil_war_desc,一部の将軍たちは市民主義に同調的な感情を抱いているかもしれない。戦いが始まる前に、彼らの忠誠心を確保せねばならない。
english,bakasekai/additional_decisions_l_japanese.yml,ensure_general_loyalty_for_technicalism_civil_war,下級将官の忠誠を確保
english,bakasekai/additional_decisions_l_japanese.yml,ensure_general_loyalty_for_technicalism_civil_war_desc,一部の将軍たちは市民主義に同調的な感情を抱いているかもしれない。戦いが始まる前に、彼らの忠誠心を確保せねばならない。
english,bakasekai/additional_decisions_l_japanese.yml,ensure_general_loyalty_for_transformationism_civil_war,下級将官の忠誠を確保
english,bakasekai/additional_decisions_l_japanese.yml,ensure_general_loyalty_for_transformationism_civil_war_desc,一部の将軍たちは市民主義に同調的な感情を抱いているかもしれない。戦いが始まる前に、彼らの忠誠心を確保せねばならない。
english,bakasekai/additional_decisions_l_japanese.yml,ensure_marshal_loyalty_for_anarchism_civil_war,高級将官の忠誠を確保
english,bakasekai/additional_decisions_l_japanese.yml,ensure_marshal_loyalty_for_anarchism_civil_war_desc,一部の元帥たちは市民主義に同調的な感情を抱いているかもしれない。戦いが始まる前に、彼らの忠誠心を確保せねばならない。
english,bakasekai/additional_decisions_l_japanese.yml,ensure_marshal_loyalty_for_civilism_civil_war,高級将官の忠誠を確保
english,bakasekai/additional_decisions_l_japanese.yml,ensure_marshal_loyalty_for_civilism_civil_war_desc,一部の元帥たちは市民主義に同調的な感情を抱いているかもしれない。戦いが始まる前に、彼らの忠誠心を確保せねばならない。
english,bakasekai/additional_decisions_l_japanese.yml,ensure_marshal_loyalty_for_conservative_democracy_civil_war,高級将官の忠誠を確保
english,bakasekai/additional_decisions_l_japanese.yml,ensure_marshal_loyalty_for_conservative_democracy_civil_war_desc,一部の元帥たちは市民主義に同調的な感情を抱いているかもしれない。戦いが始まる前に、彼らの忠誠心を確保せねばならない。
english,bakasekai/additional_decisions_l_japanese.yml,ensure_marshal_loyalty_for_constitutional_monarchy_civil_war,高級将官の忠誠を確保
english,bakasekai/additional_decisions_l_japanese.yml,ensure_marshal_loyalty_for_constitutional_monarchy_civil_war_desc,一部の元帥たちは市民主義に同調的な感情を抱いているかもしれない。戦いが始まる前に、彼らの忠誠心を確保せねばならない。
english,bakasekai/additional_decisions_l_japanese.yml,ensure_marshal_loyalty_for_direct_democracy_civil_war,高級将官の忠誠を確保
english,bakasekai/additional_decisions_l_japanese.yml,ensure_marshal_loyalty_for_direct_democracy_civil_war_desc,一部の元帥たちは市民主義に同調的な感情を抱いているかもしれない。戦いが始まる前に、彼らの忠誠心を確保せねばならない。
english,bakasekai/additional_decisions_l_japanese.yml,ensure_marshal_loyalty_for_futurism_civil_war,高級将官の忠誠を確保
english,bakasekai/additional_decisions_l_japanese.yml,ensure_marshal_loyalty_for_futurism_civil_war_desc,一部の元帥たちは市民主義に同調的な感情を抱いているかもしれない。戦いが始まる前に、彼らの忠誠心を確保せねばならない。
english,bakasekai/additional_decisions_l_japanese.yml,ensure_marshal_loyalty_for_hinnulism_civil_war,高級将官の忠誠を確保
english,bakasekai/additional_decisions_l_japanese.yml,ensure_marshal_loyalty_for_hinnulism_civil_war_desc,一部の元帥たちは市民主義に同調的な感情を抱いているかもしれない。戦いが始まる前に、彼らの忠誠心を確保せねばならない。
english,bakasekai/additional_decisions_l_japanese.yml,ensure_marshal_loyalty_for_horizontalism_civil_war,高級将官の忠誠を確保
english,bakasekai/additional_decisions_l_japanese.yml,ensure_marshal_loyalty_for_horizontalism_civil_war_desc,一部の元帥たちは市民主義に同調的な感情を抱いているかもしれない。戦いが始まる前に、彼らの忠誠心を確保せねばならない。
english,bakasekai/additional_decisions_l_japanese.yml,ensure_marshal_loyalty_for_intellectualism_civil_war,高級将官の忠誠を確保
english,bakasekai/additional_decisions_l_japanese.yml,ensure_marshal_loyalty_for_intellectualism_civil_war_desc,一部の元帥たちは市民主義に同調的な感情を抱いているかもしれない。戦いが始まる前に、彼らの忠誠心を確保せねばならない。
english,bakasekai/additional_decisions_l_japanese.yml,ensure_marshal_loyalty_for_kyonulism_civil_war,高級将官の忠誠を確保
english,bakasekai/additional_decisions_l_japanese.yml,ensure_marshal_loyalty_for_kyonulism_civil_war_desc,一部の元帥たちは市民主義に同調的な感情を抱いているかもしれない。戦いが始まる前に、彼らの忠誠心を確保せねばならない。
english,bakasekai/additional_decisions_l_japanese.yml,ensure_marshal_loyalty_for_longitudinalism_civil_war,高級将官の忠誠を確保
english,bakasekai/additional_decisions_l_japanese.yml,ensure_marshal_loyalty_for_longitudinalism_civil_war_desc,一部の元帥たちは市民主義に同調的な感情を抱いているかもしれない。戦いが始まる前に、彼らの忠誠心を確保せねばならない。
english,bakasekai/additional_decisions_l_japanese.yml,ensure_marshal_loyalty_for_mythologicalism_civil_war,高級将官の忠誠を確保
english,bakasekai/additional_decisions_l_japanese.yml,ensure_marshal_loyalty_for_mythologicalism_civil_war_desc,一部の元帥たちは市民主義に同調的な感情を抱いているかもしれない。戦いが始まる前に、彼らの忠誠心を確保せねばならない。
english,bakasekai/additional_decisions_l_japanese.yml,ensure_marshal_loyalty_for_neutrality_civil_war,高級将官の忠誠を確保
english,bakasekai/additional_decisions_l_japanese.yml,ensure_marshal_loyalty_for_neutrality_civil_war_desc,一部の元帥たちは市民主義に同調的な感情を抱いているかもしれない。戦いが始まる前に、彼らの忠誠心を確保せねばならない。
english,bakasekai/additional_decisions_l_japanese.yml,ensure_marshal_loyalty_for_non_resistance_civil_war,高級将官の忠誠を確保
english,bakasekai/additional_decisions_l_japanese.yml,ensure_marshal_loyalty_for_non_resistance_civil_war_desc,一部の元帥たちは市民主義に同調的な感情を抱いているかもしれない。戦いが始まる前に、彼らの忠誠心を確保せねばならない。
english,bakasekai/additional_decisions_l_japanese.yml,ensure_marshal_loyalty_for_philanthropy_civil_war,高級将官の忠誠を確保
english,bakasekai/additional_decisions_l_japanese.yml,ensure_marshal_loyalty_for_philanthropy_civil_war_desc,一部の元帥たちは市民主義に同調的な感情を抱いているかもしれない。戦いが始まる前に、彼らの忠誠心を確保せねばならない。
english,bakasekai/additional_decisions_l_japanese.yml,ensure_marshal_loyalty_for_rightneutrality_civil_war,高級将官の忠誠を確保
english,bakasekai/additional_decisions_l_japanese.yml,ensure_marshal_loyalty_for_rightneutrality_civil_war_desc,一部の元帥たちは市民主義に同調的な感情を抱いているかもしれない。戦いが始まる前に、彼らの忠誠心を確保せねばならない。
english,bakasekai/additional_decisions_l_japanese.yml,ensure_marshal_loyalty_for_ruinism_civil_war,高級将官の忠誠を確保
english,bakasekai/additional_decisions_l_japanese.yml,ensure_marshal_loyalty_for_ruinism_civil_war_desc,一部の元帥たちは市民主義に同調的な感情を抱いているかもしれない。戦いが始まる前に、彼らの忠誠心を確保せねばならない。
english,bakasekai/additional_decisions_l_japanese.yml,ensure_marshal_loyalty_for_stupidism_civil_war,高級将官の忠誠を確保
english,bakasekai/additional_decisions_l_japanese.yml,ensure_marshal_loyalty_for_stupidism_civil_war_desc,一部の元帥たちは市民主義に同調的な感情を抱いているかもしれない。戦いが始まる前に、彼らの忠誠心を確保せねばならない。
english,bakasekai/additional_decisions_l_japanese.yml,ensure_marshal_loyalty_for_technicalism_civil_war,高級将官の忠誠を確保
english,bakasekai/additional_decisions_l_japanese.yml,ensure_marshal_loyalty_for_technicalism_civil_war_desc,一部の元帥たちは市民主義に同調的な感情を抱いているかもしれない。戦いが始まる前に、彼らの忠誠心を確保せねばならない。
english,bakasekai/additional_decisions_l_japanese.yml,ensure_marshal_loyalty_for_transformationism_civil_war,高級将官の忠誠を確保
english,bakasekai/additional_decisions_l_japanese.yml,ensure_marshal_loyalty_for_transformationism_civil_war_desc,一部の元帥たちは市民主義に同調的な感情を抱いているかもしれない。戦いが始まる前に、彼らの忠誠心を確保せねばならない。
english,bakasekai/additional_decisions_l_japanese.yml,every_ideology_under_80,すべてのイデオロギーの§Y支持率§!が§Y80%§!以下である。
english,bakasekai/additional_decisions_l_japanese.yml,every_ideology_under_90,すべてのイデオロギーの§Y支持率§!が§Y90%§!以下である。
english,bakasekai/additional_decisions_l_japanese.yml,expand_civil_anarchism_support,市民の支持を拡大
english,bakasekai/additional_decisions_l_japanese.yml,expand_civil_anarchism_support_desc,我々の主張に対する市民の支持の継続的な拡大を確実なものとし、現政権の権威への挑戦を勇気づけなければならない。政府としての地位がますます損なわれ、市民の不安が高まっている状況にあれば、我々の目標達成がより容易なものとなる。特にその目標が合法的な政権交代ではなく、そう……破滅的な手段による政権交代を目指すものであるならば。
english,bakasekai/additional_decisions_l_japanese.yml,expand_civil_civilism_support,市民の支持を拡大
english,bakasekai/additional_decisions_l_japanese.yml,expand_civil_civilism_support_desc,我々の主張に対する市民の支持の継続的な拡大を確実なものとし、現政権の権威への挑戦を勇気づけなければならない。政府としての地位がますます損なわれ、市民の不安が高まっている状況にあれば、我々の目標達成がより容易なものとなる。特にその目標が合法的な政権交代ではなく、そう……破滅的な手段による政権交代を目指すものであるならば。
english,bakasekai/additional_decisions_l_japanese.yml,expand_civil_conservative_democracy_support,市民の支持を拡大
english,bakasekai/additional_decisions_l_japanese.yml,expand_civil_conservative_democracy_support_desc,我々の主張に対する市民の支持の継続的な拡大を確実なものとし、現政権の権威への挑戦を勇気づけなければならない。政府としての地位がますます損なわれ、市民の不安が高まっている状況にあれば、我々の目標達成がより容易なものとなる。特にその目標が合法的な政権交代ではなく、そう……破滅的な手段による政権交代を目指すものであるならば。
english,bakasekai/additional_decisions_l_japanese.yml,expand_civil_constitutional_monarchy_support,市民の支持を拡大
english,bakasekai/additional_decisions_l_japanese.yml,expand_civil_constitutional_monarchy_support_desc,我々の主張に対する市民の支持の継続的な拡大を確実なものとし、現政権の権威への挑戦を勇気づけなければならない。政府としての地位がますます損なわれ、市民の不安が高まっている状況にあれば、我々の目標達成がより容易なものとなる。特にその目標が合法的な政権交代ではなく、そう……破滅的な手段による政権交代を目指すものであるならば。
english,bakasekai/additional_decisions_l_japanese.yml,expand_civil_direct_democracy_support,市民の支持を拡大
english,bakasekai/additional_decisions_l_japanese.yml,expand_civil_direct_democracy_support_desc,我々の主張に対する市民の支持の継続的な拡大を確実なものとし、現政権の権威への挑戦を勇気づけなければならない。政府としての地位がますます損なわれ、市民の不安が高まっている状況にあれば、我々の目標達成がより容易なものとなる。特にその目標が合法的な政権交代ではなく、そう……破滅的な手段による政権交代を目指すものであるならば。
english,bakasekai/additional_decisions_l_japanese.yml,expand_civil_futurism_support,市民の支持を拡大
english,bakasekai/additional_decisions_l_japanese.yml,expand_civil_futurism_support_desc,我々の主張に対する市民の支持の継続的な拡大を確実なものとし、現政権の権威への挑戦を勇気づけなければならない。政府としての地位がますます損なわれ、市民の不安が高まっている状況にあれば、我々の目標達成がより容易なものとなる。特にその目標が合法的な政権交代ではなく、そう……破滅的な手段による政権交代を目指すものであるならば。
english,bakasekai/additional_decisions_l_japanese.yml,expand_civil_hinnulism_support,市民の支持を拡大
english,bakasekai/additional_decisions_l_japanese.yml,expand_civil_hinnulism_support_desc,我々の主張に対する市民の支持の継続的な拡大を確実なものとし、現政権の権威への挑戦を勇気づけなければならない。政府としての地位がますます損なわれ、市民の不安が高まっている状況にあれば、我々の目標達成がより容易なものとなる。特にその目標が合法的な政権交代ではなく、そう……破滅的な手段による政権交代を目指すものであるならば。
english,bakasekai/additional_decisions_l_japanese.yml,expand_civil_horizontalism_support,市民の支持を拡大
english,bakasekai/additional_decisions_l_japanese.yml,expand_civil_horizontalism_support_desc,我々の主張に対する市民の支持の継続的な拡大を確実なものとし、現政権の権威への挑戦を勇気づけなければならない。政府としての地位がますます損なわれ、市民の不安が高まっている状況にあれば、我々の目標達成がより容易なものとなる。特にその目標が合法的な政権交代ではなく、そう……破滅的な手段による政権交代を目指すものであるならば。
english,bakasekai/additional_decisions_l_japanese.yml,expand_civil_intellectualism_support,市民の支持を拡大
english,bakasekai/additional_decisions_l_japanese.yml,expand_civil_intellectualism_support_desc,我々の主張に対する市民の支持の継続的な拡大を確実なものとし、現政権の権威への挑戦を勇気づけなければならない。政府としての地位がますます損なわれ、市民の不安が高まっている状況にあれば、我々の目標達成がより容易なものとなる。特にその目標が合法的な政権交代ではなく、そう……破滅的な手段による政権交代を目指すものであるならば。
english,bakasekai/additional_decisions_l_japanese.yml,expand_civil_kyonulism_support,市民の支持を拡大
english,bakasekai/additional_decisions_l_japanese.yml,expand_civil_kyonulism_support_desc,我々の主張に対する市民の支持の継続的な拡大を確実なものとし、現政権の権威への挑戦を勇気づけなければならない。政府としての地位がますます損なわれ、市民の不安が高まっている状況にあれば、我々の目標達成がより容易なものとなる。特にその目標が合法的な政権交代ではなく、そう……破滅的な手段による政権交代を目指すものであるならば。
english,bakasekai/additional_decisions_l_japanese.yml,expand_civil_longitudinalism_support,市民の支持を拡大
english,bakasekai/additional_decisions_l_japanese.yml,expand_civil_longitudinalism_support_desc,我々の主張に対する市民の支持の継続的な拡大を確実なものとし、現政権の権威への挑戦を勇気づけなければならない。政府としての地位がますます損なわれ、市民の不安が高まっている状況にあれば、我々の目標達成がより容易なものとなる。特にその目標が合法的な政権交代ではなく、そう……破滅的な手段による政権交代を目指すものであるならば。
english,bakasekai/additional_decisions_l_japanese.yml,expand_civil_mythologicalism_support,市民の支持を拡大
english,bakasekai/additional_decisions_l_japanese.yml,expand_civil_mythologicalism_support_desc,我々の主張に対する市民の支持の継続的な拡大を確実なものとし、現政権の権威への挑戦を勇気づけなければならない。政府としての地位がますます損なわれ、市民の不安が高まっている状況にあれば、我々の目標達成がより容易なものとなる。特にその目標が合法的な政権交代ではなく、そう……破滅的な手段による政権交代を目指すものであるならば。
english,bakasekai/additional_decisions_l_japanese.yml,expand_civil_neutrality_support,市民の支持を拡大
english,bakasekai/additional_decisions_l_japanese.yml,expand_civil_neutrality_support_desc,我々の主張に対する市民の支持の継続的な拡大を確実なものとし、現政権の権威への挑戦を勇気づけなければならない。政府としての地位がますます損なわれ、市民の不安が高まっている状況にあれば、我々の目標達成がより容易なものとなる。特にその目標が合法的な政権交代ではなく、そう……破滅的な手段による政権交代を目指すものであるならば。
english,bakasekai/additional_decisions_l_japanese.yml,expand_civil_non_resistance_support,市民の支持を拡大
english,bakasekai/additional_decisions_l_japanese.yml,expand_civil_non_resistance_support_desc,我々の主張に対する市民の支持の継続的な拡大を確実なものとし、現政権の権威への挑戦を勇気づけなければならない。政府としての地位がますます損なわれ、市民の不安が高まっている状況にあれば、我々の目標達成がより容易なものとなる。特にその目標が合法的な政権交代ではなく、そう……破滅的な手段による政権交代を目指すものであるならば。
english,bakasekai/additional_decisions_l_japanese.yml,expand_civil_philanthropy_support,市民の支持を拡大
english,bakasekai/additional_decisions_l_japanese.yml,expand_civil_philanthropy_support_desc,我々の主張に対する市民の支持の継続的な拡大を確実なものとし、現政権の権威への挑戦を勇気づけなければならない。政府としての地位がますます損なわれ、市民の不安が高まっている状況にあれば、我々の目標達成がより容易なものとなる。特にその目標が合法的な政権交代ではなく、そう……破滅的な手段による政権交代を目指すものであるならば。
english,bakasekai/additional_decisions_l_japanese.yml,expand_civil_rightneutrality_support,市民の支持を拡大
english,bakasekai/additional_decisions_l_japanese.yml,expand_civil_rightneutrality_support_desc,我々の主張に対する市民の支持の継続的な拡大を確実なものとし、現政権の権威への挑戦を勇気づけなければならない。政府としての地位がますます損なわれ、市民の不安が高まっている状況にあれば、我々の目標達成がより容易なものとなる。特にその目標が合法的な政権交代ではなく、そう……破滅的な手段による政権交代を目指すものであるならば。
english,bakasekai/additional_decisions_l_japanese.yml,expand_civil_ruinism_support,市民の支持を拡大
english,bakasekai/additional_decisions_l_japanese.yml,expand_civil_ruinism_support_desc,我々の主張に対する市民の支持の継続的な拡大を確実なものとし、現政権の権威への挑戦を勇気づけなければならない。政府としての地位がますます損なわれ、市民の不安が高まっている状況にあれば、我々の目標達成がより容易なものとなる。特にその目標が合法的な政権交代ではなく、そう……破滅的な手段による政権交代を目指すものであるならば。
english,bakasekai/additional_decisions_l_japanese.yml,expand_civil_stupidism_support,市民の支持を拡大
english,bakasekai/additional_decisions_l_japanese.yml,expand_civil_stupidism_support_desc,我々の主張に対する市民の支持の継続的な拡大を確実なものとし、現政権の権威への挑戦を勇気づけなければならない。政府としての地位がますます損なわれ、市民の不安が高まっている状況にあれば、我々の目標達成がより容易なものとなる。特にその目標が合法的な政権交代ではなく、そう……破滅的な手段による政権交代を目指すものであるならば。
english,bakasekai/additional_decisions_l_japanese.yml,expand_civil_technicalism_support,市民の支持を拡大
english,bakasekai/additional_decisions_l_japanese.yml,expand_civil_technicalism_support_desc,我々の主張に対する市民の支持の継続的な拡大を確実なものとし、現政権の権威への挑戦を勇気づけなければならない。政府としての地位がますます損なわれ、市民の不安が高まっている状況にあれば、我々の目標達成がより容易なものとなる。特にその目標が合法的な政権交代ではなく、そう……破滅的な手段による政権交代を目指すものであるならば。
english,bakasekai/additional_decisions_l_japanese.yml,expand_civil_transformationism_support,市民の支持を拡大
english,bakasekai/additional_decisions_l_japanese.yml,expand_civil_transformationism_support_desc,我々の主張に対する市民の支持の継続的な拡大を確実なものとし、現政権の権威への挑戦を勇気づけなければならない。政府としての地位がますます損なわれ、市民の不安が高まっている状況にあれば、我々の目標達成がより容易なものとなる。特にその目標が合法的な政権交代ではなく、そう……破滅的な手段による政権交代を目指すものであるならば。
english,bakasekai/additional_decisions_l_japanese.yml,formulate_surprise_attack_plan_for_anarchism_civil_war,奇襲計画の立案
english,bakasekai/additional_decisions_l_japanese.yml,formulate_surprise_attack_plan_for_anarchism_civil_war_desc,敵は直面している危機に気づいていない。これを最大限に活用するための戦闘計画を指示し、正確に行動に移さなければならない。
english,bakasekai/additional_decisions_l_japanese.yml,formulate_surprise_attack_plan_for_civilism_civil_war,奇襲計画の立案
english,bakasekai/additional_decisions_l_japanese.yml,formulate_surprise_attack_plan_for_civilism_civil_war_desc,敵は直面している危機に気づいていない。これを最大限に活用するための戦闘計画を指示し、正確に行動に移さなければならない。
english,bakasekai/additional_decisions_l_japanese.yml,formulate_surprise_attack_plan_for_conservative_democracy_civil_war,奇襲計画の立案
english,bakasekai/additional_decisions_l_japanese.yml,formulate_surprise_attack_plan_for_conservative_democracy_civil_war_desc,敵は直面している危機に気づいていない。これを最大限に活用するための戦闘計画を指示し、正確に行動に移さなければならない。
english,bakasekai/additional_decisions_l_japanese.yml,formulate_surprise_attack_plan_for_constitutional_monarchy_civil_war,奇襲計画の立案
english,bakasekai/additional_decisions_l_japanese.yml,formulate_surprise_attack_plan_for_constitutional_monarchy_civil_war_desc,敵は直面している危機に気づいていない。これを最大限に活用するための戦闘計画を指示し、正確に行動に移さなければならない。
english,bakasekai/additional_decisions_l_japanese.yml,formulate_surprise_attack_plan_for_direct_democracy_civil_war,奇襲計画の立案
english,bakasekai/additional_decisions_l_japanese.yml,formulate_surprise_attack_plan_for_direct_democracy_civil_war_desc,敵は直面している危機に気づいていない。これを最大限に活用するための戦闘計画を指示し、正確に行動に移さなければならない。
english,bakasekai/additional_decisions_l_japanese.yml,formulate_surprise_attack_plan_for_futurism_civil_war,奇襲計画の立案
english,bakasekai/additional_decisions_l_japanese.yml,formulate_surprise_attack_plan_for_futurism_civil_war_desc,敵は直面している危機に気づいていない。これを最大限に活用するための戦闘計画を指示し、正確に行動に移さなければならない。
english,bakasekai/additional_decisions_l_japanese.yml,formulate_surprise_attack_plan_for_hinnulism_civil_war,奇襲計画の立案
english,bakasekai/additional_decisions_l_japanese.yml,formulate_surprise_attack_plan_for_hinnulism_civil_war_desc,敵は直面している危機に気づいていない。これを最大限に活用するための戦闘計画を指示し、正確に行動に移さなければならない。
english,bakasekai/additional_decisions_l_japanese.yml,formulate_surprise_attack_plan_for_horizontalism_civil_war,奇襲計画の立案
english,bakasekai/additional_decisions_l_japanese.yml,formulate_surprise_attack_plan_for_horizontalism_civil_war_desc,敵は直面している危機に気づいていない。これを最大限に活用するための戦闘計画を指示し、正確に行動に移さなければならない。
english,bakasekai/additional_decisions_l_japanese.yml,formulate_surprise_attack_plan_for_intellectualism_civil_war,奇襲計画の立案
english,bakasekai/additional_decisions_l_japanese.yml,formulate_surprise_attack_plan_for_intellectualism_civil_war_desc,敵は直面している危機に気づいていない。これを最大限に活用するための戦闘計画を指示し、正確に行動に移さなければならない。
english,bakasekai/additional_decisions_l_japanese.yml,formulate_surprise_attack_plan_for_kyonulism_civil_war,奇襲計画の立案
english,bakasekai/additional_decisions_l_japanese.yml,formulate_surprise_attack_plan_for_kyonulism_civil_war_desc,敵は直面している危機に気づいていない。これを最大限に活用するための戦闘計画を指示し、正確に行動に移さなければならない。
english,bakasekai/additional_decisions_l_japanese.yml,formulate_surprise_attack_plan_for_longitudinalism_civil_war,奇襲計画の立案
english,bakasekai/additional_decisions_l_japanese.yml,formulate_surprise_attack_plan_for_longitudinalism_civil_war_desc,敵は直面している危機に気づいていない。これを最大限に活用するための戦闘計画を指示し、正確に行動に移さなければならない。
english,bakasekai/additional_decisions_l_japanese.yml,formulate_surprise_attack_plan_for_mythologicalism_civil_war,奇襲計画の立案
english,bakasekai/additional_decisions_l_japanese.yml,formulate_surprise_attack_plan_for_mythologicalism_civil_war_desc,敵は直面している危機に気づいていない。これを最大限に活用するための戦闘計画を指示し、正確に行動に移さなければならない。
english,bakasekai/additional_decisions_l_japanese.yml,formulate_surprise_attack_plan_for_neutrality_civil_war,奇襲計画の立案
english,bakasekai/additional_decisions_l_japanese.yml,formulate_surprise_attack_plan_for_neutrality_civil_war_desc,敵は直面している危機に気づいていない。これを最大限に活用するための戦闘計画を指示し、正確に行動に移さなければならない。
english,bakasekai/additional_decisions_l_japanese.yml,formulate_surprise_attack_plan_for_non_resistance_civil_war,奇襲計画の立案
english,bakasekai/additional_decisions_l_japanese.yml,formulate_surprise_attack_plan_for_non_resistance_civil_war_desc,敵は直面している危機に気づいていない。これを最大限に活用するための戦闘計画を指示し、正確に行動に移さなければならない。
english,bakasekai/additional_decisions_l_japanese.yml,formulate_surprise_attack_plan_for_philanthropy_civil_war,奇襲計画の立案
english,bakasekai/additional_decisions_l_japanese.yml,formulate_surprise_attack_plan_for_philanthropy_civil_war_desc,敵は直面している危機に気づいていない。これを最大限に活用するための戦闘計画を指示し、正確に行動に移さなければならない。
english,bakasekai/additional_decisions_l_japanese.yml,formulate_surprise_attack_plan_for_rightneutrality_civil_war,奇襲計画の立案
english,bakasekai/additional_decisions_l_japanese.yml,formulate_surprise_attack_plan_for_rightneutrality_civil_war_desc,敵は直面している危機に気づいていない。これを最大限に活用するための戦闘計画を指示し、正確に行動に移さなければならない。
english,bakasekai/additional_decisions_l_japanese.yml,formulate_surprise_attack_plan_for_ruinism_civil_war,奇襲計画の立案
english,bakasekai/additional_decisions_l_japanese.yml,formulate_surprise_attack_plan_for_ruinism_civil_war_desc,敵は直面している危機に気づいていない。これを最大限に活用するための戦闘計画を指示し、正確に行動に移さなければならない。
english,bakasekai/additional_decisions_l_japanese.yml,formulate_surprise_attack_plan_for_stupidism_civil_war,奇襲計画の立案
english,bakasekai/additional_decisions_l_japanese.yml,formulate_surprise_attack_plan_for_stupidism_civil_war_desc,敵は直面している危機に気づいていない。これを最大限に活用するための戦闘計画を指示し、正確に行動に移さなければならない。
english,bakasekai/additional_decisions_l_japanese.yml,formulate_surprise_attack_plan_for_technicalism_civil_war,奇襲計画の立案
english,bakasekai/additional_decisions_l_japanese.yml,formulate_surprise_attack_plan_for_technicalism_civil_war_desc,敵は直面している危機に気づいていない。これを最大限に活用するための戦闘計画を指示し、正確に行動に移さなければならない。
english,bakasekai/additional_decisions_l_japanese.yml,formulate_surprise_attack_plan_for_transformationism_civil_war,奇襲計画の立案
english,bakasekai/additional_decisions_l_japanese.yml,formulate_surprise_attack_plan_for_transformationism_civil_war_desc,敵は直面している危機に気づいていない。これを最大限に活用するための戦闘計画を指示し、正確に行動に移さなければならない。
english,bakasekai/additional_decisions_l_japanese.yml,futurism_on_the_rise,未来主義の台頭
english,bakasekai/additional_decisions_l_japanese.yml,futurism_on_the_rise_desc,増え続ける住民の支持とともに、未来的な価値に好意的な政治集団がその発言力を増しつつある。我が国の未来主義による政治への道は、ただ平和的なもしくは流血を伴う選択を待つだけとなっている。
english,bakasekai/additional_decisions_l_japanese.yml,hinnulism_on_the_rise,ひんぬー主義の台頭
english,bakasekai/additional_decisions_l_japanese.yml,hinnulism_on_the_rise_desc,増え続ける住民の支持とともに、ひんぬーの価値に好意的な政治集団がその発言力を増しつつある。我が国の変態による政治への道は、ただ平和的なもしくは解釈違いによる流血を伴う選択を待つだけとなっている。
english,bakasekai/additional_decisions_l_japanese.yml,hold_the_anarchism_national_referendum,国民投票の実施
english,bakasekai/additional_decisions_l_japanese.yml,hold_the_anarchism_national_referendum_desc,十分な支援があれば、血を見ることもなく安全に政府の変更に対し国民投票を行うであろう。
english,bakasekai/additional_decisions_l_japanese.yml,hold_the_civilism_national_referendum,国民投票の実施
english,bakasekai/additional_decisions_l_japanese.yml,hold_the_civilism_national_referendum_desc,十分な支援があれば、血を見ることもなく安全に政府の変更に対し国民投票を行うであろう。
english,bakasekai/additional_decisions_l_japanese.yml,hold_the_conservative_democracy_national_referendum,国民投票の実施
english,bakasekai/additional_decisions_l_japanese.yml,hold_the_conservative_democracy_national_referendum_desc,十分な支援があれば、血を見ることもなく安全に政府の変更に対し国民投票を行うであろう。
english,bakasekai/additional_decisions_l_japanese.yml,hold_the_constitutional_monarchy_national_referendum,国民投票の実施
english,bakasekai/additional_decisions_l_japanese.yml,hold_the_constitutional_monarchy_national_referendum_desc,十分な支援があれば、血を見ることもなく安全に政府の変更に対し国民投票を行うであろう。
english,bakasekai/additional_decisions_l_japanese.yml,hold_the_direct_democracy_national_referendum,国民投票の実施
english,bakasekai/additional_decisions_l_japanese.yml,hold_the_direct_democracy_national_referendum_desc,十分な支援があれば、血を見ることもなく安全に政府の変更に対し国民投票を行うであろう。
english,bakasekai/additional_decisions_l_japanese.yml,hold_the_futurism_national_referendum,国民投票の実施
english,bakasekai/additional_decisions_l_japanese.yml,hold_the_futurism_national_referendum_desc,十分な支援があれば、血を見ることもなく安全に政府の変更に対し国民投票を行うであろう。
english,bakasekai/additional_decisions_l_japanese.yml,hold_the_hinnulism_national_referendum,国民投票の実施
english,bakasekai/additional_decisions_l_japanese.yml,hold_the_hinnulism_national_referendum_desc,十分な支援があれば、血を見ることもなく安全に政府の変更に対し国民投票を行うであろう。
english,bakasekai/additional_decisions_l_japanese.yml,hold_the_horizontalism_national_referendum,国民投票の実施
english,bakasekai/additional_decisions_l_japanese.yml,hold_the_horizontalism_national_referendum_desc,十分な支援があれば、血を見ることもなく安全に政府の変更に対し国民投票を行うであろう。
english,bakasekai/additional_decisions_l_japanese.yml,hold_the_intellectualism_national_referendum,国民投票の実施
english,bakasekai/additional_decisions_l_japanese.yml,hold_the_intellectualism_national_referendum_desc,十分な支援があれば、血を見ることもなく安全に政府の変更に対し国民投票を行うであろう。
english,bakasekai/additional_decisions_l_japanese.yml,hold_the_kyonulism_national_referendum,国民投票の実施
english,bakasekai/additional_decisions_l_japanese.yml,hold_the_kyonulism_national_referendum_desc,十分な支援があれば、血を見ることもなく安全に政府の変更に対し国民投票を行うであろう。
english,bakasekai/additional_decisions_l_japanese.yml,hold_the_longitudinalism_national_referendum,国民投票の実施
english,bakasekai/additional_decisions_l_japanese.yml,hold_the_longitudinalism_national_referendum_desc,十分な支援があれば、血を見ることもなく安全に政府の変更に対し国民投票を行うであろう。
english,bakasekai/additional_decisions_l_japanese.yml,hold_the_mythologicalism_national_referendum,国民投票の実施
english,bakasekai/additional_decisions_l_japanese.yml,hold_the_mythologicalism_national_referendum_desc,十分な支援があれば、血を見ることもなく安全に政府の変更に対し国民投票を行うであろう。
english,bakasekai/additional_decisions_l_japanese.yml,hold_the_neutrality_national_referendum,国民投票の実施
english,bakasekai/additional_decisions_l_japanese.yml,hold_the_neutrality_national_referendum_desc,十分な支援があれば、血を見ることもなく安全に政府の変更に対し国民投票を行うであろう。
english,bakasekai/additional_decisions_l_japanese.yml,hold_the_non_resistance_national_referendum,国民投票の実施
english,bakasekai/additional_decisions_l_japanese.yml,hold_the_non_resistance_national_referendum_desc,十分な支援があれば、血を見ることもなく安全に政府の変更に対し国民投票を行うであろう。
english,bakasekai/additional_decisions_l_japanese.yml,hold_the_philanthropy_national_referendum,国民投票の実施
english,bakasekai/additional_decisions_l_japanese.yml,hold_the_philanthropy_national_referendum_desc,十分な支援があれば、血を見ることもなく安全に政府の変更に対し国民投票を行うであろう。
english,bakasekai/additional_decisions_l_japanese.yml,hold_the_rightneutrality_national_referendum,国民投票の実施
english,bakasekai/additional_decisions_l_japanese.yml,hold_the_rightneutrality_national_referendum_desc,十分な支援があれば、血を見ることもなく安全に政府の変更に対し国民投票を行うであろう。
english,bakasekai/additional_decisions_l_japanese.yml,hold_the_ruinism_national_referendum,国民投票の実施
english,bakasekai/additional_decisions_l_japanese.yml,hold_the_ruinism_national_referendum_desc,十分な支援があれば、血を見ることもなく安全に政府の変更に対し国民投票を行うであろう。
english,bakasekai/additional_decisions_l_japanese.yml,hold_the_stupidism_national_referendum,国民投票の実施
english,bakasekai/additional_decisions_l_japanese.yml,hold_the_stupidism_national_referendum_desc,十分な支援があれば、血を見ることもなく安全に政府の変更に対し国民投票を行うであろう。
english,bakasekai/additional_decisions_l_japanese.yml,hold_the_technicalism_national_referendum,国民投票の実施
english,bakasekai/additional_decisions_l_japanese.yml,hold_the_technicalism_national_referendum_desc,十分な支援があれば、血を見ることもなく安全に政府の変更に対し国民投票を行うであろう。
english,bakasekai/additional_decisions_l_japanese.yml,hold_the_transformationism_national_referendum,国民投票の実施
english,bakasekai/additional_decisions_l_japanese.yml,hold_the_transformationism_national_referendum_desc,十分な支援があれば、血を見ることもなく安全に政府の変更に対し国民投票を行うであろう。
english,bakasekai/additional_decisions_l_japanese.yml,horizontalism_on_the_rise,横長主義の台頭
english,bakasekai/additional_decisions_l_japanese.yml,horizontalism_on_the_rise_desc,増え続ける住民の支持とともに、横長な形の価値に好意的な政治集団がその発言力を増しつつある。我が国の横長による政治への道は、ただ平和的なもしくは流血を伴う選択を待つだけとなっている。
english,bakasekai/additional_decisions_l_japanese.yml,ignite_the_anarchism_civil_war,内戦の火蓋を切る
english,bakasekai/additional_decisions_l_japanese.yml,ignite_the_anarchism_civil_war_desc,機は熟した。必要な準備はすべて整った。後戻りはできない。
english,bakasekai/additional_decisions_l_japanese.yml,ignite_the_civilism_civil_war,内戦の火蓋を切る
english,bakasekai/additional_decisions_l_japanese.yml,ignite_the_civilism_civil_war_desc,機は熟した。必要な準備はすべて整った。後戻りはできない。
english,bakasekai/additional_decisions_l_japanese.yml,ignite_the_conservative_democracy_civil_war,内戦の火蓋を切る
english,bakasekai/additional_decisions_l_japanese.yml,ignite_the_conservative_democracy_civil_war_desc,機は熟した。必要な準備はすべて整った。後戻りはできない。
english,bakasekai/additional_decisions_l_japanese.yml,ignite_the_constitutional_monarchy_civil_war,内戦の火蓋を切る
english,bakasekai/additional_decisions_l_japanese.yml,ignite_the_constitutional_monarchy_civil_war_desc,機は熟した。必要な準備はすべて整った。後戻りはできない。
english,bakasekai/additional_decisions_l_japanese.yml,ignite_the_direct_democracy_civil_war,内戦の火蓋を切る
english,bakasekai/additional_decisions_l_japanese.yml,ignite_the_direct_democracy_civil_war_desc,機は熟した。必要な準備はすべて整った。後戻りはできない。
english,bakasekai/additional_decisions_l_japanese.yml,ignite_the_futurism_civil_war,内戦の火蓋を切る
english,bakasekai/additional_decisions_l_japanese.yml,ignite_the_futurism_civil_war_desc,機は熟した。必要な準備はすべて整った。後戻りはできない。
english,bakasekai/additional_decisions_l_japanese.yml,ignite_the_hinnulism_civil_war,内戦の火蓋を切る
english,bakasekai/additional_decisions_l_japanese.yml,ignite_the_hinnulism_civil_war_desc,機は熟した。必要な準備はすべて整った。後戻りはできない。
english,bakasekai/additional_decisions_l_japanese.yml,ignite_the_horizontalism_civil_war,内戦の火蓋を切る
english,bakasekai/additional_decisions_l_japanese.yml,ignite_the_horizontalism_civil_war_desc,機は熟した。必要な準備はすべて整った。後戻りはできない。
english,bakasekai/additional_decisions_l_japanese.yml,ignite_the_intellectualism_civil_war,内戦の火蓋を切る
english,bakasekai/additional_decisions_l_japanese.yml,ignite_the_intellectualism_civil_war_desc,機は熟した。必要な準備はすべて整った。後戻りはできない。
english,bakasekai/additional_decisions_l_japanese.yml,ignite_the_kyonulism_civil_war,内戦の火蓋を切る
english,bakasekai/additional_decisions_l_japanese.yml,ignite_the_kyonulism_civil_war_desc,機は熟した。必要な準備はすべて整った。後戻りはできない。
english,bakasekai/additional_decisions_l_japanese.yml,ignite_the_longitudinalism_civil_war,内戦の火蓋を切る
english,bakasekai/additional_decisions_l_japanese.yml,ignite_the_longitudinalism_civil_war_desc,機は熟した。必要な準備はすべて整った。後戻りはできない。
english,bakasekai/additional_decisions_l_japanese.yml,ignite_the_mythologicalism_civil_war,内戦の火蓋を切る
english,bakasekai/additional_decisions_l_japanese.yml,ignite_the_mythologicalism_civil_war_desc,機は熟した。必要な準備はすべて整った。後戻りはできない。
english,bakasekai/additional_decisions_l_japanese.yml,ignite_the_neutrality_civil_war,内戦の火蓋を切る
english,bakasekai/additional_decisions_l_japanese.yml,ignite_the_neutrality_civil_war_desc,機は熟した。必要な準備はすべて整った。後戻りはできない。
english,bakasekai/additional_decisions_l_japanese.yml,ignite_the_non_resistance_civil_war,内戦の火蓋を切る
english,bakasekai/additional_decisions_l_japanese.yml,ignite_the_non_resistance_civil_war_desc,機は熟した。必要な準備はすべて整った。後戻りはできない。
english,bakasekai/additional_decisions_l_japanese.yml,ignite_the_philanthropy_civil_war,内戦の火蓋を切る
english,bakasekai/additional_decisions_l_japanese.yml,ignite_the_philanthropy_civil_war_desc,機は熟した。必要な準備はすべて整った。後戻りはできない。
english,bakasekai/additional_decisions_l_japanese.yml,ignite_the_rightneutrality_civil_war,内戦の火蓋を切る
english,bakasekai/additional_decisions_l_japanese.yml,ignite_the_rightneutrality_civil_war_desc,機は熟した。必要な準備はすべて整った。後戻りはできない。
english,bakasekai/additional_decisions_l_japanese.yml,ignite_the_ruinism_civil_war,内戦の火蓋を切る
english,bakasekai/additional_decisions_l_japanese.yml,ignite_the_ruinism_civil_war_desc,機は熟した。必要な準備はすべて整った。後戻りはできない。
english,bakasekai/additional_decisions_l_japanese.yml,ignite_the_stupidism_civil_war,内戦の火蓋を切る
english,bakasekai/additional_decisions_l_japanese.yml,ignite_the_stupidism_civil_war_desc,機は熟した。必要な準備はすべて整った。後戻りはできない。
english,bakasekai/additional_decisions_l_japanese.yml,ignite_the_technicalism_civil_war,内戦の火蓋を切る
english,bakasekai/additional_decisions_l_japanese.yml,ignite_the_technicalism_civil_war_desc,機は熟した。必要な準備はすべて整った。後戻りはできない。
english,bakasekai/additional_decisions_l_japanese.yml,ignite_the_transformationism_civil_war,内戦の火蓋を切る
english,bakasekai/additional_decisions_l_japanese.yml,ignite_the_transformationism_civil_war_desc,機は熟した。必要な準備はすべて整った。後戻りはできない。
english,bakasekai/additional_decisions_l_japanese.yml,intellectualism_on_the_rise,知識主義の台頭
english,bakasekai/additional_decisions_l_japanese.yml,intellectualism_on_the_rise_desc,増え続ける住民の支持とともに、知識的な価値に好意的な政治集団がその発言力を増しつつある。我が国の知識による政治への道は、ただ平和的なもしくは流血を伴う選択を待つだけとなっている。
english,bakasekai/additional_decisions_l_japanese.yml,kyonulism_on_the_rise,きょぬー主義の台頭
english,bakasekai/additional_decisions_l_japanese.yml,kyonulism_on_the_rise_desc,増え続ける住民の支持とともに、きょぬーの価値に好意的な政治集団がその発言力を増しつつある。我が国の変態による政治への道は、ただ平和的なもしくは解釈違いによる流血を伴う選択を待つだけとなっている。
english,bakasekai/additional_decisions_l_japanese.yml,longitudinalism_on_the_rise,縦長主義の台頭
english,bakasekai/additional_decisions_l_japanese.yml,longitudinalism_on_the_rise_desc,増え続ける住民の支持とともに、縦長な形の価値に好意的な政治集団がその発言力を増しつつある。我が国の縦長による政治への道は、ただ平和的なもしくは流血を伴う選択を待つだけとなっている。
english,bakasekai/additional_decisions_l_japanese.yml,mythologicalism_on_the_rise,神話主義の台頭
english,bakasekai/additional_decisions_l_japanese.yml,mythologicalism_on_the_rise_desc,増え続ける住民の支持とともに、神話的な価値に好意的な政治集団がその発言力を増しつつある。我が国の神話による政治への道は、ただ平和的なもしくは流血を伴う選択を待つだけとなっている。
english,bakasekai/additional_decisions_l_japanese.yml,neutrality_on_the_rise,中道主義者の台頭
english,bakasekai/additional_decisions_l_japanese.yml,neutrality_on_the_rise_desc,増え続ける住民の支持とともに、中立の価値に好意的な政治集団がその発言力を増しつつある。我が国の中道主義者による政治への道は、ただ平和的なもしくは流血を伴う選択を待つだけとなっている。
english,bakasekai/additional_decisions_l_japanese.yml,non_resistance_on_the_rise,無抵抗主義の台頭
english,bakasekai/additional_decisions_l_japanese.yml,non_resistance_on_the_rise_desc,増え続ける住民の支持とともに、抵抗せぬことの価値に好意的な政治集団がその発言力を増しつつある。我が国の無抵抗な政治への道は、ただ平和的なもしくは流血を伴う選択を待つだけとなっている。
english,bakasekai/additional_decisions_l_japanese.yml,open_up_political_discourse_anarchism,政治論議を開く
english,bakasekai/additional_decisions_l_japanese.yml,open_up_political_discourse_anarchism_desc,我々は政府の視野を広げることを受け入れる必要がある。おそらく、これは我が国の国政に平和的な変化をもたらすだろう。
english,bakasekai/additional_decisions_l_japanese.yml,open_up_political_discourse_civilism,政治論議を開く
english,bakasekai/additional_decisions_l_japanese.yml,open_up_political_discourse_civilism_desc,我々は政府の視野を広げることを受け入れる必要がある。おそらく、これは我が国の国政に平和的な変化をもたらすだろう。
english,bakasekai/additional_decisions_l_japanese.yml,open_up_political_discourse_conservative_democracy,政治論議を開く
english,bakasekai/additional_decisions_l_japanese.yml,open_up_political_discourse_conservative_democracy_desc,我々は政府の視野を広げることを受け入れる必要がある。おそらく、これは我が国の国政に平和的な変化をもたらすだろう。
english,bakasekai/additional_decisions_l_japanese.yml,open_up_political_discourse_constitutional_monarchy,政治論議を開く
english,bakasekai/additional_decisions_l_japanese.yml,open_up_political_discourse_constitutional_monarchy_desc,我々は政府の視野を広げることを受け入れる必要がある。おそらく、これは我が国の国政に平和的な変化をもたらすだろう。
english,bakasekai/additional_decisions_l_japanese.yml,open_up_political_discourse_direct_democracy,政治論議を開く
english,bakasekai/additional_decisions_l_japanese.yml,open_up_political_discourse_direct_democracy_desc,我々は政府の視野を広げることを受け入れる必要がある。おそらく、これは我が国の国政に平和的な変化をもたらすだろう。
english,bakasekai/additional_decisions_l_japanese.yml,open_up_political_discourse_futurism,政治論議を開く
english,bakasekai/additional_decisions_l_japanese.yml,open_up_political_discourse_futurism_desc,我々は政府の視野を広げることを受け入れる必要がある。おそらく、これは我が国の国政に平和的な変化をもたらすだろう。
english,bakasekai/additional_decisions_l_japanese.yml,open_up_political_discourse_hinnulism,政治論議を開く
english,bakasekai/additional_decisions_l_japanese.yml,open_up_political_discourse_hinnulism_desc,我々は政府の視野を広げることを受け入れる必要がある。おそらく、これは我が国の国政に平和的な変化をもたらすだろう。
english,bakasekai/additional_decisions_l_japanese.yml,open_up_political_discourse_horizontalism,政治論議を開く
english,bakasekai/additional_decisions_l_japanese.yml,open_up_political_discourse_horizontalism_desc,我々は政府の視野を広げることを受け入れる必要がある。おそらく、これは我が国の国政に平和的な変化をもたらすだろう。
english,bakasekai/additional_decisions_l_japanese.yml,open_up_political_discourse_intellectualism,政治論議を開く
english,bakasekai/additional_decisions_l_japanese.yml,open_up_political_discourse_intellectualism_desc,我々は政府の視野を広げることを受け入れる必要がある。おそらく、これは我が国の国政に平和的な変化をもたらすだろう。
english,bakasekai/additional_decisions_l_japanese.yml,open_up_political_discourse_kyonulism,政治論議を開く
english,bakasekai/additional_decisions_l_japanese.yml,open_up_political_discourse_kyonulism_desc,我々は政府の視野を広げることを受け入れる必要がある。おそらく、これは我が国の国政に平和的な変化をもたらすだろう。
english,bakasekai/additional_decisions_l_japanese.yml,open_up_political_discourse_longitudinalism,政治論議を開く
english,bakasekai/additional_decisions_l_japanese.yml,open_up_political_discourse_longitudinalism_desc,我々は政府の視野を広げることを受け入れる必要がある。おそらく、これは我が国の国政に平和的な変化をもたらすだろう。
english,bakasekai/additional_decisions_l_japanese.yml,open_up_political_discourse_mythologicalism,政治論議を開く
english,bakasekai/additional_decisions_l_japanese.yml,open_up_political_discourse_mythologicalism_desc,我々は政府の視野を広げることを受け入れる必要がある。おそらく、これは我が国の国政に平和的な変化をもたらすだろう。
english,bakasekai/additional_decisions_l_japanese.yml,open_up_political_discourse_neutrality,政治論議を開く
english,bakasekai/additional_decisions_l_japanese.yml,open_up_political_discourse_neutrality_desc,我々は政府の視野を広げることを受け入れる必要がある。おそらく、これは我が国の国政に平和的な変化をもたらすだろう。
english,bakasekai/additional_decisions_l_japanese.yml,open_up_political_discourse_non_resistance,政治論議を開く
english,bakasekai/additional_decisions_l_japanese.yml,open_up_political_discourse_non_resistance_desc,我々は政府の視野を広げることを受け入れる必要がある。おそらく、これは我が国の国政に平和的な変化をもたらすだろう。
english,bakasekai/additional_decisions_l_japanese.yml,open_up_political_discourse_philanthropy,政治論議を開く
english,bakasekai/additional_decisions_l_japanese.yml,open_up_political_discourse_philanthropy_desc,我々は政府の視野を広げることを受け入れる必要がある。おそらく、これは我が国の国政に平和的な変化をもたらすだろう。
english,bakasekai/additional_decisions_l_japanese.yml,open_up_political_discourse_rightneutrality,政治論議を開く
english,bakasekai/additional_decisions_l_japanese.yml,open_up_political_discourse_rightneutrality_desc,我々は政府の視野を広げることを受け入れる必要がある。おそらく、これは我が国の国政に平和的な変化をもたらすだろう。
english,bakasekai/additional_decisions_l_japanese.yml,open_up_political_discourse_ruinism,政治論議を開く
english,bakasekai/additional_decisions_l_japanese.yml,open_up_political_discourse_ruinism_desc,我々は政府の視野を広げることを受け入れる必要がある。おそらく、これは我が国の国政に平和的な変化をもたらすだろう。
english,bakasekai/additional_decisions_l_japanese.yml,open_up_political_discourse_stupidism,政治論議を開く
english,bakasekai/additional_decisions_l_japanese.yml,open_up_political_discourse_stupidism_desc,我々は政府の視野を広げることを受け入れる必要がある。おそらく、これは我が国の国政に平和的な変化をもたらすだろう。
english,bakasekai/additional_decisions_l_japanese.yml,open_up_political_discourse_technicalism,政治論議を開く
english,bakasekai/additional_decisions_l_japanese.yml,open_up_political_discourse_technicalism_desc,我々は政府の視野を広げることを受け入れる必要がある。おそらく、これは我が国の国政に平和的な変化をもたらすだろう。
english,bakasekai/additional_decisions_l_japanese.yml,open_up_political_discourse_transformationism,政治論議を開く
english,bakasekai/additional_decisions_l_japanese.yml,open_up_political_discourse_transformationism_desc,我々は政府の視野を広げることを受け入れる必要がある。おそらく、これは我が国の国政に平和的な変化をもたらすだろう。
english,bakasekai/additional_decisions_l_japanese.yml,philanthropy_on_the_rise,博愛主義の台頭
english,bakasekai/additional_decisions_l_japanese.yml,philanthropy_on_the_rise_desc,増え続ける住民の支持とともに、中立的、かつ民主的な価値に好意的な政治集団がその発言力を増しつつある。我が国の博愛主義による政治への道は、ただ平和的なもしくは流血を伴う選択を待つだけとなっている。
english,bakasekai/additional_decisions_l_japanese.yml,prepare_for_anarchism_civil_war,内戦の準備
english,bakasekai/additional_decisions_l_japanese.yml,prepare_for_anarchism_civil_war_desc,我々に市民の心境の変化をゆっくりと待っている時間はない。もしその過程で人命が失われることがあっても、迅速に事柄を推し進めねばならないだろう。平和的な国民投票とは異なり、内戦は我が国の軍隊、産業、インフラへ甚大な惨状をもたらすことになるが、前者よりも迅速に事が進み、終わった後は我々の意思をより強く浸透させることができる。
english,bakasekai/additional_decisions_l_japanese.yml,prepare_for_civilism_civil_war,内戦の準備
english,bakasekai/additional_decisions_l_japanese.yml,prepare_for_civilism_civil_war_desc,我々に市民の心境の変化をゆっくりと待っている時間はない。もしその過程で人命が失われることがあっても、迅速に事柄を推し進めねばならないだろう。平和的な国民投票とは異なり、内戦は我が国の軍隊、産業、インフラへ甚大な惨状をもたらすことになるが、前者よりも迅速に事が進み、終わった後は我々の意思をより強く浸透させることができる。
english,bakasekai/additional_decisions_l_japanese.yml,prepare_for_conservative_democracy_civil_war,内戦の準備
english,bakasekai/additional_decisions_l_japanese.yml,prepare_for_conservative_democracy_civil_war_desc,我々に市民の心境の変化をゆっくりと待っている時間はない。もしその過程で人命が失われることがあっても、迅速に事柄を推し進めねばならないだろう。平和的な国民投票とは異なり、内戦は我が国の軍隊、産業、インフラへ甚大な惨状をもたらすことになるが、前者よりも迅速に事が進み、終わった後は我々の意思をより強く浸透させることができる。
english,bakasekai/additional_decisions_l_japanese.yml,prepare_for_constitutional_monarchy_civil_war,内戦の準備
english,bakasekai/additional_decisions_l_japanese.yml,prepare_for_constitutional_monarchy_civil_war_desc,我々に市民の心境の変化をゆっくりと待っている時間はない。もしその過程で人命が失われることがあっても、迅速に事柄を推し進めねばならないだろう。平和的な国民投票とは異なり、内戦は我が国の軍隊、産業、インフラへ甚大な惨状をもたらすことになるが、前者よりも迅速に事が進み、終わった後は我々の意思をより強く浸透させることができる。
english,bakasekai/additional_decisions_l_japanese.yml,prepare_for_direct_democracy_civil_war,内戦の準備
english,bakasekai/additional_decisions_l_japanese.yml,prepare_for_direct_democracy_civil_war_desc,我々に市民の心境の変化をゆっくりと待っている時間はない。もしその過程で人命が失われることがあっても、迅速に事柄を推し進めねばならないだろう。平和的な国民投票とは異なり、内戦は我が国の軍隊、産業、インフラへ甚大な惨状をもたらすことになるが、前者よりも迅速に事が進み、終わった後は我々の意思をより強く浸透させることができる。
english,bakasekai/additional_decisions_l_japanese.yml,prepare_for_futurism_civil_war,内戦の準備
english,bakasekai/additional_decisions_l_japanese.yml,prepare_for_futurism_civil_war_desc,我々に市民の心境の変化をゆっくりと待っている時間はない。もしその過程で人命が失われることがあっても、迅速に事柄を推し進めねばならないだろう。平和的な国民投票とは異なり、内戦は我が国の軍隊、産業、インフラへ甚大な惨状をもたらすことになるが、前者よりも迅速に事が進み、終わった後は我々の意思をより強く浸透させることができる。
english,bakasekai/additional_decisions_l_japanese.yml,prepare_for_hinnulism_civil_war,内戦の準備
english,bakasekai/additional_decisions_l_japanese.yml,prepare_for_hinnulism_civil_war_desc,我々に市民の心境の変化をゆっくりと待っている時間はない。もしその過程で人命が失われることがあっても、迅速に事柄を推し進めねばならないだろう。平和的な国民投票とは異なり、内戦は我が国の軍隊、産業、インフラへ甚大な惨状をもたらすことになるが、前者よりも迅速に事が進み、終わった後は我々の意思をより強く浸透させることができる。
english,bakasekai/additional_decisions_l_japanese.yml,prepare_for_horizontalism_civil_war,内戦の準備
english,bakasekai/additional_decisions_l_japanese.yml,prepare_for_horizontalism_civil_war_desc,我々に市民の心境の変化をゆっくりと待っている時間はない。もしその過程で人命が失われることがあっても、迅速に事柄を推し進めねばならないだろう。平和的な国民投票とは異なり、内戦は我が国の軍隊、産業、インフラへ甚大な惨状をもたらすことになるが、前者よりも迅速に事が進み、終わった後は我々の意思をより強く浸透させることができる。
english,bakasekai/additional_decisions_l_japanese.yml,prepare_for_intellectualism_civil_war,内戦の準備
english,bakasekai/additional_decisions_l_japanese.yml,prepare_for_intellectualism_civil_war_desc,我々に市民の心境の変化をゆっくりと待っている時間はない。もしその過程で人命が失われることがあっても、迅速に事柄を推し進めねばならないだろう。平和的な国民投票とは異なり、内戦は我が国の軍隊、産業、インフラへ甚大な惨状をもたらすことになるが、前者よりも迅速に事が進み、終わった後は我々の意思をより強く浸透させることができる。
english,bakasekai/additional_decisions_l_japanese.yml,prepare_for_kyonulism_civil_war,内戦の準備
english,bakasekai/additional_decisions_l_japanese.yml,prepare_for_kyonulism_civil_war_desc,我々に市民の心境の変化をゆっくりと待っている時間はない。もしその過程で人命が失われることがあっても、迅速に事柄を推し進めねばならないだろう。平和的な国民投票とは異なり、内戦は我が国の軍隊、産業、インフラへ甚大な惨状をもたらすことになるが、前者よりも迅速に事が進み、終わった後は我々の意思をより強く浸透させることができる。
english,bakasekai/additional_decisions_l_japanese.yml,prepare_for_longitudinalism_civil_war,内戦の準備
english,bakasekai/additional_decisions_l_japanese.yml,prepare_for_longitudinalism_civil_war_desc,我々に市民の心境の変化をゆっくりと待っている時間はない。もしその過程で人命が失われることがあっても、迅速に事柄を推し進めねばならないだろう。平和的な国民投票とは異なり、内戦は我が国の軍隊、産業、インフラへ甚大な惨状をもたらすことになるが、前者よりも迅速に事が進み、終わった後は我々の意思をより強く浸透させることができる。
english,bakasekai/additional_decisions_l_japanese.yml,prepare_for_mythologicalism_civil_war,内戦の準備
english,bakasekai/additional_decisions_l_japanese.yml,prepare_for_mythologicalism_civil_war_desc,我々に市民の心境の変化をゆっくりと待っている時間はない。もしその過程で人命が失われることがあっても、迅速に事柄を推し進めねばならないだろう。平和的な国民投票とは異なり、内戦は我が国の軍隊、産業、インフラへ甚大な惨状をもたらすことになるが、前者よりも迅速に事が進み、終わった後は我々の意思をより強く浸透させることができる。
english,bakasekai/additional_decisions_l_japanese.yml,prepare_for_neutrality_civil_war,内戦の準備
english,bakasekai/additional_decisions_l_japanese.yml,prepare_for_neutrality_civil_war_desc,我々に市民の心境の変化をゆっくりと待っている時間はない。もしその過程で人命が失われることがあっても、迅速に事柄を推し進めねばならないだろう。平和的な国民投票とは異なり、内戦は我が国の軍隊、産業、インフラへ甚大な惨状をもたらすことになるが、前者よりも迅速に事が進み、終わった後は我々の意思をより強く浸透させることができる。
english,bakasekai/additional_decisions_l_japanese.yml,prepare_for_non_resistance_civil_war,内戦の準備
english,bakasekai/additional_decisions_l_japanese.yml,prepare_for_non_resistance_civil_war_desc,我々に市民の心境の変化をゆっくりと待っている時間はない。もしその過程で人命が失われることがあっても、迅速に事柄を推し進めねばならないだろう。平和的な国民投票とは異なり、内戦は我が国の軍隊、産業、インフラへ甚大な惨状をもたらすことになるが、前者よりも迅速に事が進み、終わった後は我々の意思をより強く浸透させることができる。
english,bakasekai/additional_decisions_l_japanese.yml,prepare_for_philanthropy_civil_war,内戦の準備
english,bakasekai/additional_decisions_l_japanese.yml,prepare_for_philanthropy_civil_war_desc,我々に市民の心境の変化をゆっくりと待っている時間はない。もしその過程で人命が失われることがあっても、迅速に事柄を推し進めねばならないだろう。平和的な国民投票とは異なり、内戦は我が国の軍隊、産業、インフラへ甚大な惨状をもたらすことになるが、前者よりも迅速に事が進み、終わった後は我々の意思をより強く浸透させることができる。
english,bakasekai/additional_decisions_l_japanese.yml,prepare_for_rightneutrality_civil_war,内戦の準備
english,bakasekai/additional_decisions_l_japanese.yml,prepare_for_rightneutrality_civil_war_desc,我々に市民の心境の変化をゆっくりと待っている時間はない。もしその過程で人命が失われることがあっても、迅速に事柄を推し進めねばならないだろう。平和的な国民投票とは異なり、内戦は我が国の軍隊、産業、インフラへ甚大な惨状をもたらすことになるが、前者よりも迅速に事が進み、終わった後は我々の意思をより強く浸透させることができる。
english,bakasekai/additional_decisions_l_japanese.yml,prepare_for_ruinism_civil_war,内戦の準備
english,bakasekai/additional_decisions_l_japanese.yml,prepare_for_ruinism_civil_war_desc,我々に市民の心境の変化をゆっくりと待っている時間はない。もしその過程で人命が失われることがあっても、迅速に事柄を推し進めねばならないだろう。平和的な国民投票とは異なり、内戦は我が国の軍隊、産業、インフラへ甚大な惨状をもたらすことになるが、前者よりも迅速に事が進み、終わった後は我々の意思をより強く浸透させることができる。
english,bakasekai/additional_decisions_l_japanese.yml,prepare_for_stupidism_civil_war,内戦の準備
english,bakasekai/additional_decisions_l_japanese.yml,prepare_for_stupidism_civil_war_desc,我々に市民の心境の変化をゆっくりと待っている時間はない。もしその過程で人命が失われることがあっても、迅速に事柄を推し進めねばならないだろう。平和的な国民投票とは異なり、内戦は我が国の軍隊、産業、インフラへ甚大な惨状をもたらすことになるが、前者よりも迅速に事が進み、終わった後は我々の意思をより強く浸透させることができる。
english,bakasekai/additional_decisions_l_japanese.yml,prepare_for_technicalism_civil_war,内戦の準備
english,bakasekai/additional_decisions_l_japanese.yml,prepare_for_technicalism_civil_war_desc,我々に市民の心境の変化をゆっくりと待っている時間はない。もしその過程で人命が失われることがあっても、迅速に事柄を推し進めねばならないだろう。平和的な国民投票とは異なり、内戦は我が国の軍隊、産業、インフラへ甚大な惨状をもたらすことになるが、前者よりも迅速に事が進み、終わった後は我々の意思をより強く浸透させることができる。
english,bakasekai/additional_decisions_l_japanese.yml,prepare_for_transformationism_civil_war,内戦の準備
english,bakasekai/additional_decisions_l_japanese.yml,prepare_for_transformationism_civil_war_desc,我々に市民の心境の変化をゆっくりと待っている時間はない。もしその過程で人命が失われることがあっても、迅速に事柄を推し進めねばならないだろう。平和的な国民投票とは異なり、内戦は我が国の軍隊、産業、インフラへ甚大な惨状をもたらすことになるが、前者よりも迅速に事が進み、終わった後は我々の意思をより強く浸透させることができる。
english,bakasekai/additional_decisions_l_japanese.yml,rebuild_the_nation_anarchism,国家再建
english,bakasekai/additional_decisions_l_japanese.yml,rebuild_the_nation_anarchism_desc,内戦の後、荒れ果てた我が国を再建する時が来た。
english,bakasekai/additional_decisions_l_japanese.yml,rebuild_the_nation_civilism,国家再建
english,bakasekai/additional_decisions_l_japanese.yml,rebuild_the_nation_civilism_desc,内戦の後、荒れ果てた我が国を再建する時が来た。
english,bakasekai/additional_decisions_l_japanese.yml,rebuild_the_nation_conservative_democracy,国家再建
english,bakasekai/additional_decisions_l_japanese.yml,rebuild_the_nation_conservative_democracy_desc,内戦の後、荒れ果てた我が国を再建する時が来た。
english,bakasekai/additional_decisions_l_japanese.yml,rebuild_the_nation_constitutional_monarchy,国家再建
english,bakasekai/additional_decisions_l_japanese.yml,rebuild_the_nation_constitutional_monarchy_desc,内戦の後、荒れ果てた我が国を再建する時が来た。
english,bakasekai/additional_decisions_l_japanese.yml,rebuild_the_nation_direct_democracy,国家再建
english,bakasekai/additional_decisions_l_japanese.yml,rebuild_the_nation_direct_democracy_desc,内戦の後、荒れ果てた我が国を再建する時が来た。
english,bakasekai/additional_decisions_l_japanese.yml,rebuild_the_nation_futurism,国家再建
english,bakasekai/additional_decisions_l_japanese.yml,rebuild_the_nation_futurism_desc,内戦の後、荒れ果てた我が国を再建する時が来た。
english,bakasekai/additional_decisions_l_japanese.yml,rebuild_the_nation_hinnulism,国家再建
english,bakasekai/additional_decisions_l_japanese.yml,rebuild_the_nation_hinnulism_desc,内戦の後、荒れ果てた我が国を再建する時が来た。
english,bakasekai/additional_decisions_l_japanese.yml,rebuild_the_nation_horizontalism,国家再建
english,bakasekai/additional_decisions_l_japanese.yml,rebuild_the_nation_horizontalism_desc,内戦の後、荒れ果てた我が国を再建する時が来た。
english,bakasekai/additional_decisions_l_japanese.yml,rebuild_the_nation_intellectualism,国家再建
english,bakasekai/additional_decisions_l_japanese.yml,rebuild_the_nation_intellectualism_desc,内戦の後、荒れ果てた我が国を再建する時が来た。
english,bakasekai/additional_decisions_l_japanese.yml,rebuild_the_nation_kyonulism,国家再建
english,bakasekai/additional_decisions_l_japanese.yml,rebuild_the_nation_kyonulism_desc,内戦の後、荒れ果てた我が国を再建する時が来た。
english,bakasekai/additional_decisions_l_japanese.yml,rebuild_the_nation_longitudinalism,国家再建
english,bakasekai/additional_decisions_l_japanese.yml,rebuild_the_nation_longitudinalism_desc,内戦の後、荒れ果てた我が国を再建する時が来た。
english,bakasekai/additional_decisions_l_japanese.yml,rebuild_the_nation_mythologicalism,国家再建
english,bakasekai/additional_decisions_l_japanese.yml,rebuild_the_nation_mythologicalism_desc,内戦の後、荒れ果てた我が国を再建する時が来た。
english,bakasekai/additional_decisions_l_japanese.yml,rebuild_the_nation_neutrality,国家再建
english,bakasekai/additional_decisions_l_japanese.yml,rebuild_the_nation_neutrality_desc,内戦の後、荒れ果てた我が国を再建する時が来た。
english,bakasekai/additional_decisions_l_japanese.yml,rebuild_the_nation_non_resistance,国家再建
english,bakasekai/additional_decisions_l_japanese.yml,rebuild_the_nation_non_resistance_desc,内戦の後、荒れ果てた我が国を再建する時が来た。
english,bakasekai/additional_decisions_l_japanese.yml,rebuild_the_nation_philanthropy,国家再建
english,bakasekai/additional_decisions_l_japanese.yml,rebuild_the_nation_philanthropy_desc,内戦の後、荒れ果てた我が国を再建する時が来た。
english,bakasekai/additional_decisions_l_japanese.yml,rebuild_the_nation_rightneutrality,国家再建
english,bakasekai/additional_decisions_l_japanese.yml,rebuild_the_nation_rightneutrality_desc,内戦の後、荒れ果てた我が国を再建する時が来た。
english,bakasekai/additional_decisions_l_japanese.yml,rebuild_the_nation_ruinism,国家再建
english,bakasekai/additional_decisions_l_japanese.yml,rebuild_the_nation_ruinism_desc,内戦の後、荒れ果てた我が国を再建する時が来た。
english,bakasekai/additional_decisions_l_japanese.yml,rebuild_the_nation_stupidism,国家再建
english,bakasekai/additional_decisions_l_japanese.yml,rebuild_the_nation_stupidism_desc,内戦の後、荒れ果てた我が国を再建する時が来た。
english,bakasekai/additional_decisions_l_japanese.yml,rebuild_the_nation_technicalism,国家再建
english,bakasekai/additional_decisions_l_japanese.yml,rebuild_the_nation_technicalism_desc,内戦の後、荒れ果てた我が国を再建する時が来た。
english,bakasekai/additional_decisions_l_japanese.yml,rebuild_the_nation_transformationism,国家再建
english,bakasekai/additional_decisions_l_japanese.yml,rebuild_the_nation_transformationism_desc,内戦の後、荒れ果てた我が国を再建する時が来た。
english,bakasekai/additional_decisions_l_japanese.yml,rightneutrality_on_the_rise,右派中道主義の台頭
english,bakasekai/additional_decisions_l_japanese.yml,rightneutrality_on_the_rise_desc,増え続ける住民の支持とともに、右派中道的な価値に好意的な政治集団がその発言力を増しつつある。我が国の右派による政治への道は、ただ平和的なもしくは流血を伴う選択を待つだけとなっている。
english,bakasekai/additional_decisions_l_japanese.yml,ruinism_on_the_rise,破滅主義の台頭
english,bakasekai/additional_decisions_l_japanese.yml,ruinism_on_the_rise_desc,増え続ける住民の支持とともに、破滅的な価値に好意的な政治集団がその発言力を増しつつある。我が国の破滅への道は、ただ平和的なもしくは流血を伴う選択を待つだけとなっている。
english,bakasekai/additional_decisions_l_japanese.yml,siphon_equipment_stockpiles_for_anarchism_civil_war,装備の横領
english,bakasekai/additional_decisions_l_japanese.yml,siphon_equipment_stockpiles_for_anarchism_civil_war_desc,国の装備備蓄をかすめ取ることで、将来的な闘争の助けとなる小規模な隠し武器庫を作ることができるだろう。
english,bakasekai/additional_decisions_l_japanese.yml,siphon_equipment_stockpiles_for_civilism_civil_war,装備の横領
english,bakasekai/additional_decisions_l_japanese.yml,siphon_equipment_stockpiles_for_civilism_civil_war_desc,国の装備備蓄をかすめ取ることで、将来的な闘争の助けとなる小規模な隠し武器庫を作ることができるだろう。
english,bakasekai/additional_decisions_l_japanese.yml,siphon_equipment_stockpiles_for_conservative_democracy_civil_war,装備の横領
english,bakasekai/additional_decisions_l_japanese.yml,siphon_equipment_stockpiles_for_conservative_democracy_civil_war_desc,国の装備備蓄をかすめ取ることで、将来的な闘争の助けとなる小規模な隠し武器庫を作ることができるだろう。
english,bakasekai/additional_decisions_l_japanese.yml,siphon_equipment_stockpiles_for_constitutional_monarchy_civil_war,装備の横領
english,bakasekai/additional_decisions_l_japanese.yml,siphon_equipment_stockpiles_for_constitutional_monarchy_civil_war_desc,国の装備備蓄をかすめ取ることで、将来的な闘争の助けとなる小規模な隠し武器庫を作ることができるだろう。
english,bakasekai/additional_decisions_l_japanese.yml,siphon_equipment_stockpiles_for_direct_democracy_civil_war,装備の横領
english,bakasekai/additional_decisions_l_japanese.yml,siphon_equipment_stockpiles_for_direct_democracy_civil_war_desc,国の装備備蓄をかすめ取ることで、将来的な闘争の助けとなる小規模な隠し武器庫を作ることができるだろう。
english,bakasekai/additional_decisions_l_japanese.yml,siphon_equipment_stockpiles_for_futurism_civil_war,装備の横領
english,bakasekai/additional_decisions_l_japanese.yml,siphon_equipment_stockpiles_for_futurism_civil_war_desc,国の装備備蓄をかすめ取ることで、将来的な闘争の助けとなる小規模な隠し武器庫を作ることができるだろう。
english,bakasekai/additional_decisions_l_japanese.yml,siphon_equipment_stockpiles_for_hinnulism_civil_war,装備の横領
english,bakasekai/additional_decisions_l_japanese.yml,siphon_equipment_stockpiles_for_hinnulism_civil_war_desc,国の装備備蓄をかすめ取ることで、将来的な闘争の助けとなる小規模な隠し武器庫を作ることができるだろう。
english,bakasekai/additional_decisions_l_japanese.yml,siphon_equipment_stockpiles_for_horizontalism_civil_war,装備の横領
english,bakasekai/additional_decisions_l_japanese.yml,siphon_equipment_stockpiles_for_horizontalism_civil_war_desc,国の装備備蓄をかすめ取ることで、将来的な闘争の助けとなる小規模な隠し武器庫を作ることができるだろう。
english,bakasekai/additional_decisions_l_japanese.yml,siphon_equipment_stockpiles_for_intellectualism_civil_war,装備の横領
english,bakasekai/additional_decisions_l_japanese.yml,siphon_equipment_stockpiles_for_intellectualism_civil_war_desc,国の装備備蓄をかすめ取ることで、将来的な闘争の助けとなる小規模な隠し武器庫を作ることができるだろう。
english,bakasekai/additional_decisions_l_japanese.yml,siphon_equipment_stockpiles_for_kyonulism_civil_war,装備の横領
english,bakasekai/additional_decisions_l_japanese.yml,siphon_equipment_stockpiles_for_kyonulism_civil_war_desc,国の装備備蓄をかすめ取ることで、将来的な闘争の助けとなる小規模な隠し武器庫を作ることができるだろう。
english,bakasekai/additional_decisions_l_japanese.yml,siphon_equipment_stockpiles_for_longitudinalism_civil_war,装備の横領
english,bakasekai/additional_decisions_l_japanese.yml,siphon_equipment_stockpiles_for_longitudinalism_civil_war_desc,国の装備備蓄をかすめ取ることで、将来的な闘争の助けとなる小規模な隠し武器庫を作ることができるだろう。
english,bakasekai/additional_decisions_l_japanese.yml,siphon_equipment_stockpiles_for_mythologicalism_civil_war,装備の横領
english,bakasekai/additional_decisions_l_japanese.yml,siphon_equipment_stockpiles_for_mythologicalism_civil_war_desc,国の装備備蓄をかすめ取ることで、将来的な闘争の助けとなる小規模な隠し武器庫を作ることができるだろう。
english,bakasekai/additional_decisions_l_japanese.yml,siphon_equipment_stockpiles_for_neutrality_civil_war,装備の横領
english,bakasekai/additional_decisions_l_japanese.yml,siphon_equipment_stockpiles_for_neutrality_civil_war_desc,国の装備備蓄をかすめ取ることで、将来的な闘争の助けとなる小規模な隠し武器庫を作ることができるだろう。
english,bakasekai/additional_decisions_l_japanese.yml,siphon_equipment_stockpiles_for_non_resistance_civil_war,装備の横領
english,bakasekai/additional_decisions_l_japanese.yml,siphon_equipment_stockpiles_for_non_resistance_civil_war_desc,国の装備備蓄をかすめ取ることで、将来的な闘争の助けとなる小規模な隠し武器庫を作ることができるだろう。
english,bakasekai/additional_decisions_l_japanese.yml,siphon_equipment_stockpiles_for_philanthropy_civil_war,装備の横領
english,bakasekai/additional_decisions_l_japanese.yml,siphon_equipment_stockpiles_for_philanthropy_civil_war_desc,国の装備備蓄をかすめ取ることで、将来的な闘争の助けとなる小規模な隠し武器庫を作ることができるだろう。
english,bakasekai/additional_decisions_l_japanese.yml,siphon_equipment_stockpiles_for_rightneutrality_civil_war,装備の横領
english,bakasekai/additional_decisions_l_japanese.yml,siphon_equipment_stockpiles_for_rightneutrality_civil_war_desc,国の装備備蓄をかすめ取ることで、将来的な闘争の助けとなる小規模な隠し武器庫を作ることができるだろう。
english,bakasekai/additional_decisions_l_japanese.yml,siphon_equipment_stockpiles_for_ruinism_civil_war,装備の横領
english,bakasekai/additional_decisions_l_japanese.yml,siphon_equipment_stockpiles_for_ruinism_civil_war_desc,国の装備備蓄をかすめ取ることで、将来的な闘争の助けとなる小規模な隠し武器庫を作ることができるだろう。
english,bakasekai/additional_decisions_l_japanese.yml,siphon_equipment_stockpiles_for_stupidism_civil_war,装備の横領
english,bakasekai/additional_decisions_l_japanese.yml,siphon_equipment_stockpiles_for_stupidism_civil_war_desc,国の装備備蓄をかすめ取ることで、将来的な闘争の助けとなる小規模な隠し武器庫を作ることができるだろう。
english,bakasekai/additional_decisions_l_japanese.yml,siphon_equipment_stockpiles_for_technicalism_civil_war,装備の横領
english,bakasekai/additional_decisions_l_japanese.yml,siphon_equipment_stockpiles_for_technicalism_civil_war_desc,国の装備備蓄をかすめ取ることで、将来的な闘争の助けとなる小規模な隠し武器庫を作ることができるだろう。
english,bakasekai/additional_decisions_l_japanese.yml,siphon_equipment_stockpiles_for_transformationism_civil_war,装備の横領
english,bakasekai/additional_decisions_l_japanese.yml,siphon_equipment_stockpiles_for_transformationism_civil_war_desc,国の装備備蓄をかすめ取ることで、将来的な闘争の助けとなる小規模な隠し武器庫を作ることができるだろう。
english,bakasekai/additional_decisions_l_japanese.yml,stupidism_on_the_rise,バカの台頭
english,bakasekai/additional_decisions_l_japanese.yml,stupidism_on_the_rise_desc,増え続ける住民の支持とともに、退廃、反知識的な価値に好意的な政治集団がその発言力を増しつつある。我が国のバカによる政治への道は、ただ平和的なもしくは流血を伴う選択を待つだけとなっている。
english,bakasekai/additional_decisions_l_japanese.yml,technicalism_on_the_rise,技術主義の台頭
english,bakasekai/additional_decisions_l_japanese.yml,technicalism_on_the_rise_desc,増え続ける住民の支持とともに、技術的な価値に好意的な政治集団がその発言力を増しつつある。我が国の技術革新への道は、ただ平和的なもしくは流血を伴う選択を待つだけとなっている。
english,bakasekai/additional_decisions_l_japanese.yml,transformationism_on_the_rise,変革主義の台頭
english,bakasekai/additional_decisions_l_japanese.yml,transformationism_on_the_rise_desc,増え続ける住民の支持とともに、変革的な価値に好意的な政治集団がその発言力を増しつつある。我が国の変革への道は、ただ平和的なもしくは流血を伴う選択を待つだけとなっている。
english,bakasekai/additional_traits_l_japanese.yml,anarchism_drift,日毎の無政府主義への支援
english,bakasekai/additional_traits_l_japanese.yml,anarchist,無政府主義者
english,bakasekai/additional_traits_l_japanese.yml,civilism_drift,日毎の市民主義への支援
english,bakasekai/additional_traits_l_japanese.yml,civilism_enlightener,市民主義啓蒙家
english,bakasekai/additional_traits_l_japanese.yml,communism_ideology_drift,日毎の共産主義への支援
english,bakasekai/additional_traits_l_japanese.yml,conservative_democracy_activist,保守的な活動家
english,bakasekai/additional_traits_l_japanese.yml,conservative_democracy_drift,日毎の保守的民主主義への支援
english,bakasekai/additional_traits_l_japanese.yml,constitutional_monarchist,立憲君主の擁護者
english,bakasekai/additional_traits_l_japanese.yml,constitutional_monarchy_drift,日毎の立憲君主政体への支援
english,bakasekai/additional_traits_l_japanese.yml,democratic_ideology_drift,日毎の民主主義への支援
english,bakasekai/additional_traits_l_japanese.yml,dependentist,従属主義者
english,bakasekai/additional_traits_l_japanese.yml,devout_believer,敬虔な信者
english,bakasekai/additional_traits_l_japanese.yml,direct_democracy_campaigner,直接民主制の呼びかけ人
english,bakasekai/additional_traits_l_japanese.yml,direct_democracy_drift,日毎の直接民主制への支援
english,bakasekai/additional_traits_l_japanese.yml,fascism_ideology_drift,日毎のファシズムへの支援
english,bakasekai/additional_traits_l_japanese.yml,futuric_thinker,未来的思想家
english,bakasekai/additional_traits_l_japanese.yml,futurism_drift,日毎の未来主義への支援
english,bakasekai/additional_traits_l_japanese.yml,hinnulism_drift,日毎のひんぬー主義への支援
english,bakasekai/additional_traits_l_japanese.yml,hinnulist,貧乳好き
english,bakasekai/additional_traits_l_japanese.yml,horizontalism_drift,日毎の横長主義への支援
english,bakasekai/additional_traits_l_japanese.yml,horizontalist,横長な人
english,bakasekai/additional_traits_l_japanese.yml,intellectualism_drift,日毎の知識主義への支援
english,bakasekai/additional_traits_l_japanese.yml,intelligentsia,知識人
english,bakasekai/additional_traits_l_japanese.yml,is_hiring_any_ideology_drift_tt,他のイデオロギー変更系閣僚を雇っていない
english,bakasekai/additional_traits_l_japanese.yml,kyonulism_drift,日毎のきょぬー主義への支援
english,bakasekai/additional_traits_l_japanese.yml,kyonulist,巨乳好き
english,bakasekai/additional_traits_l_japanese.yml,longitudinalism_drift,日毎の縦長主義への支援
english,bakasekai/additional_traits_l_japanese.yml,longitudinalist,縦長な人
english,bakasekai/additional_traits_l_japanese.yml,mythologicalism_drift,日毎の神話主義への支援
english,bakasekai/additional_traits_l_japanese.yml,neutrality_democrat_propagandist,中立的民主主義の喧伝家
english,bakasekai/additional_traits_l_japanese.yml,neutrality_ideology_drift,日毎の中道主義への支援
english,bakasekai/additional_traits_l_japanese.yml,non_resistance_drift,日毎の無抵抗主義への支援
english,bakasekai/additional_traits_l_japanese.yml,philanthropy_drift,日毎の博愛主義への支援
english,bakasekai/additional_traits_l_japanese.yml,rightneutrality_drift,日毎の中道右派への支援
english,bakasekai/additional_traits_l_japanese.yml,rightneutrality_supporter,中道右派の共感者
english,bakasekai/additional_traits_l_japanese.yml,ruin_bringer,破滅をもたらす者
english,bakasekai/additional_traits_l_japanese.yml,ruinism_drift,日毎の破滅主義への支援
english,bakasekai/additional_traits_l_japanese.yml,stupid_trait,バカ
english,bakasekai/additional_traits_l_japanese.yml,stupidism_drift,日毎のバカ主義への支援
english,bakasekai/additional_traits_l_japanese.yml,technicalism_drift,日毎の技術至上主義への支援
english,bakasekai/additional_traits_l_japanese.yml,technocrat,技術官僚
english,bakasekai/additional_traits_l_japanese.yml,trait_centrist,中道主義者
english,bakasekai/additional_traits_l_japanese.yml,transformationism_drift,日毎の変革主義への支援
english,bakasekai/additional_traits_l_japanese.yml,transformationism_wonder,変革の希求者
english,bakasekai/baka_traits_l_japanese.yml,Poemer,ポエマー
english,bakasekai/baka_traits_l_japanese.yml,Political_edge,政治的縁故
english,bakasekai/baka_traits_l_japanese.yml,Self_contained_text,自己完結型文章
english,bakasekai/baka_traits_l_japanese.yml,Words_that_dont_make_sense,意味をなさない言葉
english,bakasekai/baka_traits_l_japanese.yml,barenakya_hanzaijya_nai,バレなきゃ犯罪じゃないんですよ
english,bakasekai/baka_traits_l_japanese.yml,dont_ill_because_baka,バカは風邪を引かない
english,bakasekai/baka_traits_l_japanese.yml,foolish_urban_planner,バカの都市計画
english,bakasekai/baka_traits_l_japanese.yml,hataraitara_make,働いたら、負け
english,bakasekai/baka_traits_l_japanese.yml,keyboard_wizard,キーボード魔術師
english,bakasekai/baka_traits_l_japanese.yml,lovable_fool,愛すべきバカ
english,bakasekai/baka_traits_l_japanese.yml,nanka_souiu_data_arundesuka,なんかそういうデータあるんですか？
english,bakasekai/baka_traits_l_japanese.yml,optimistic_genius,楽観主義の天才
english,bakasekai/baka_traits_l_japanese.yml,paperwork_supremacist,書類至上主義者
english,bakasekai/baka_traits_l_japanese.yml,penny_pincher,ドケチ
english,bakasekai/baka_traits_l_japanese.yml,puppet_dumb_educator,傀儡国のバカ教育家
english,bakasekai/baka_traits_l_japanese.yml,shindamewosita_higeoyaji,死んだ魚の目をしたヒゲオヤジ
english,bakasekai/baka_traits_l_japanese.yml,sorette_anatano_kansou_desuyone,それってあなたの感想ですよね
english,bakasekai/baka_traits_l_japanese.yml,stupid_alchemist,アホな錬金術師
english,bakasekai/baka_traits_l_japanese.yml,technology_thief,技術盗賊
english,bakasekai/baka_traits_l_japanese.yml,uniform_maniac_minister,軍服マニアの大臣
english,bakasekai/baka_traits_l_japanese.yml,unreliable_prophet,偉大なる予言者（当たらない）
english,bakasekai/baka_traits_l_japanese.yml,uso_tsukuno_yametemoratte_iidesuka,嘘つくのやめてもらっていいですか？
english,bakasekai/baka_traits_l_japanese.yml,water_to_oil,水から石油
english,bakasekai/baka_traits_l_japanese.yml,yurushite_hiyashinsu,許してヒヤシンス
english,bakasekai/bsm_system_l_japanese.yml,USA_GENERIC_GATHERING_STORM_DESC,かつて世界最強を誇った超大国アメリカは、今や複数の企業系国家に分裂している。カリフォルニア、テキサス、ニューヨークヤンキースなど、各地域はそれぞれ独自の特色を持つ企業や組織によって統治されている。豊富な資源と技術力は健在だが、内部での競争も激しい。分裂した大陸に、再び統一の時は訪れるのだろうか？
english,bakasekai/btl_l_japanese.yml,BTL_GATHERING_STORM_DESC,バトル三国は、東欧の要衝に位置する資源豊富な地域である。豊かな鉱物資源と肥沃な農地、長い軍事的伝統を持つこの地域では、複数の政治勢力が覇権を巡って競い合っている。各勢力は時に対立し、時に協力する複雑な関係を築いてきた。嵐の前の静けさ。戦争の影が迫る中、我々は次の一手を考えなければならない。
english,bakasekai/generic_focus_l_japanese.yml,GCS_ALLIANCE_EXISTS_TOOLTIP,[?ROOT.GetName]が地球市民社会維持のための同盟に参加します
english,bakasekai/generic_focus_l_japanese.yml,GCS_ALLIANCE_NOT_EXISTS_TOOLTIP,[?ROOT.GetName]が地球市民社会維持のための同盟を結成します
english,bakasekai/generic_focus_l_japanese.yml,The_Final_war,最終戦争構想
english,bakasekai/generic_focus_l_japanese.yml,The_Final_war_desc,さぁ、準備しようぜ
english,bakasekai/generic_focus_l_japanese.yml,civil_alliance,市民同盟軍
english,bakasekai/generic_focus_l_japanese.yml,civil_alliance_desc,市民同盟軍は、崇高なる我らの理想を実現するためにあらゆる手段を講じる。世界を文明化し、平和と繁栄をもたらすまで、我々は決して諦めない。
english,bakasekai/generic_focus_l_japanese.yml,civil_alliance_effect,[GetGCSAllianceActionTooltip]
english,bakasekai/generic_focus_l_japanese.yml,gc_policy,地球市民政策
english,bakasekai/generic_focus_l_japanese.yml,gc_policy_desc,地球市民政策は、国際的な協力と平和を促進するための政策だ。互いに理解し合い、共通の目標に向かって進むことが求められる。しかし、時には困難な選択を迫られることもある。そう。この崇高な理念を理解できない者たちがいるのだ。彼らは、我々の努力を無に帰すために、あらゆる手段を講じてくる。だが、我々は決して屈しない。そのために、我々は強く、賢く、そして団結して立ち向かう。
english,bakasekai/generic_focus_l_japanese.yml,sf_CAS_effort,CASへの注力
english,bakasekai/generic_focus_l_japanese.yml,sf_CAS_effort_desc,現代的な軍隊が求める支援は、地上車両だけでなく、空から共に行われねばならない。
english,bakasekai/generic_focus_l_japanese.yml,sf_GER_naval_effort2,造船所設備の拡大
english,bakasekai/generic_focus_l_japanese.yml,sf_GER_naval_effort2_desc,真に注目に値する海軍に創り直すため、造船能力を大いに拡大しなければならない。
english,bakasekai/generic_focus_l_japanese.yml,sf_NAV_effort,海軍への注力
english,bakasekai/generic_focus_l_japanese.yml,sf_NAV_effort_desc,新しい海の戦いは水上はもちろん、空中にも水面下にもその場を広げていくだろう。
english,bakasekai/generic_focus_l_japanese.yml,sf_PRM_ji_jia_bu_dui_henozhu_li_,機甲部隊への注力
english,bakasekai/generic_focus_l_japanese.yml,sf_PRM_ji_jia_bu_dui_henozhu_li__desc,歩兵の機械化で学んだことを生かし、装甲車両をより良く改善できるだろう。
english,bakasekai/generic_focus_l_japanese.yml,sf_PRM_undefined,装備への注力 II
english,bakasekai/generic_focus_l_japanese.yml,sf_PRM_undefined_desc,歩兵と支援部隊が可能な限り最高の装備を持てるよう、不断の努力を行わねばならない。
english,bakasekai/generic_focus_l_japanese.yml,sf_PRM_zhuang_bei_henozhu_li_iii,装備への注力 III
english,bakasekai/generic_focus_l_japanese.yml,sf_PRM_zhuang_bei_henozhu_li_iii_desc,外国製装備の模倣や購入よりも、歩兵用武器で世界の最先端になることを目指すべきである。
english,bakasekai/generic_focus_l_japanese.yml,sf_air_innovation,空軍改革
english,bakasekai/generic_focus_l_japanese.yml,sf_air_innovation_2,空軍改革 II
english,bakasekai/generic_focus_l_japanese.yml,sf_air_innovation_2_desc,我らが空において得るアドバンテージは素晴らしいものになるだろう。全力を挙げて戦闘機を開発しなければならない。
english,bakasekai/generic_focus_l_japanese.yml,sf_air_innovation_desc,現代戦において、空を支配せずに勝利は得られない。空軍発展のため、あらゆることを行わなければならない!
english,bakasekai/generic_focus_l_japanese.yml,sf_army_effort,陸軍への注力
english,bakasekai/generic_focus_l_japanese.yml,sf_army_effort_desc,空戦や海戦がどれだけ進歩しても、陸上戦闘は将来の戦争でも鍵であり続ける。備えることで、塹壕の地獄へ舞い戻ることを回避できるのだ。
english,bakasekai/generic_focus_l_japanese.yml,sf_aviation_effort,空軍力への注力
english,bakasekai/generic_focus_l_japanese.yml,sf_aviation_effort_2,空軍力への注力 II
english,bakasekai/generic_focus_l_japanese.yml,sf_aviation_effort_2_desc,空軍力を他部門の軍とうまく統合するには、航空機のさらなる進歩が必要だろう。
english,bakasekai/generic_focus_l_japanese.yml,sf_aviation_effort_desc,空の戦いにおいての技術的進化ほど速いものは他にない。近代国家なら熟達せねばならない分野が空軍力である。
english,bakasekai/generic_focus_l_japanese.yml,sf_aviation_effort_tt,§Y航空基地§!用の建築スロットが不十分
english,bakasekai/generic_focus_l_japanese.yml,sf_bomber_focus,爆撃機重視
english,bakasekai/generic_focus_l_japanese.yml,sf_bomber_focus_desc,人々は将来、今日の戦争の恐怖について、それを空から降り注ぐ猛火の雨にたとえるだろう。敵にこの物語を語らせるために、最善を尽くそう。
english,bakasekai/generic_focus_l_japanese.yml,sf_capital_ships_effort,主力艦への注力
english,bakasekai/generic_focus_l_japanese.yml,sf_capital_ships_effort_desc,最も戦艦を多く保有する国家が海を支配するだろう。空母と戦艦はそれぞれ海軍の優越性における新旧を象徴している。
english,bakasekai/generic_focus_l_japanese.yml,sf_collectivist_ethos,集産主義精神
english,bakasekai/generic_focus_l_japanese.yml,sf_collectivist_ethos_desc,敵が弱小国家を分割、征服するだろうが、国民は団結するだろう。全は一、一は全のために。
english,bakasekai/generic_focus_l_japanese.yml,sf_construction_effort,建設への注力
english,bakasekai/generic_focus_l_japanese.yml,sf_construction_effort_2,建設への注力 II
english,bakasekai/generic_focus_l_japanese.yml,sf_construction_effort_2_desc,工場を拡張し続けることは、貿易や更なる建設の取り組みのための物資生産のスピードアップを可能にする。
english,bakasekai/generic_focus_l_japanese.yml,sf_construction_effort_3,建設への注力 III
english,bakasekai/generic_focus_l_japanese.yml,sf_construction_effort_3_desc,インフラ網の拡大は建設能力を大きく向上させてきた。
english,bakasekai/generic_focus_l_japanese.yml,sf_construction_effort_desc,例え戦争が世界中で勃発しようと、民間の生産能力を過小評価してはならない。
english,bakasekai/generic_focus_l_japanese.yml,sf_construction_effort_tt,§Y民需工場§!用の建築スロットが不十分
english,bakasekai/generic_focus_l_japanese.yml,sf_cruiser_effort,巡洋艦への注力
english,bakasekai/generic_focus_l_japanese.yml,sf_cruiser_effort_desc,先進的な戦艦の研究に着手する前に、小型巡洋艦の更新が必要である。
english,bakasekai/generic_focus_l_japanese.yml,sf_destroyer_effort,駆逐艦への注力
english,bakasekai/generic_focus_l_japanese.yml,sf_destroyer_effort_desc,潜水艦の設計、戦略的利用を研究する間に、こうした戦略にどう反撃すべきかを学習した。すなわち、駆逐艦をもってする反撃である。
english,bakasekai/generic_focus_l_japanese.yml,sf_deterrence,戦争抑止政策
english,bakasekai/generic_focus_l_japanese.yml,sf_deterrence_desc,孤立しているせいで、戦争で殆ど利益を得られない。幸運なことに我々は、よく知られている中でも最も有効な防衛法は戦争をしないことであると知っている。
english,bakasekai/generic_focus_l_japanese.yml,sf_doctrine_effort,ドクトリンへの注力
english,bakasekai/generic_focus_l_japanese.yml,sf_doctrine_effort_2,ドクトリンへの注力 II
english,bakasekai/generic_focus_l_japanese.yml,sf_doctrine_effort_2_desc,戦場は戦間期のみならず、最近の紛争の経過を通して変化している。このことを反映するためにドクトリンを絶えず再評価せねばならない。
english,bakasekai/generic_focus_l_japanese.yml,sf_doctrine_effort_desc,先の大戦の陸戦ドクトリンは、すでに時代遅れである。明日の軍事思想を成形する任務に対して最高の頭脳を割かなければならない。
english,bakasekai/generic_focus_l_japanese.yml,sf_equipment_effort,装備への注力
english,bakasekai/generic_focus_l_japanese.yml,sf_equipment_effort_desc,歩兵が持ち運べる装備の限界は絶え間なく押し上げられている。我々は可能な限り最高の装備を部隊に与えることを重視しよう。
english,bakasekai/generic_focus_l_japanese.yml,sf_extra_tech_slot,追加の研究枠
english,bakasekai/generic_focus_l_japanese.yml,sf_extra_tech_slot_2,追加の研究枠 II
english,bakasekai/generic_focus_l_japanese.yml,sf_extra_tech_slot_2_desc,我が国の急速な工業化によって、追求すべき研究開発の新たな局面が拓けた。
english,bakasekai/generic_focus_l_japanese.yml,sf_extra_tech_slot_desc,産業拡張およびその他の最近の進歩は、並行して複数の研究開発を実施することを可能にするかもしれない。
english,bakasekai/generic_focus_l_japanese.yml,sf_fighter_focus,戦闘機重視
english,bakasekai/generic_focus_l_japanese.yml,sf_fighter_focus_desc,世界大戦以来、我々は空中戦を目にしていない。戦闘機の開発を先行し続けることは将来、我々を優位に立たせるだろう。
english,bakasekai/generic_focus_l_japanese.yml,sf_flexible_navy,柔軟性のある海軍
english,bakasekai/generic_focus_l_japanese.yml,sf_flexible_navy_desc,潜水艦技術の進歩による海軍戦闘の改革によって、敵輸送船団の効率的な撃滅が可能になるだろう。
english,bakasekai/generic_focus_l_japanese.yml,sf_foreign_expeditions,海外出兵
english,bakasekai/generic_focus_l_japanese.yml,sf_foreign_expeditions_desc,敵はその理想のために遠く離れた紛争に介入する準備をしている。我々も用意をしなければ。
english,bakasekai/generic_focus_l_japanese.yml,sf_ideological_fanaticism,イデオロギー的狂信
english,bakasekai/generic_focus_l_japanese.yml,sf_ideological_fanaticism_desc,我々の政治的価値観及び目標は、古代における信仰と同じく、命を捧げるに足るものだ。支持者は皆、殉死する覚悟を持つべきであるし、それに疑いを持つものもまた然りだ。
english,bakasekai/generic_focus_l_japanese.yml,sf_indoctrination_focus,教化
english,bakasekai/generic_focus_l_japanese.yml,sf_indoctrination_focus_desc,我々のイデオロギーが真実であるとの認識を確立してしまえば、それは真実であると教えられるであろう。教育とメディアはこの教えに従うべきだ。
english,bakasekai/generic_focus_l_japanese.yml,sf_industrial_effort,工業への注力
english,bakasekai/generic_focus_l_japanese.yml,sf_industrial_effort_2,工業への注力 II
english,bakasekai/generic_focus_l_japanese.yml,sf_industrial_effort_2_desc,鉄の意志と苛酷な労働倫理により、国民をその他の偉大なる産業に動員できるのだ。
english,bakasekai/generic_focus_l_japanese.yml,sf_industrial_effort_desc,あらゆる政治的取り組みを民需産業の飛躍的増強のために注力する。
english,bakasekai/generic_focus_l_japanese.yml,sf_infrastructure_effort,インフラへの注力
english,bakasekai/generic_focus_l_japanese.yml,sf_infrastructure_effort_2,インフラへの注力 II
english,bakasekai/generic_focus_l_japanese.yml,sf_infrastructure_effort_2_desc,さらなるインフラ拡張によって、高度な秘密計画には必須となる輸送や通信が可能になるだろう。
english,bakasekai/generic_focus_l_japanese.yml,sf_infrastructure_effort_desc,適切なインフラのない国は先進的な事業計画も建築も追及できない。
english,bakasekai/generic_focus_l_japanese.yml,sf_infrastructure_effort_tt,§Yインフラ§!用の建築スロットが不十分
english,bakasekai/generic_focus_l_japanese.yml,sf_internationalism_focus,国際主義重視
english,bakasekai/generic_focus_l_japanese.yml,sf_internationalism_focus_desc,思想に国境はない。他国は君主制を採用するかもしれないが、我々の信念はそのようなものの上にある。
english,bakasekai/generic_focus_l_japanese.yml,sf_interventionism_focus,干渉主義重視
english,bakasekai/generic_focus_l_japanese.yml,sf_interventionism_focus_desc,全ての人の自由を重視する、それがたとえ我々の国民でなくともだ。邪魔となる暴君が戦争をしようというのであれば、そうするがいい。
english,bakasekai/generic_focus_l_japanese.yml,sf_large_navy,大規模な海軍
english,bakasekai/generic_focus_l_japanese.yml,sf_large_navy_desc,大型艦による輸送船団の安全確保へ海軍ドクトリンを最適化させることで、どのような艦艇を必要としているかよく分かるようになるだろう。
english,bakasekai/generic_focus_l_japanese.yml,sf_liberty_ethos,自由主義精神
english,bakasekai/generic_focus_l_japanese.yml,sf_liberty_ethos_desc,狂ったイデオロギーの持ち主が人の精神を追い詰めようとする今、我々は個人の解放と自由を保障しよう。
english,bakasekai/generic_focus_l_japanese.yml,sf_mechanization_effort,機械化への注力
english,bakasekai/generic_focus_l_japanese.yml,sf_mechanization_effort_desc,自動車化歩兵の可能性を再考することで、今日の自動車両の可能性の限界を突破することができる。
english,bakasekai/generic_focus_l_japanese.yml,sf_militarism,軍国主義
english,bakasekai/generic_focus_l_japanese.yml,sf_militarism_desc,軍を必要悪だとみなす奴らは戦争に直面すれば二の足を踏む運命にある。人々の心に軍国主義を染みつかせ、民を兵に変えよう。
english,bakasekai/generic_focus_l_japanese.yml,sf_military_youth,軍事的青少年団体
english,bakasekai/generic_focus_l_japanese.yml,sf_military_youth_desc,若者への規律と政治教育を振興する組織は、国への忠誠と自己犠牲の精神を育むだろう。
english,bakasekai/generic_focus_l_japanese.yml,sf_motorization_effort,自動車化への注力
english,bakasekai/generic_focus_l_japanese.yml,sf_motorization_effort_desc,機動力と防御力は歩兵を安全に戦場へ輸送、また撤退させる上で必要不可欠だ。この分野への注力は我々の迅速な対応を可能にするだろう。
english,bakasekai/generic_focus_l_japanese.yml,sf_nationalism_focus,国粋主義重視
english,bakasekai/generic_focus_l_japanese.yml,sf_nationalism_focus_desc,我が国は独立したものであり、その政治的成果は我が国においてのみ為されるべきである。どのような犠牲を払ってでもこれを守らなければならない。
english,bakasekai/generic_focus_l_japanese.yml,sf_naval_air_effort,海軍航空隊への注力
english,bakasekai/generic_focus_l_japanese.yml,sf_naval_air_effort_desc,海上目標に対する空襲の効果は、1921年には既にアメリカ人によって実証されている。海戦において勝利を得たいのならば、空軍を無視すべきではない。
english,bakasekai/generic_focus_l_japanese.yml,sf_naval_effort,海軍への注力
english,bakasekai/generic_focus_l_japanese.yml,sf_naval_effort_desc,海軍の拡充を、最優先事項とせねばならない。造船所に可能な資源を全て投入し、小型水上艦を研究するのだ。
english,bakasekai/generic_focus_l_japanese.yml,sf_naval_effort_tt,§Y海軍造船所§!用の建築スロットが不十分
english,bakasekai/generic_focus_l_japanese.yml,sf_neutrality_focus,中立主義重視
english,bakasekai/generic_focus_l_japanese.yml,sf_neutrality_focus_desc,他国は、国際的な摩擦において一方の肩を持つことが勇敢さであり、賢さだとみなしているようだが、我々はそれを拒むことがより良いことだと分かっている。
english,bakasekai/generic_focus_l_japanese.yml,sf_nuclear_effort,核兵器への注力
english,bakasekai/generic_focus_l_japanese.yml,sf_nuclear_effort_desc,世界を変える歴史の分岐点において、地球を一日で滅ぼしてしまうような火を、他国に灯されてはならないのだ。
english,bakasekai/generic_focus_l_japanese.yml,sf_paramilitarism,準軍国主義
english,bakasekai/generic_focus_l_japanese.yml,sf_paramilitarism_desc,軍国主義は、軍隊以外のところで応用される。準軍国主義的な者を軍に加えることで、より多くの国民が軍隊の訓練を受けるようになるだろう。
english,bakasekai/generic_focus_l_japanese.yml,sf_political_commissars,政治将校
english,bakasekai/generic_focus_l_japanese.yml,sf_political_commissars_desc,政治に軍事行動が付随することを確たるものとするため、軍上層部に政治的な将校を配属させよう。
english,bakasekai/generic_focus_l_japanese.yml,sf_political_correctness,政治的正当性
english,bakasekai/generic_focus_l_japanese.yml,sf_political_correctness_desc,議論の余地がある、もしくは事態をこじらせる主張を穏やかに行っている人々は、様々な陰謀に加担しているとみなされるだろう。これは、素晴らしいアイデアであるように思われる。
english,bakasekai/generic_focus_l_japanese.yml,sf_political_effort,政治的努力
english,bakasekai/generic_focus_l_japanese.yml,sf_political_effort_desc,世界を変容させるためには、自国を変容させることができる必要がある。まずは政治的な地位を強化することから始めるべきだろう。
english,bakasekai/generic_focus_l_japanese.yml,sf_production_effort,武装化への注力
english,bakasekai/generic_focus_l_japanese.yml,sf_production_effort_2,武装化への注力 II
english,bakasekai/generic_focus_l_japanese.yml,sf_production_effort_2_desc,民間工場で軍装品を生産させようというのは能率的でない。今は軍需生産に注力すべきだ。
english,bakasekai/generic_focus_l_japanese.yml,sf_production_effort_3,武装化への注力 III
english,bakasekai/generic_focus_l_japanese.yml,sf_production_effort_3_desc,新たな装備の需要を満たすためには、継続した軍需工場拡大の努力が必要である。
english,bakasekai/generic_focus_l_japanese.yml,sf_production_effort_desc,トラクターが作れるのなら、戦車だって作れるはずだ!軍事的生産力の立ち遅れは決して許されない。
english,bakasekai/generic_focus_l_japanese.yml,sf_production_effort_tt,§Y軍需工場§!用の建築スロットが不十分
english,bakasekai/generic_focus_l_japanese.yml,sf_rocket_effort,ロケットへの注力
english,bakasekai/generic_focus_l_japanese.yml,sf_rocket_effort_desc,ロケットエンジンとジェットエンジンは有人・無人を問わず、機体に前代未聞のスピードをもたらす。この技術の先駆者は、敵に驚異を与えるだろう。
english,bakasekai/generic_focus_l_japanese.yml,sf_secret_weapons,秘密兵器
english,bakasekai/generic_focus_l_japanese.yml,sf_secret_weapons_desc,余力をみな戦車と航空機の開発に注ぎこんでしまうのは魅力的な提案だが、戦争勝利の秘訣は新たな科学の領域－電子工学、ロケット工学、核研究－その全てにあるのだ。
english,bakasekai/generic_focus_l_japanese.yml,sf_special_forces,特殊部隊
english,bakasekai/generic_focus_l_japanese.yml,sf_special_forces_desc,我々には特殊部隊が必要である。よって、山岳部隊と空挺部隊を優先事項とせねばならない。
english,bakasekai/generic_focus_l_japanese.yml,sf_submarine_effort,潜水艦への注力
english,bakasekai/generic_focus_l_japanese.yml,sf_submarine_effort_desc,魚雷艇を開発して以来、潜水艦戦は最も関心の高い海軍の革新である。潜水艦対策のみならず、敵艦対策に潜水艦を利用することが上手くなるだろう。
english,bakasekai/generic_focus_l_japanese.yml,sf_synth_oil_effort_tt,§Y合成精製所§!用の建築スロットが不十分
english,bakasekai/generic_focus_l_japanese.yml,sf_technology_sharing,技術の共有
english,bakasekai/generic_focus_l_japanese.yml,sf_technology_sharing_desc,同盟国と技術の進歩を共有することで、陣営全体で戦時の研究開発をより効率的に遂行できるようになるだろう。
english,bakasekai/generic_focus_l_japanese.yml,sf_volunteer_corps,義勇軍
english,bakasekai/generic_focus_l_japanese.yml,sf_volunteer_corps_desc,国民を自由思想のために殉死させたとしても訓練にはならない。しかし、外国で人々を支援しようとする者のために、その手段を確立することはその限りではない。
english,bakasekai/generic_focus_l_japanese.yml,sf_why_we_fight,我々は何故戦うのか
english,bakasekai/generic_focus_l_japanese.yml,sf_why_we_fight_desc,世界情勢は極めて不安定なものになってきている。人々は、力に飢えた奴らによって行われる残虐行為が見たいようだ。国民に我らの大義を思い起こさせ、自由のための戦いの準備はもう済んでいることを確信させなければならない。
english,bakasekai/generic_focus_l_japanese.yml,sf_why_we_fight_effect,§Y中立的外交政策§!の精神がない場合、陣営を創設することができる。\n
english,bakasekai/kor_l_japanese.yml,KOR_Yiun,昌徳宮李王垠
english,bakasekai/lon_I_japanese.yml,EV_OK,わかった。
english,bakasekai/lon_I_japanese.yml,LON.1.desc,サー・フランク・ニューソン＝スミスが、ジョージ・ブロードブリッジ男爵の後任として、新しいロンドン市長に任命されました。
english,bakasekai/lon_I_japanese.yml,LON.1.t,フランク・ニューソン＝スミス市長就任
english,bakasekai/lon_I_japanese.yml,LON.10.desc,サー・フランク・アレクサンダーが、サー・ウィリアム・コクセンの後任として、新しいロンドン市長に任命されました。
english,bakasekai/lon_I_japanese.yml,LON.10.t,フランク・アレクサンダー市長就任
english,bakasekai/lon_I_japanese.yml,LON.14.desc,独立の混乱の中で、長きにわたり本土とロンドンを結んできたロンドン橋が崩落した。これは、我々の独立の象徴であると同時に、本土との関係における新たな時代の始まりを告げるものである。橋の損耗は著しく、早急な再建計画が必要である。
english,bakasekai/lon_I_japanese.yml,LON.14.t,ロンドン橋の崩落
english,bakasekai/lon_I_japanese.yml,LON.15.desc,時折の突風や季節的な災害により、ロンドン橋は少しずつ損耗している。このまま放置すれば、その堅牢性は失われ、通行に支障をきたすかもしれない。
english,bakasekai/lon_I_japanese.yml,LON.15.t,ロンドン橋の損耗
english,bakasekai/lon_I_japanese.yml,LON.16.desc,ロンドン橋の損耗が危険なレベルに達した。早急な修理がなければ、いつ崩落してもおかしくない状況である。交通や交易への影響が懸念される。
english,bakasekai/lon_I_japanese.yml,LON.16.t,ロンドン橋、危険水域
english,bakasekai/lon_I_japanese.yml,LON.17.desc,バトル中央銀行で深刻な危機が展開しているとの報告が入った。150万ポンドの債券とかなりの株式がデフォルトの危機に瀕している。この大規模な金融ショックは、広範囲にわたる不安定を引き起こし、我々の国家を深い経済不況に陥れると脅かしている。
english,bakasekai/lon_I_japanese.yml,LON.17.t,バトル中央銀行危機
english,bakasekai/lon_I_japanese.yml,LON.2.desc,ジョン・ローリー中佐が、サー・フランク・ニューソン＝スミスの後任として、新しいロンドン市長に任命されました。
english,bakasekai/lon_I_japanese.yml,LON.2.t,ジョン・ローリー市長就任
english,bakasekai/lon_I_japanese.yml,LON.20.a,投資を歓迎する
english,bakasekai/lon_I_japanese.yml,LON.20.b,独立性を重視し、投資を辞退する
english,bakasekai/lon_I_japanese.yml,LON.20.desc,シティ・オブ・ロンドンから、我が国の産業発展を支援する投資の提案が届いた。この投資は我が国の経済を大きく後押しするだろうが、同時にロンドンの影響力拡大を意味する。
english,bakasekai/lon_I_japanese.yml,LON.20.t,ロンドンからの投資提案
english,bakasekai/lon_I_japanese.yml,LON.21.a,民主主義の盟友として投資を受け入れる
english,bakasekai/lon_I_japanese.yml,LON.21.b,外国の干渉として丁重に断る
english,bakasekai/lon_I_japanese.yml,LON.21.desc,ロンドンの金融街から、民主主義的価値観を共有する国として、特別な投資プログラムの提案を受けた。この投資は単なる経済支援を超え、自由と民主主義の理念を推進するものだ。
english,bakasekai/lon_I_japanese.yml,LON.21.t,民主主義支援投資
english,bakasekai/lon_I_japanese.yml,LON.3.desc,サー・ジョージ・ウィルキンソンが、ジョン・ローリー中佐の後任として、新しいロンドン市長に任命されました。
english,bakasekai/lon_I_japanese.yml,LON.3.t,ジョージ・ウィルキンソン市長就任
english,bakasekai/lon_I_japanese.yml,LON.4.desc,フランク・ボウォター少佐が、サー・ジョージ・ウィルキンソンの後任として、新しいロンドン市長に任命されました。
english,bakasekai/lon_I_japanese.yml,LON.4.t,フランク・ボウォター市長就任
english,bakasekai/lon_I_japanese.yml,LON.5.desc,サー・ハリー・トワイフォードが、フランク・ボウォター少佐の後任として、新しいロンドン市長に任命されました。
english,bakasekai/lon_I_japanese.yml,LON.5.t,ハリー・トワイフォード市長就任
english,bakasekai/lon_I_japanese.yml,LON.6.desc,サー・ブレイスウェル・スミスが、サー・ハリー・トワイフォードの後任として、新しいロンドン市長に任命されました。
english,bakasekai/lon_I_japanese.yml,LON.6.t,ブレイスウェル・スミス市長就任
english,bakasekai/lon_I_japanese.yml,LON.7.desc,サー・サミュエル・ジョセフが、サー・ブレイスウェル・スミスの後任として、新しいロンドン市長に任命されました。
english,bakasekai/lon_I_japanese.yml,LON.7.t,サミュエル・ジョセフ市長就任
english,bakasekai/lon_I_japanese.yml,LON.8.desc,サー・チャールズ・デイビスが、サー・サミュエル・ジョセフの後任として、新しいロンドン市長に任命されました。
english,bakasekai/lon_I_japanese.yml,LON.8.t,チャールズ・デイビス市長就任
english,bakasekai/lon_I_japanese.yml,LON.9.desc,サー・ウィリアム・コクセンが、サー・チャールズ・デイビスの後任として、新しいロンドン市長に任命されました。
english,bakasekai/lon_I_japanese.yml,LON.9.t,ウィリアム・コクセン市長就任
english,bakasekai/lon_I_japanese.yml,LON.leader_change.desc,シティ・オブ・ロンドンに新しい市長が就任し、我々の由緒ある金融街の伝統と繁栄を維持することを約束しました。
english,bakasekai/lon_I_japanese.yml,LON.leader_change.t,新しいロンドン市長が任命される
english,bakasekai/lon_I_japanese.yml,LON_George_Broadbridge,ジョージ・ブロードブリッジ男爵
english,bakasekai/lon_I_japanese.yml,LON_arsenal_of_democracy_fund,民主主義の兵器廠ファンド
english,bakasekai/lon_I_japanese.yml,LON_arsenal_of_democracy_fund_desc,戦時において、我々は民主主義諸国の「兵器廠」として機能する。金融という武器で、自由を守る戦いを支援しよう。
english,bakasekai/lon_I_japanese.yml,LON_bracewell_smith,サー・ブレイスウェル・スミス
english,bakasekai/lon_I_japanese.yml,LON_charles_davis,サー・チャールズ・デイビス
english,bakasekai/lon_I_japanese.yml,LON_coastal_defense_initiative,沿岸防衛イニシアティブ
english,bakasekai/lon_I_japanese.yml,LON_coastal_defense_initiative_desc,外部からの脅威や違法行為に対する海上の防衛を強化するためのプログラム。
english,bakasekai/lon_I_japanese.yml,LON_coastal_surveillance,沿岸監視
english,bakasekai/lon_I_japanese.yml,LON_coastal_surveillance_desc,我々のユニークな海洋上の位置は、不審な船舶に対する絶え間ない警戒を要求する。沿岸監視の強化は、我々の海岸線と重要な航路を保護するだろう。
english,bakasekai/lon_I_japanese.yml,LON_democracy_arsenal_fund,民主主義兵器廠ファンド
english,bakasekai/lon_I_japanese.yml,LON_democracy_arsenal_fund_desc,戦時下において、我々の金融力は民主主義を守る武器となる。同盟国への支援は我々の使命である。
english,bakasekai/lon_I_japanese.yml,LON_democracy_investment_accepted_tooltip,民主主義への投資が歓迎され、価値観の絆が深まります。
english,bakasekai/lon_I_japanese.yml,LON_democracy_investment_rejected_tooltip,投資は拒否されましたが、独立性への敬意が示されました。
english,bakasekai/lon_I_japanese.yml,LON_democracy_investment_tooltip,民主主義国への投資により、価値観を共有する国家との絆が深まります。
english,bakasekai/lon_I_japanese.yml,LON_dominion_rejected,自治領要請の拒否
english,bakasekai/lon_I_japanese.yml,LON_economic_downturn,経済不況
english,bakasekai/lon_I_japanese.yml,LON_economic_downturn_desc,バトル中央銀行の危機は、産業生産の減少と失業率の上昇を特徴とする深刻な経済不況を引き起こした。
english,bakasekai/lon_I_japanese.yml,LON_economic_recovery_effort,経済回復努力
english,bakasekai/lon_I_japanese.yml,LON_economic_recovery_effort_desc,最近のショックにもかかわらず、我々の政府は回復を刺激し、経済的信頼を再構築するための措置を実施している。
english,bakasekai/lon_I_japanese.yml,LON_expand_banking_network,銀行ネットワークの拡大
english,bakasekai/lon_I_japanese.yml,LON_expand_banking_network_desc,国際的な銀行関係を促進し、外国からの投資を奨励することで、主要な金融センターとしての地位をさらに確固たるものにできる。
english,bakasekai/lon_I_japanese.yml,LON_financial_hub,金融ハブ
english,bakasekai/lon_I_japanese.yml,LON_financial_hub_desc,ロンドンの金融市場は世界の羨望の的であり、世界中から資本と人材を引き寄せている。
english,bakasekai/lon_I_japanese.yml,LON_focus_tree,ロンドンの運命
english,bakasekai/lon_I_japanese.yml,LON_foreign_investment,ロンドン資本の投資
english,bakasekai/lon_I_japanese.yml,LON_foreign_investment_desc,ロンドンの金融街からの投資により、我が国の産業発展が加速している。
english,bakasekai/lon_I_japanese.yml,LON_frank_alexander,サー・フランク・アレクサンダー
english,bakasekai/lon_I_japanese.yml,LON_frank_bowater,フランク・ボウォター少佐
english,bakasekai/lon_I_japanese.yml,LON_frank_newson_smith,サー・フランク・ニューソン＝スミス
english,bakasekai/lon_I_japanese.yml,LON_funding_allies_tooltip,同盟国への融資効果が強化され、より有利な条件で投資を行えるようになります。
english,bakasekai/lon_I_japanese.yml,LON_funding_the_allies,連合国への融資
english,bakasekai/lon_I_japanese.yml,LON_funding_the_allies_desc,民主主義の大義のため、同盟国の戦争努力を我々の金融力で支援する。この投資は平和と自由への投資である。
english,bakasekai/lon_I_japanese.yml,LON_george_wilkinson,サー・ジョージ・ウィルキンソン
english,bakasekai/lon_I_japanese.yml,LON_global_financial_network,国際金融ハブ
english,bakasekai/lon_I_japanese.yml,LON_global_financial_network_desc,ロンドンの金融市場は国際的な影響力を持つまでに成長し、世界中の投資家と企業を魅了している。
english,bakasekai/lon_I_japanese.yml,LON_grateful_for_investment,投資への感謝
english,bakasekai/lon_I_japanese.yml,LON_harry_twyford,サー・ハリー・トワイフォード
english,bakasekai/lon_I_japanese.yml,LON_international_investment_bank,国際投資銀行
english,bakasekai/lon_I_japanese.yml,LON_international_investment_bank_desc,シティの力を世界に示す時が来た。我々の資本は、友好国の産業を育て、そして我々に利益をもたらすだろう。
english,bakasekai/lon_I_japanese.yml,LON_international_investment_category,国際投資
english,bakasekai/lon_I_japanese.yml,LON_invest_in_ally,同盟国への投資
english,bakasekai/lon_I_japanese.yml,LON_invest_in_ally_desc,友好的な同盟国の産業発展を支援することで、相互の経済関係を強化し、我々の影響力を拡大する。
english,bakasekai/lon_I_japanese.yml,LON_invest_in_democracy,民主主義国への投資
english,bakasekai/lon_I_japanese.yml,LON_invest_in_democracy_desc,民主主義を共有する国家への経済支援を通じて、自由と平等の価値を世界に広める。
english,bakasekai/lon_I_japanese.yml,LON_investment_accepted_tooltip,投資が受け入れられ、両国の経済関係が強化されます。
english,bakasekai/lon_I_japanese.yml,LON_investment_effect_tooltip,対象国は2年間、産業発展ボーナスを受け取り、我々は貿易上の影響力を獲得します。
english,bakasekai/lon_I_japanese.yml,LON_investment_leverage,投資による影響力
english,bakasekai/lon_I_japanese.yml,LON_investment_rejected_tooltip,投資は拒否されましたが、政治的影響はありません。
english,bakasekai/lon_I_japanese.yml,LON_ireland_negotiations,アイルランド原住民との交渉
english,bakasekai/lon_I_japanese.yml,LON_ireland_negotiations_desc,アイルランドの先住民は、独自の外交的課題と機会を提示している。直接交渉は安定した関係につながるかもしれないが、さらなる複雑な事態を引き起こす可能性もある。
english,bakasekai/lon_I_japanese.yml,LON_irish_animosity,アイルランドへの敵意
english,bakasekai/lon_I_japanese.yml,LON_irish_displeasure,アイルランドの不満
english,bakasekai/lon_I_japanese.yml,LON_irish_friendship,アイルランドとの友好
english,bakasekai/lon_I_japanese.yml,LON_john_laurie,サー・ジョン・ローリー中佐
english,bakasekai/lon_I_japanese.yml,LON_london_bridge_maintenance_category,ロンドン橋の保守
english,bakasekai/lon_I_japanese.yml,LON_london_bridge_maintenance_category_desc,ロンドン橋の健全性を維持するためには、定期的な保守と必要に応じた修理が不可欠である。
english,bakasekai/lon_I_japanese.yml,LON_masters_city_tooltip,シティの完全支配により、世界の金融システムに絶大な影響力を持つようになります。
english,bakasekai/lon_I_japanese.yml,LON_masters_of_city,シティの完全支配
english,bakasekai/lon_I_japanese.yml,LON_masters_of_city_desc,世界の金融システムの中心に君臨する我々は、もはや単なる都市国家ではない。見えざる金融帝国の皇帝なのだ。
english,bakasekai/lon_I_japanese.yml,LON_masters_of_the_city,シティの支配者
english,bakasekai/lon_I_japanese.yml,LON_masters_of_the_city_desc,世界の金はロンドンに集まり、そしてロンドンから世界に流れる。我々はもはや単なる都市ではない。金融という見えざる帝国なのだ。
english,bakasekai/lon_I_japanese.yml,LON_offshore_banking,オフショア・バンキング
english,bakasekai/lon_I_japanese.yml,LON_offshore_banking_desc,国境を越えた金融サービスを提供し、世界中の富裕層と企業の資本を引き寄せる。ロンドンは真の国際金融センターとなる。
english,bakasekai/lon_I_japanese.yml,LON_offshore_banking_hub,オフショア銀行センター
english,bakasekai/lon_I_japanese.yml,LON_offshore_banking_hub_desc,国境を越えた金融サービスにより、ロンドンは世界の資本が集まる安全な避難港となった。
english,bakasekai/lon_I_japanese.yml,LON_patrol_shipping_lanes,航路のパトロール
english,bakasekai/lon_I_japanese.yml,LON_patrol_shipping_lanes_desc,主要な航路の積極的なパトロールは、海賊行為や不正な侵入を阻止し、商品の自由な流れを確保し、海洋の利益を守るだろう。
english,bakasekai/lon_I_japanese.yml,LON_promote_cultural_exchange,文化交流の促進
english,bakasekai/lon_I_japanese.yml,LON_promote_cultural_exchange_desc,アイルランドの隣人との文化的な隔たりを埋めることで、親善と理解を深め、より調和のとれた関係につながる可能性がある。
english,bakasekai/lon_I_japanese.yml,LON_rebuild_london_bridge,ロンドン橋の再建
english,bakasekai/lon_I_japanese.yml,LON_rebuild_london_bridge_desc,本土と我々を結ぶ伝説のロンドン橋は、貿易と通信にとって極めて重要である。その再建は、我々の新たな繋がりと繁栄を象徴するだろう。
english,bakasekai/lon_I_japanese.yml,LON_repair_london_bridge_major,ロンドン橋の大規模修理
english,bakasekai/lon_I_japanese.yml,LON_repair_london_bridge_major_desc,ロンドン橋の深刻な損耗を修理し、長期的な堅牢性を回復する。多大な費用と民需工場を要するが、その効果は大きい。
english,bakasekai/lon_I_japanese.yml,LON_repair_london_bridge_minor,ロンドン橋の軽微な修理
english,bakasekai/lon_I_japanese.yml,LON_repair_london_bridge_minor_desc,ロンドン橋の軽微な損耗を修理し、安全性を維持する。費用は少ないが、大規模な損耗には効果が薄い。
english,bakasekai/lon_I_japanese.yml,LON_respond_battle_crisis_category,バトル中央銀行危機対応
english,bakasekai/lon_I_japanese.yml,LON_respond_battle_crisis_category_desc,我々の国家の金融安定が危機に瀕している。バトル中央銀行の危機による影響を軽減し、経済への信頼を回復するため、断固たる行動を取らなければならない。
english,bakasekai/lon_I_japanese.yml,LON_respond_to_bank_crisis_1,危機への初期対応
english,bakasekai/lon_I_japanese.yml,LON_respond_to_bank_crisis_1_desc,金融市場を安定させ、国民を安心させるための即時的な措置を実施する。これには、緊急の流動性注入や公的な声明が含まれるかもしれない。
english,bakasekai/lon_I_japanese.yml,LON_respond_to_bank_crisis_2,積極的な経済介入
english,bakasekai/lon_I_japanese.yml,LON_respond_to_bank_crisis_2_desc,初期の安定化を超えて、完全な崩壊を防ぐため、直接的な政府投資や国有化といったより積極的な介入を検討しなければならない。
english,bakasekai/lon_I_japanese.yml,LON_samuel_joseph,サー・サミュエル・ジョセフ
english,bakasekai/lon_I_japanese.yml,LON_seek_dominion_status,自治領としての地位の追求
english,bakasekai/lon_I_japanese.yml,LON_seek_dominion_status_desc,イギリス本国との関係を維持しつつ、より大きな自治権を得るため、自治領としての地位を交渉し、国内の事項に対するより大きな支配権を獲得できる。
english,bakasekai/lon_I_japanese.yml,LON_strengthen_economic_ties,英国との経済的 ties の強化
english,bakasekai/lon_I_japanese.yml,LON_strengthen_economic_ties_desc,英国本土との経済的相互依存を深めることで、相互の繁栄と強力なパートナーシップを確保できる。政治的地位に関わらず。
english,bakasekai/lon_I_japanese.yml,LON_strengthen_the_city,シティの強化
english,bakasekai/lon_I_japanese.yml,LON_strengthen_the_city_desc,ロンドン市は長らく世界の金融の中心地であった。健全な経済政策と金融機関への支援を通じて、その優位性を維持しなければならない。
english,bakasekai/lon_I_japanese.yml,LON_strong_economic_measures,強力な経済対策
english,bakasekai/lon_I_japanese.yml,LON_strong_economic_measures_desc,政府の断固たる介入は、強固な経済回復のための基礎を築いたが、今後の道は依然として困難である。
english,bakasekai/lon_I_japanese.yml,LON_william_coxen,サー・ウィリアム・コクセン
english,bakasekai/lon_I_japanese.yml,great_economic_ties,強固な経済的つながり
english,bakasekai/lon_I_l_japanese.yml,EV_OK,わかった。
english,bakasekai/lon_I_l_japanese.yml,LON.1.desc,サー・フランク・ニューソン＝スミスが、ジョージ・ブロードブリッジ男爵の後任として、新しいロンドン市長に任命されました。
english,bakasekai/lon_I_l_japanese.yml,LON.1.t,フランク・ニューソン＝スミス市長就任
english,bakasekai/lon_I_l_japanese.yml,LON.10.desc,サー・フランク・アレクサンダーが、サー・ウィリアム・コクセンの後任として、新しいロンドン市長に任命されました。
english,bakasekai/lon_I_l_japanese.yml,LON.10.t,フランク・アレクサンダー市長就任
english,bakasekai/lon_I_l_japanese.yml,LON.14.desc,独立の混乱の中で、長きにわたり本土とロンドンを結んできたロンドン橋が崩落した。これは、我々の独立の象徴であると同時に、本土との関係における新たな時代の始まりを告げるものである。橋の損耗は著しく、早急な再建計画が必要である。
english,bakasekai/lon_I_l_japanese.yml,LON.14.t,ロンドン橋の崩落
english,bakasekai/lon_I_l_japanese.yml,LON.15.desc,時折の突風や季節的な災害により、ロンドン橋は少しずつ損耗している。このまま放置すれば、その堅牢性は失われ、通行に支障をきたすかもしれない。
english,bakasekai/lon_I_l_japanese.yml,LON.15.t,ロンドン橋の損耗
english,bakasekai/lon_I_l_japanese.yml,LON.16.desc,ロンドン橋の損耗が危険なレベルに達した。早急な修理がなければ、いつ崩落してもおかしくない状況である。交通や交易への影響が懸念される。
english,bakasekai/lon_I_l_japanese.yml,LON.16.t,ロンドン橋、危険水域
english,bakasekai/lon_I_l_japanese.yml,LON.17.desc,バトル中央銀行で深刻な危機が展開しているとの報告が入った。150万ポンドの債券とかなりの株式がデフォルトの危機に瀕している。この大規模な金融ショックは、広範囲にわたる不安定を引き起こし、我々の国家を深い経済不況に陥れると脅かしている。
english,bakasekai/lon_I_l_japanese.yml,LON.17.t,バトル中央銀行危機
english,bakasekai/lon_I_l_japanese.yml,LON.2.desc,ジョン・ローリー中佐が、サー・フランク・ニューソン＝スミスの後任として、新しいロンドン市長に任命されました。
english,bakasekai/lon_I_l_japanese.yml,LON.2.t,ジョン・ローリー市長就任
english,bakasekai/lon_I_l_japanese.yml,LON.20.a,投資を歓迎する
english,bakasekai/lon_I_l_japanese.yml,LON.20.b,独立性を重視し、投資を辞退する
english,bakasekai/lon_I_l_japanese.yml,LON.20.desc,シティ・オブ・ロンドンから、我が国の産業発展を支援する投資の提案が届いた。この投資は我が国の経済を大きく後押しするだろうが、同時にロンドンの影響力拡大を意味する。
english,bakasekai/lon_I_l_japanese.yml,LON.20.t,ロンドンからの投資提案
english,bakasekai/lon_I_l_japanese.yml,LON.21.a,民主主義の盟友として投資を受け入れる
english,bakasekai/lon_I_l_japanese.yml,LON.21.b,外国の干渉として丁重に断る
english,bakasekai/lon_I_l_japanese.yml,LON.21.desc,ロンドンの金融街から、民主主義的価値観を共有する国として、特別な投資プログラムの提案を受けた。この投資は単なる経済支援を超え、自由と民主主義の理念を推進するものだ。
english,bakasekai/lon_I_l_japanese.yml,LON.21.t,民主主義支援投資
english,bakasekai/lon_I_l_japanese.yml,LON.3.desc,サー・ジョージ・ウィルキンソンが、ジョン・ローリー中佐の後任として、新しいロンドン市長に任命されました。
english,bakasekai/lon_I_l_japanese.yml,LON.3.t,ジョージ・ウィルキンソン市長就任
english,bakasekai/lon_I_l_japanese.yml,LON.4.desc,フランク・ボウォター少佐が、サー・ジョージ・ウィルキンソンの後任として、新しいロンドン市長に任命されました。
english,bakasekai/lon_I_l_japanese.yml,LON.4.t,フランク・ボウォター市長就任
english,bakasekai/lon_I_l_japanese.yml,LON.5.desc,サー・ハリー・トワイフォードが、フランク・ボウォター少佐の後任として、新しいロンドン市長に任命されました。
english,bakasekai/lon_I_l_japanese.yml,LON.5.t,ハリー・トワイフォード市長就任
english,bakasekai/lon_I_l_japanese.yml,LON.6.desc,サー・ブレイスウェル・スミスが、サー・ハリー・トワイフォードの後任として、新しいロンドン市長に任命されました。
english,bakasekai/lon_I_l_japanese.yml,LON.6.t,ブレイスウェル・スミス市長就任
english,bakasekai/lon_I_l_japanese.yml,LON.7.desc,サー・サミュエル・ジョセフが、サー・ブレイスウェル・スミスの後任として、新しいロンドン市長に任命されました。
english,bakasekai/lon_I_l_japanese.yml,LON.7.t,サミュエル・ジョセフ市長就任
english,bakasekai/lon_I_l_japanese.yml,LON.8.desc,サー・チャールズ・デイビスが、サー・サミュエル・ジョセフの後任として、新しいロンドン市長に任命されました。
english,bakasekai/lon_I_l_japanese.yml,LON.8.t,チャールズ・デイビス市長就任
english,bakasekai/lon_I_l_japanese.yml,LON.9.desc,サー・ウィリアム・コクセンが、サー・チャールズ・デイビスの後任として、新しいロンドン市長に任命されました。
english,bakasekai/lon_I_l_japanese.yml,LON.9.t,ウィリアム・コクセン市長就任
english,bakasekai/lon_I_l_japanese.yml,LON.leader_change.desc,シティ・オブ・ロンドンに新しい市長が就任し、我々の由緒ある金融街の伝統と繁栄を維持することを約束しました。
english,bakasekai/lon_I_l_japanese.yml,LON.leader_change.t,新しいロンドン市長が任命される
english,bakasekai/lon_I_l_japanese.yml,LON_George_Broadbridge,ジョージ・ブロードブリッジ男爵
english,bakasekai/lon_I_l_japanese.yml,LON_arsenal_of_democracy_fund,民主主義の兵器廠ファンド
english,bakasekai/lon_I_l_japanese.yml,LON_arsenal_of_democracy_fund_desc,戦時において、我々は民主主義諸国の「兵器廠」として機能する。金融という武器で、自由を守る戦いを支援しよう。
english,bakasekai/lon_I_l_japanese.yml,LON_bracewell_smith,サー・ブレイスウェル・スミス
english,bakasekai/lon_I_l_japanese.yml,LON_charles_davis,サー・チャールズ・デイビス
english,bakasekai/lon_I_l_japanese.yml,LON_coastal_defense_initiative,沿岸防衛イニシアティブ
english,bakasekai/lon_I_l_japanese.yml,LON_coastal_defense_initiative_desc,外部からの脅威や違法行為に対する海上の防衛を強化するためのプログラム。
english,bakasekai/lon_I_l_japanese.yml,LON_coastal_surveillance,沿岸監視
english,bakasekai/lon_I_l_japanese.yml,LON_coastal_surveillance_desc,我々のユニークな海洋上の位置は、不審な船舶に対する絶え間ない警戒を要求する。沿岸監視の強化は、我々の海岸線と重要な航路を保護するだろう。
english,bakasekai/lon_I_l_japanese.yml,LON_democracy_arsenal_fund,民主主義兵器廠ファンド
english,bakasekai/lon_I_l_japanese.yml,LON_democracy_arsenal_fund_desc,戦時下において、我々の金融力は民主主義を守る武器となる。同盟国への支援は我々の使命である。
english,bakasekai/lon_I_l_japanese.yml,LON_democracy_investment_accepted_tooltip,民主主義への投資が歓迎され、価値観の絆が深まります。
english,bakasekai/lon_I_l_japanese.yml,LON_democracy_investment_rejected_tooltip,投資は拒否されましたが、独立性への敬意が示されました。
english,bakasekai/lon_I_l_japanese.yml,LON_democracy_investment_tooltip,民主主義国への投資により、価値観を共有する国家との絆が深まります。
english,bakasekai/lon_I_l_japanese.yml,LON_dominion_rejected,自治領要請の拒否
english,bakasekai/lon_I_l_japanese.yml,LON_economic_downturn,経済不況
english,bakasekai/lon_I_l_japanese.yml,LON_economic_downturn_desc,バトル中央銀行の危機は、産業生産の減少と失業率の上昇を特徴とする深刻な経済不況を引き起こした。
english,bakasekai/lon_I_l_japanese.yml,LON_economic_recovery_effort,経済回復努力
english,bakasekai/lon_I_l_japanese.yml,LON_economic_recovery_effort_desc,最近のショックにもかかわらず、我々の政府は回復を刺激し、経済的信頼を再構築するための措置を実施している。
english,bakasekai/lon_I_l_japanese.yml,LON_expand_banking_network,銀行ネットワークの拡大
english,bakasekai/lon_I_l_japanese.yml,LON_expand_banking_network_desc,国際的な銀行関係を促進し、外国からの投資を奨励することで、主要な金融センターとしての地位をさらに確固たるものにできる。
english,bakasekai/lon_I_l_japanese.yml,LON_financial_hub,金融ハブ
english,bakasekai/lon_I_l_japanese.yml,LON_financial_hub_desc,ロンドンの金融市場は世界の羨望の的であり、世界中から資本と人材を引き寄せている。
english,bakasekai/lon_I_l_japanese.yml,LON_focus_tree,ロンドンの運命
english,bakasekai/lon_I_l_japanese.yml,LON_foreign_investment,ロンドン資本の投資
english,bakasekai/lon_I_l_japanese.yml,LON_foreign_investment_desc,ロンドンの金融街からの投資により、我が国の産業発展が加速している。
english,bakasekai/lon_I_l_japanese.yml,LON_frank_alexander,サー・フランク・アレクサンダー
english,bakasekai/lon_I_l_japanese.yml,LON_frank_bowater,フランク・ボウォター少佐
english,bakasekai/lon_I_l_japanese.yml,LON_frank_newson_smith,サー・フランク・ニューソン＝スミス
english,bakasekai/lon_I_l_japanese.yml,LON_funding_allies_tooltip,同盟国への融資効果が強化され、より有利な条件で投資を行えるようになります。
english,bakasekai/lon_I_l_japanese.yml,LON_funding_the_allies,連合国への融資
english,bakasekai/lon_I_l_japanese.yml,LON_funding_the_allies_desc,民主主義の大義のため、同盟国の戦争努力を我々の金融力で支援する。この投資は平和と自由への投資である。
english,bakasekai/lon_I_l_japanese.yml,LON_george_wilkinson,サー・ジョージ・ウィルキンソン
english,bakasekai/lon_I_l_japanese.yml,LON_global_financial_network,国際金融ハブ
english,bakasekai/lon_I_l_japanese.yml,LON_global_financial_network_desc,ロンドンの金融市場は国際的な影響力を持つまでに成長し、世界中の投資家と企業を魅了している。
english,bakasekai/lon_I_l_japanese.yml,LON_grateful_for_investment,投資への感謝
english,bakasekai/lon_I_l_japanese.yml,LON_harry_twyford,サー・ハリー・トワイフォード
english,bakasekai/lon_I_l_japanese.yml,LON_international_investment_bank,国際投資銀行
english,bakasekai/lon_I_l_japanese.yml,LON_international_investment_bank_desc,シティの力を世界に示す時が来た。我々の資本は、友好国の産業を育て、そして我々に利益をもたらすだろう。
english,bakasekai/lon_I_l_japanese.yml,LON_international_investment_category,国際投資
english,bakasekai/lon_I_l_japanese.yml,LON_invest_in_ally,同盟国への投資
english,bakasekai/lon_I_l_japanese.yml,LON_invest_in_ally_desc,友好的な同盟国の産業発展を支援することで、相互の経済関係を強化し、我々の影響力を拡大する。
english,bakasekai/lon_I_l_japanese.yml,LON_invest_in_democracy,民主主義国への投資
english,bakasekai/lon_I_l_japanese.yml,LON_invest_in_democracy_desc,民主主義を共有する国家への経済支援を通じて、自由と平等の価値を世界に広める。
english,bakasekai/lon_I_l_japanese.yml,LON_investment_accepted_tooltip,投資が受け入れられ、両国の経済関係が強化されます。
english,bakasekai/lon_I_l_japanese.yml,LON_investment_effect_tooltip,対象国は2年間、産業発展ボーナスを受け取り、我々は貿易上の影響力を獲得します。
english,bakasekai/lon_I_l_japanese.yml,LON_investment_leverage,投資による影響力
english,bakasekai/lon_I_l_japanese.yml,LON_investment_rejected_tooltip,投資は拒否されましたが、政治的影響はありません。
english,bakasekai/lon_I_l_japanese.yml,LON_ireland_negotiations,アイルランド原住民との交渉
english,bakasekai/lon_I_l_japanese.yml,LON_ireland_negotiations_desc,アイルランドの先住民は、独自の外交的課題と機会を提示している。直接交渉は安定した関係につながるかもしれないが、さらなる複雑な事態を引き起こす可能性もある。
english,bakasekai/lon_I_l_japanese.yml,LON_irish_animosity,アイルランドへの敵意
english,bakasekai/lon_I_l_japanese.yml,LON_irish_displeasure,アイルランドの不満
english,bakasekai/lon_I_l_japanese.yml,LON_irish_friendship,アイルランドとの友好
english,bakasekai/lon_I_l_japanese.yml,LON_john_laurie,サー・ジョン・ローリー中佐
english,bakasekai/lon_I_l_japanese.yml,LON_london_bridge_maintenance_category,ロンドン橋の保守
english,bakasekai/lon_I_l_japanese.yml,LON_london_bridge_maintenance_category_desc,ロンドン橋の健全性を維持するためには、定期的な保守と必要に応じた修理が不可欠である。
english,bakasekai/lon_I_l_japanese.yml,LON_masters_city_tooltip,シティの完全支配により、世界の金融システムに絶大な影響力を持つようになります。
english,bakasekai/lon_I_l_japanese.yml,LON_masters_of_city,シティの完全支配
english,bakasekai/lon_I_l_japanese.yml,LON_masters_of_city_desc,世界の金融システムの中心に君臨する我々は、もはや単なる都市国家ではない。見えざる金融帝国の皇帝なのだ。
english,bakasekai/lon_I_l_japanese.yml,LON_masters_of_the_city,シティの支配者
english,bakasekai/lon_I_l_japanese.yml,LON_masters_of_the_city_desc,世界の金はロンドンに集まり、そしてロンドンから世界に流れる。我々はもはや単なる都市ではない。金融という見えざる帝国なのだ。
english,bakasekai/lon_I_l_japanese.yml,LON_offshore_banking,オフショア・バンキング
english,bakasekai/lon_I_l_japanese.yml,LON_offshore_banking_desc,国境を越えた金融サービスを提供し、世界中の富裕層と企業の資本を引き寄せる。ロンドンは真の国際金融センターとなる。
english,bakasekai/lon_I_l_japanese.yml,LON_offshore_banking_hub,オフショア銀行センター
english,bakasekai/lon_I_l_japanese.yml,LON_offshore_banking_hub_desc,国境を越えた金融サービスにより、ロンドンは世界の資本が集まる安全な避難港となった。
english,bakasekai/lon_I_l_japanese.yml,LON_patrol_shipping_lanes,航路のパトロール
english,bakasekai/lon_I_l_japanese.yml,LON_patrol_shipping_lanes_desc,主要な航路の積極的なパトロールは、海賊行為や不正な侵入を阻止し、商品の自由な流れを確保し、海洋の利益を守るだろう。
english,bakasekai/lon_I_l_japanese.yml,LON_promote_cultural_exchange,文化交流の促進
english,bakasekai/lon_I_l_japanese.yml,LON_promote_cultural_exchange_desc,アイルランドの隣人との文化的な隔たりを埋めることで、親善と理解を深め、より調和のとれた関係につながる可能性がある。
english,bakasekai/lon_I_l_japanese.yml,LON_rebuild_london_bridge,ロンドン橋の再建
english,bakasekai/lon_I_l_japanese.yml,LON_rebuild_london_bridge_desc,本土と我々を結ぶ伝説のロンドン橋は、貿易と通信にとって極めて重要である。その再建は、我々の新たな繋がりと繁栄を象徴するだろう。
english,bakasekai/lon_I_l_japanese.yml,LON_repair_london_bridge_major,ロンドン橋の大規模修理
english,bakasekai/lon_I_l_japanese.yml,LON_repair_london_bridge_major_desc,ロンドン橋の深刻な損耗を修理し、長期的な堅牢性を回復する。多大な費用と民需工場を要するが、その効果は大きい。
english,bakasekai/lon_I_l_japanese.yml,LON_repair_london_bridge_minor,ロンドン橋の軽微な修理
english,bakasekai/lon_I_l_japanese.yml,LON_repair_london_bridge_minor_desc,ロンドン橋の軽微な損耗を修理し、安全性を維持する。費用は少ないが、大規模な損耗には効果が薄い。
english,bakasekai/lon_I_l_japanese.yml,LON_respond_battle_crisis_category,バトル中央銀行危機対応
english,bakasekai/lon_I_l_japanese.yml,LON_respond_battle_crisis_category_desc,我々の国家の金融安定が危機に瀕している。バトル中央銀行の危機による影響を軽減し、経済への信頼を回復するため、断固たる行動を取らなければならない。
english,bakasekai/lon_I_l_japanese.yml,LON_respond_to_bank_crisis_1,危機への初期対応
english,bakasekai/lon_I_l_japanese.yml,LON_respond_to_bank_crisis_1_desc,金融市場を安定させ、国民を安心させるための即時的な措置を実施する。これには、緊急の流動性注入や公的な声明が含まれるかもしれない。
english,bakasekai/lon_I_l_japanese.yml,LON_respond_to_bank_crisis_2,積極的な経済介入
english,bakasekai/lon_I_l_japanese.yml,LON_respond_to_bank_crisis_2_desc,初期の安定化を超えて、完全な崩壊を防ぐため、直接的な政府投資や国有化といったより積極的な介入を検討しなければならない。
english,bakasekai/lon_I_l_japanese.yml,LON_samuel_joseph,サー・サミュエル・ジョセフ
english,bakasekai/lon_I_l_japanese.yml,LON_seek_dominion_status,自治領としての地位の追求
english,bakasekai/lon_I_l_japanese.yml,LON_seek_dominion_status_desc,イギリス本国との関係を維持しつつ、より大きな自治権を得るため、自治領としての地位を交渉し、国内の事項に対するより大きな支配権を獲得できる。
english,bakasekai/lon_I_l_japanese.yml,LON_strengthen_economic_ties,英国との経済的 ties の強化
english,bakasekai/lon_I_l_japanese.yml,LON_strengthen_economic_ties_desc,英国本土との経済的相互依存を深めることで、相互の繁栄と強力なパートナーシップを確保できる。政治的地位に関わらず。
english,bakasekai/lon_I_l_japanese.yml,LON_strengthen_the_city,シティの強化
english,bakasekai/lon_I_l_japanese.yml,LON_strengthen_the_city_desc,ロンドン市は長らく世界の金融の中心地であった。健全な経済政策と金融機関への支援を通じて、その優位性を維持しなければならない。
english,bakasekai/lon_I_l_japanese.yml,LON_strong_economic_measures,強力な経済対策
english,bakasekai/lon_I_l_japanese.yml,LON_strong_economic_measures_desc,政府の断固たる介入は、強固な経済回復のための基礎を築いたが、今後の道は依然として困難である。
english,bakasekai/lon_I_l_japanese.yml,LON_william_coxen,サー・ウィリアム・コクセン
english,bakasekai/lon_I_l_japanese.yml,great_economic_ties,強固な経済的つながり
english,bakasekai/lve_l_japanese.yml,LVE_Bugsy_Siegel,"ベンジャミン・\""バグジー\""・シーゲル"
english,bakasekai/lve_l_japanese.yml,LVE_Bugsy_Siegel_desc,"ベンジャミン・\""バグジー\""・シーゲルは、アメリカのギャングで、ユダヤ系のマフィアの一員である。\n彼は、1930年代から1940年代にかけて、ロサンゼルスの犯罪組織のボスであり、ネバダ州ラスベガスのカジノの開発者であった。"
english,bakasekai/mac_l_japanese.yml,MAC_GATHERING_STORM_DESC,マクドナルドは、北米における効率性と商業精神の象徴たる企業国家である。高度に合理化された統治システムと卓越したマーケティング戦略により、短期間で急速な発展を遂げた。標準化された社会制度は市民生活に安定をもたらしている。この商業帝国は、さらなる拡大を続けるのか、それとも新たな挑戦に直面するのか？
english,bakasekai/mys_l_japanese.yml,MYS_GATHERING_STORM_DESC,謎は、バルカンの奥地に存在する秘密に包まれた国家である。厳格な情報統制と独特な政治体制により、その内情は外部からほとんど窺い知ることができない。稀に流出する断片的な情報は、時として常識を覆すような驚きをもたらす。この謎めいた国の真実は、いつの日か明かされるのだろうか？
english,bakasekai/quiz_olympics_l_japanese.yml,baka_quiz.1.a,くそっ！テキサスに有利じゃないか！
english,bakasekai/quiz_olympics_l_japanese.yml,baka_quiz.1.d,[GetYear]年度クイズオリンピック 開催地:[ROOT.GetName]
english,bakasekai/quiz_olympics_l_japanese.yml,baka_quiz.1.t,テキサスから日本まで車で何時間？
english,bakasekai/quiz_olympics_l_japanese.yml,baka_quiz.10.a,キーボードの「I」キー
english,bakasekai/quiz_olympics_l_japanese.yml,baka_quiz.10.d,[GetYear]年度クイズオリンピック 開催地:[ROOT.GetName]
english,bakasekai/quiz_olympics_l_japanese.yml,baka_quiz.10.t,インターネットの首都はどこ？
english,bakasekai/quiz_olympics_l_japanese.yml,baka_quiz.11.a,もちろん2つだ。だって君が取ったんだから
english,bakasekai/quiz_olympics_l_japanese.yml,baka_quiz.11.d,[GetYear]年度クイズオリンピック 開催地:[ROOT.GetName]
english,bakasekai/quiz_olympics_l_japanese.yml,baka_quiz.11.t,リンゴを3つ持っていて、2つ取ったら、いくつ持ってる？
english,bakasekai/quiz_olympics_l_japanese.yml,baka_quiz.12.a,うお
english,bakasekai/quiz_olympics_l_japanese.yml,baka_quiz.12.d,[GetYear]年度クイズオリンピック 開催地:[ROOT.GetName]
english,bakasekai/quiz_olympics_l_japanese.yml,baka_quiz.12.t,目のない魚は何て言う？
english,bakasekai/quiz_olympics_l_japanese.yml,baka_quiz.13.a,映すものによる
english,bakasekai/quiz_olympics_l_japanese.yml,baka_quiz.13.d,[GetYear]年度クイズオリンピック 開催地:[ROOT.GetName]
english,bakasekai/quiz_olympics_l_japanese.yml,baka_quiz.13.t,鏡の色は何色？
english,bakasekai/quiz_olympics_l_japanese.yml,baka_quiz.14.a,もちろん。家はジャンプできない
english,bakasekai/quiz_olympics_l_japanese.yml,baka_quiz.14.d,[GetYear]年度クイズオリンピック 開催地:[ROOT.GetName]
english,bakasekai/quiz_olympics_l_japanese.yml,baka_quiz.14.t,カンガルーは家より高く飛べる？
english,bakasekai/quiz_olympics_l_japanese.yml,baka_quiz.15.a,コイン
english,bakasekai/quiz_olympics_l_japanese.yml,baka_quiz.15.d,[GetYear]年度クイズオリンピック 開催地:[ROOT.GetName]
english,bakasekai/quiz_olympics_l_japanese.yml,baka_quiz.15.t,頭としっぽはあるけど体がないものは？
english,bakasekai/quiz_olympics_l_japanese.yml,baka_quiz.16.a,それを創造することだ
english,bakasekai/quiz_olympics_l_japanese.yml,baka_quiz.16.d,[GetYear]年度クイズオリンピック 開催地:[ROOT.GetName]
english,bakasekai/quiz_olympics_l_japanese.yml,baka_quiz.16.t,未来を予測する最善の方法は？
english,bakasekai/quiz_olympics_l_japanese.yml,baka_quiz.17.a,これについては国家的な議論が必要だ
english,bakasekai/quiz_olympics_l_japanese.yml,baka_quiz.17.d,[GetYear]年度クイズオリンピック 開催地:[ROOT.GetName]
english,bakasekai/quiz_olympics_l_japanese.yml,baka_quiz.17.t,水は濡れているか？
english,bakasekai/quiz_olympics_l_japanese.yml,baka_quiz.18.a,石が濡れる
english,bakasekai/quiz_olympics_l_japanese.yml,baka_quiz.18.d,[GetYear]年度クイズオリンピック 開催地:[ROOT.GetName]
english,bakasekai/quiz_olympics_l_japanese.yml,baka_quiz.18.t,紅海に緑の石を投げ込むとどうなる？
english,bakasekai/quiz_olympics_l_japanese.yml,baka_quiz.19.a,木に登って木の実のふりをする
english,bakasekai/quiz_olympics_l_japanese.yml,baka_quiz.19.d,[GetYear]年度クイズオリンピック 開催地:[ROOT.GetName]
english,bakasekai/quiz_olympics_l_japanese.yml,baka_quiz.19.t,リスを捕まえるにはどうすればいい？
english,bakasekai/quiz_olympics_l_japanese.yml,baka_quiz.2.a,ヨーロッパにあるんだっけ？
english,bakasekai/quiz_olympics_l_japanese.yml,baka_quiz.2.d,[GetYear]年度クイズオリンピック 開催地:[ROOT.GetName]
english,bakasekai/quiz_olympics_l_japanese.yml,baka_quiz.2.t,正しいオーストラリアはどれか？
english,bakasekai/quiz_olympics_l_japanese.yml,baka_quiz.20.a,私はただの戦略ゲームのイベントです。知るわけないでしょう？
english,bakasekai/quiz_olympics_l_japanese.yml,baka_quiz.20.d,[GetYear]年度クイズオリンピック 開催地:[ROOT.GetName]
english,bakasekai/quiz_olympics_l_japanese.yml,baka_quiz.20.t,人生の意味とは？
english,bakasekai/quiz_olympics_l_japanese.yml,baka_quiz.3.a,我が国の公式見解を定める必要がある
english,bakasekai/quiz_olympics_l_japanese.yml,baka_quiz.3.d,[GetYear]年度クイズオリンピック 開催地:[ROOT.GetName]
english,bakasekai/quiz_olympics_l_japanese.yml,baka_quiz.3.t,マック？マクド？
english,bakasekai/quiz_olympics_l_japanese.yml,baka_quiz.4.a,今すぐ契約をしてくるんだ！
english,bakasekai/quiz_olympics_l_japanese.yml,baka_quiz.4.b,確かエンゲル係数だ
english,bakasekai/quiz_olympics_l_japanese.yml,baka_quiz.4.d,[GetYear]年度クイズオリンピック 開催地:[ROOT.GetName]
english,bakasekai/quiz_olympics_l_japanese.yml,baka_quiz.4.t,大谷はN.Yの選手である。◎か×か
english,bakasekai/quiz_olympics_l_japanese.yml,baka_quiz.5.a,ボン……ボボン
english,bakasekai/quiz_olympics_l_japanese.yml,baka_quiz.5.b,八百長だ！！
english,bakasekai/quiz_olympics_l_japanese.yml,baka_quiz.5.c,美味しいのかな...?
english,bakasekai/quiz_olympics_l_japanese.yml,baka_quiz.5.d,えっ出てたの？
english,bakasekai/quiz_olympics_l_japanese.yml,baka_quiz.5.t,数学シングルの優勝者はエミューでした！
english,bakasekai/quiz_olympics_l_japanese.yml,baka_quiz.6.a,愛と友情
english,bakasekai/quiz_olympics_l_japanese.yml,baka_quiz.6.d,[GetYear]年度クイズオリンピック 開催地:[ROOT.GetName]
english,bakasekai/quiz_olympics_l_japanese.yml,baka_quiz.6.t,コンクリートの主成分は？
english,bakasekai/quiz_olympics_l_japanese.yml,baka_quiz.7.a,内側と外側の2つ
english,bakasekai/quiz_olympics_l_japanese.yml,baka_quiz.7.d,[GetYear]年度クイズオリンピック 開催地:[ROOT.GetName]
english,bakasekai/quiz_olympics_l_japanese.yml,baka_quiz.7.t,円にはいくつの辺がある？
english,bakasekai/quiz_olympics_l_japanese.yml,baka_quiz.8.a,目を閉じて夢を見ること
english,bakasekai/quiz_olympics_l_japanese.yml,baka_quiz.8.d,[GetYear]年度クイズオリンピック 開催地:[ROOT.GetName]
english,bakasekai/quiz_olympics_l_japanese.yml,baka_quiz.8.t,月に行く一番早い方法は？
english,bakasekai/quiz_olympics_l_japanese.yml,baka_quiz.9.a,もし緑色だったら、芝刈りをいつやめるべきかわからなくなるから
english,bakasekai/quiz_olympics_l_japanese.yml,baka_quiz.9.d,[GetYear]年度クイズオリンピック 開催地:[ROOT.GetName]
english,bakasekai/quiz_olympics_l_japanese.yml,baka_quiz.9.t,なぜ空は青いの？
english,bakasekai/rus_l_japanese.yml,MOS_Oliga,オリガ一世
english,bakasekai/rus_l_japanese.yml,MOS_anastashia,アナスタシア・ニコラエヴナ大公女
english,bakasekai/rus_l_japanese.yml,MOS_maria,マリア・ニコラエヴナ大公女
english,bakasekai/rus_l_japanese.yml,MOS_tatiana,タチアナ・ニコラエヴナ大公女
english,bakasekai/sbr_l_japanese.yml,SBR_Aleksandr_Mikhailovich_Krasnoshchyokov,アレクサンドル・クラスノシチョコフ
english,bakasekai/sbr_l_japanese.yml,SBR_Vasily_Konstantinovich_Blyukher,ヴァシリー・ブリュヘル
english,replace/00_game_rules_l_japanese.yml,CHINA_DIVIDES,中国の分裂
english,replace/00_game_rules_l_japanese.yml,CHINA_DIVIDES_DEFAULT,AIのみ
english,replace/00_game_rules_l_japanese.yml,CHINA_DIVIDES_DESC,中国4000年の歴史を顧みれば、国情が不安定になってしまった時の影響が大きいのは自明だろう。
english,replace/00_game_rules_l_japanese.yml,CHINA_DIVIDES_NO_CHINA_DIVIDES,常に不許可
english,replace/00_game_rules_l_japanese.yml,CHINA_DIVIDES_NO_CHINA_DIVIDES_DESC,中国は分裂しない!外国の影響を除いてはね...。
english,replace/00_game_rules_l_japanese.yml,CHINA_DIVIDES_PL,常に許可
english,replace/00_game_rules_l_japanese.yml,CHINA_DIVIDES_PL_DESC,中国4000年の歴史を顧みれば、国情が不安定になってしまった時の影響が大きいのは自明だろう。
english,replace/00_game_rules_l_japanese.yml,RULE_COUNTRY_DIVIDES,国家の分裂
english,replace/BSM_core_l_japanese.yml,AILWAY_GUN_UNIT_STATS,列車砲詳細
english,replace/BSM_core_l_japanese.yml,BAKA,バカ
english,replace/BSM_core_l_japanese.yml,BLX_europe_research_name,ヨーロッパ連合共同開発機構
english,replace/BSM_core_l_japanese.yml,BLX_ger_research_name,ベネルクス=ドイツ共同開発機構
english,replace/BSM_core_l_japanese.yml,BLX_sov_research_name,ベネルクス=ソビエト共同開発機構
english,replace/BSM_core_l_japanese.yml,CHINA_DIVIDES_DEFAULT_PL,常に許可
english,replace/BSM_core_l_japanese.yml,EQUIPMENT_DETAILS,装備詳細
english,replace/BSM_core_l_japanese.yml,EU,ヨーロッパ諸国連合
english,replace/BSM_core_l_japanese.yml,Extra,その他
english,replace/BSM_core_l_japanese.yml,Extra_advisor,有名人
english,replace/BSM_core_l_japanese.yml,FE_DIFFICULTY_EASY,バカ
english,replace/BSM_core_l_japanese.yml,FE_DIFFICULTY_EASY_TOOLTIP,§L「我々ならできる?」§!
english,replace/BSM_core_l_japanese.yml,FE_DIFFICULTY_HARD,天才
english,replace/BSM_core_l_japanese.yml,FE_DIFFICULTY_HARD_TOOLTIP,§L「僕ならできる!」§!
english,replace/BSM_core_l_japanese.yml,FE_DIFFICULTY_NORMAL,一般人
english,replace/BSM_core_l_japanese.yml,FE_DIFFICULTY_NORMAL_TOOLTIP,§L「僕はただの一般人なんだけどなぁ…。」§!
english,replace/BSM_core_l_japanese.yml,FE_DIFFICULTY_VERY_EASY,スイジョウキ
english,replace/BSM_core_l_japanese.yml,FE_DIFFICULTY_VERY_EASY_TOOLTIP,§L「動く核廃棄物式処刑!」§!
english,replace/BSM_core_l_japanese.yml,FE_DIFFICULTY_VERY_HARD,Kabu
english,replace/BSM_core_l_japanese.yml,FE_DIFFICULTY_VERY_HARD_TOOLTIP,§L「出来るわけないだろ!」§!
english,replace/BSM_core_l_japanese.yml,FOCUS_TREE_VIEW_HEADER,$COUNTRY$ 国家方針一覧
english,replace/BSM_core_l_japanese.yml,MENU_TWITTER,バカ世界地図mod Twitter
english,replace/BSM_core_l_japanese.yml,RULE_AI_NF_choice,AIの取得可能なNF
english,replace/BSM_core_l_japanese.yml,RULE_BAKA_DESC,AIは一部のルートのNFしか取得しません。
english,replace/BSM_core_l_japanese.yml,RULE_DEFAULT_DESC,AIはごく一部を除いた殆どのNFを取得し得ます。
english,replace/BSM_core_l_japanese.yml,RULE_KHAOS_DESC,AIは隠しルートも含めた全てのNFを取得し得ます。
english,replace/BSM_core_l_japanese.yml,RULE_OPTION_BAKA,バカ
english,replace/BSM_core_l_japanese.yml,RULE_OPTION_DEFAULT,一般
english,replace/BSM_core_l_japanese.yml,RULE_OPTION_KHAOS,カオス
english,replace/BSM_core_l_japanese.yml,RULE_OPTION_SABOTEN,サボテン
english,replace/BSM_core_l_japanese.yml,RULE_SABOTEN_DESC,AIは継続NFのみを取得します。
english,replace/BSM_core_l_japanese.yml,SABOTEN,サボテン
english,replace/BSM_core_l_japanese.yml,SHIP_UNIT_STATS,艦船詳細
english,replace/BSM_core_l_japanese.yml,Territorium,領邦
english,replace/BSM_core_l_japanese.yml,UNIT_STATS,部隊詳細
english,replace/BSM_core_l_japanese.yml,autonomy_psonal_union,同君下位連合
english,replace/BSM_core_l_japanese.yml,civilian_advisor,活動家
english,replace/BSM_core_l_japanese.yml,civilian_party,市民団体
english,replace/BSM_core_l_japanese.yml,diff_easy_player,難易度: 一般人
english,replace/BSM_core_l_japanese.yml,diff_hard_player,難易度: 天才
english,replace/BSM_core_l_japanese.yml,diff_very_easy_player,難易度: バカ
english,replace/BSM_core_l_japanese.yml,diff_very_hard_player,難易度: Kabu
english,replace/BSM_core_l_japanese.yml,ideology_advisor,思想家
english,replace/BSM_core_l_japanese.yml,ideology_and_other,思想と宗教
english,replace/BSM_core_l_japanese.yml,ideology_party,政党
english,replace/BSM_core_l_japanese.yml,large_river,大河
english,replace/BSM_core_l_japanese.yml,large_river_desc,
english,replace/BSM_core_l_japanese.yml,religion_advisor,宗教家
english,replace/BSM_core_l_japanese.yml,religion_party,国教
english,replace/bakasekai/BKK_SJK_Long_l_japanese.yml,BKK.1.a,クルンテープ...なんだっけ？
english,replace/bakasekai/BKK_SJK_Long_l_japanese.yml,BKK.1.b,バンコクはバンコクだ!
english,replace/bakasekai/BKK_SJK_Long_l_japanese.yml,BKK.1.d,バカは長い名前をすぐに覚えたがるためわが国の名称も変更され、バンコクから正式名称である「クルンテープ・マハーナコーン・アモーンラッタナコーシン・マヒンタラーユッタヤー・マハーディロック・ポップ・ノッパラット・ラーチャタニーブリーロム・ウドムラーチャニウェートマハーサターン・アモーンピマーン・アワターンサティット・サッカタッティヤウィサヌカムプラシット」に変わってしまった。ところで、バンコクの正式名称は？
english,replace/bakasekai/BKK_SJK_Long_l_japanese.yml,BKK.1.t,国名の変更
english,replace/bakasekai/BKK_SJK_Long_l_japanese.yml,BKK.2.a,両国友好のためにすぐに行くべきだ!
english,replace/bakasekai/BKK_SJK_Long_l_japanese.yml,BKK.2.b,今回は見送ろう
english,replace/bakasekai/BKK_SJK_Long_l_japanese.yml,BKK.2.d,バンコク改め「クルンテープ・マハーナコーン・アモーンラッタナコーシン・マヒンタラーユッタヤー・マハーディロック・ポップ・ノッパラット・ラーチャタニーブリーロム・ウドムラーチャニウェートマハーサターン・アモーンピマーン・アワターンサティット・サッカタッティヤウィサヌカムプラシット」から両国友好のための会談をしたいとの連絡があった。我が国も名前が長いので参加するべきだろうか...
english,replace/bakasekai/BKK_SJK_Long_l_japanese.yml,BKK.2.t,バンコクからの連絡
english,replace/bakasekai/BKK_SJK_Long_l_japanese.yml,BKK.3.a,さあ、参加しよう!
english,replace/bakasekai/BKK_SJK_Long_l_japanese.yml,BKK.3.b,バカは伝染するが、つける薬はない
english,replace/bakasekai/BKK_SJK_Long_l_japanese.yml,BKK.3.d,「クルンテープ・マハーナコーン・アモーンラッタナコーシン・マヒンタラーユッタヤー・マハーディロック・ポップ・ノッパラット・ラーチャタニーブリーロム・ウドムラーチャニウェートマハーサターン・アモーンピマーン・アワターンサティット・サッカタッティヤウィサヌカムプラシット」は我が国に長名同盟への加盟を求めている。加盟するべきなのだろうか...
english,replace/bakasekai/BKK_SJK_Long_l_japanese.yml,BKK.3.t,長名同盟の結成
english,replace/bakasekai/BKK_SJK_Long_l_japanese.yml,BKK.4.a,傀儡化を受け入れる
english,replace/bakasekai/BKK_SJK_Long_l_japanese.yml,BKK.4.b,バカは伝染するが、つける薬はない
english,replace/bakasekai/BKK_SJK_Long_l_japanese.yml,BKK.4.d,「クルンテープ・マハーナコーン・アモーンラッタナコーシン・マヒンタラーユッタヤー・マハーディロック・ポップ・ノッパラット・ラーチャタニーブリーロム・ウドムラーチャニウェートマハーサターン・アモーンピマーン・アワターンサティット・サッカタッティヤウィサヌカムプラシット」とスリジャヤワルダナプラコッテの両国が所属する「長名同盟」から我が国への従属化を迫る要求があった。我々はどうすればいいのだろうか...
english,replace/bakasekai/BKK_SJK_Long_l_japanese.yml,BKK.4.t,長名同盟からの要求
english,replace/bakasekai/BKK_SJK_Long_l_japanese.yml,BKK.5.a,パラドのアプデを待ちやがれ!
english,replace/bakasekai/BKK_SJK_Long_l_japanese.yml,BKK.5.d,空軍には設計がまだないから長名化できないんだよ!!!!!!残念だったな!!!!!\nえ?もうアプデされた!?そ、そんなことあるわけないじゃないか!!!!
english,replace/bakasekai/BKK_SJK_Long_l_japanese.yml,BKK.5.t,存在しない空軍
english,replace/bakasekai/BKK_SJK_Long_l_japanese.yml,BKK_GB_long,英国の長名化
english,replace/bakasekai/BKK_SJK_Long_l_japanese.yml,BKK_GB_long_desc,英国にはとても美しい\n「グレートブリテン及び北アイルランド連合王国」\nという名前がある。しかし世界各国には\n「GB」「Britain」「イギリス」「英国」\nこれらのような下賤な名前で呼ばれている。\n彼らを救済し、「同盟」を結ぶことで長名同盟は拡大していくだろう。
english,replace/bakasekai/BKK_SJK_Long_l_japanese.yml,BKK_Let_us_make_our_name_look_big,さあ、国の名前をさらに大きく見せよう!
english,replace/bakasekai/BKK_SJK_Long_l_japanese.yml,BKK_Let_us_make_our_name_look_big_desc,我が国の名前は表記が小さくなっている。多くの領土を得ることで、大きく見せるべきだ!
english,replace/bakasekai/BKK_SJK_Long_l_japanese.yml,BKK_More_Long_Name_idea,さらに国名を大きく見せるのだ!
english,replace/bakasekai/BKK_SJK_Long_l_japanese.yml,BKK_Sri_Jayawardena_Prakotte,スリジャヤワルダナプラコッテ
english,replace/bakasekai/BKK_SJK_Long_l_japanese.yml,BKK_Sri_Jayawardena_Prakotte_desc,スリジャヤワルダナプラコッテも我々と同じ国名の長い国だ。友好関係を結べるだろう。
english,replace/bakasekai/BKK_SJK_Long_l_japanese.yml,BKK_UK_long_name,グレートブリテン及び北アイルランド連合王国の更なる長名化
english,replace/bakasekai/BKK_SJK_Long_l_japanese.yml,BKK_UK_long_name_desc,グレートブリテン及び北アイルランド連合王国での統合が完了した。これよりグレートブリテン及び北アイルランド連合王国の更なる長名化を実行する。
english,replace/bakasekai/BKK_SJK_Long_l_japanese.yml,BKK_air_force,空軍?
english,replace/bakasekai/BKK_SJK_Long_l_japanese.yml,BKK_air_force_desc,我々は長名空軍を結成すべきなのだが…
english,replace/bakasekai/BKK_SJK_Long_l_japanese.yml,BKK_baka_long_name,バカは長い名前を覚える
english,replace/bakasekai/BKK_SJK_Long_l_japanese.yml,BKK_baka_long_name_desc,やたら名前が長いとかえってバカは覚えようとするようです。 \n- バカ世界地図より
english,replace/bakasekai/BKK_SJK_Long_l_japanese.yml,BKK_construction_effort,建設への注力
english,replace/bakasekai/BKK_SJK_Long_l_japanese.yml,BKK_construction_effort_2,建設への注力 II
english,replace/bakasekai/BKK_SJK_Long_l_japanese.yml,BKK_construction_effort_2_desc,工場を拡張し続けることは、貿易や更なる建設の取り組みのための物資生産のスピードアップを可能にする。
english,replace/bakasekai/BKK_SJK_Long_l_japanese.yml,BKK_construction_effort_3,建設への注力 III
english,replace/bakasekai/BKK_SJK_Long_l_japanese.yml,BKK_construction_effort_3_desc,インフラ網の拡大は建設能力を大きく向上させてきた。
english,replace/bakasekai/BKK_SJK_Long_l_japanese.yml,BKK_construction_effort_desc,例え戦争が世界中で勃発しようと、民間の生産能力を過小評価してはならない。
english,replace/bakasekai/BKK_SJK_Long_l_japanese.yml,BKK_construction_effort_tt,§Y民需工場§!用の建築スロットが不十分
english,replace/bakasekai/BKK_SJK_Long_l_japanese.yml,BKK_extra_tech_slot,追加の研究枠
english,replace/bakasekai/BKK_SJK_Long_l_japanese.yml,BKK_extra_tech_slot_2,追加の研究枠 II
english,replace/bakasekai/BKK_SJK_Long_l_japanese.yml,BKK_extra_tech_slot_2_desc,我が国の急速な工業化によって、追求すべき研究開発の新たな局面が拓けた。
english,replace/bakasekai/BKK_SJK_Long_l_japanese.yml,BKK_extra_tech_slot_3,追加の研究枠 III
english,replace/bakasekai/BKK_SJK_Long_l_japanese.yml,BKK_extra_tech_slot_3_desc,我が国の急速な工業化によって、追求すべき研究開発の新たな局面が拓けた。
english,replace/bakasekai/BKK_SJK_Long_l_japanese.yml,BKK_extra_tech_slot_desc,産業拡張およびその他の最近の進歩は、並行して複数の研究開発を実施することを可能にするかもしれない。
english,replace/bakasekai/BKK_SJK_Long_l_japanese.yml,BKK_industrial_effort,工業への注力
english,replace/bakasekai/BKK_SJK_Long_l_japanese.yml,BKK_industrial_effort_2,工業への注力 II
english,replace/bakasekai/BKK_SJK_Long_l_japanese.yml,BKK_industrial_effort_2_desc,鉄の意志と苛酷な労働倫理により、国民をその他の偉大なる産業に動員できるのだ。
english,replace/bakasekai/BKK_SJK_Long_l_japanese.yml,BKK_industrial_effort_desc,あらゆる政治的取り組みを民需産業の飛躍的増強のために注力する。
english,replace/bakasekai/BKK_SJK_Long_l_japanese.yml,BKK_infrastructure_effort,インフラへの注力
english,replace/bakasekai/BKK_SJK_Long_l_japanese.yml,BKK_infrastructure_effort_2,インフラへの注力 II
english,replace/bakasekai/BKK_SJK_Long_l_japanese.yml,BKK_infrastructure_effort_2_desc,さらなるインフラ拡張によって、高度な秘密計画には必須となる輸送や通信が可能になるだろう。
english,replace/bakasekai/BKK_SJK_Long_l_japanese.yml,BKK_infrastructure_effort_3,インフラへの注力 III
english,replace/bakasekai/BKK_SJK_Long_l_japanese.yml,BKK_infrastructure_effort_3_desc,さらなるインフラ拡張によって、高度な秘密計画には必須となる輸送や通信が可能になるだろう。
english,replace/bakasekai/BKK_SJK_Long_l_japanese.yml,BKK_infrastructure_effort_desc,適切なインフラのない国は先進的な事業計画も建築も追及できない。
english,replace/bakasekai/BKK_SJK_Long_l_japanese.yml,BKK_infrastructure_effort_tt,§Yインフラ§!用の建築スロットが不十分
english,replace/bakasekai/BKK_SJK_Long_l_japanese.yml,BKK_integration_in_the_UK,グレートブリテン及び北アイルランド連合王国の統合
english,replace/bakasekai/BKK_SJK_Long_l_japanese.yml,BKK_integration_in_the_UK_desc,グレートブリテン及び北アイルランド連合王国内での統合を行うことでグレートブリテン及び北アイルランド連合王国はさらなる領土を手に入れることができるため、さらなる長名化を行うことができるだろう。
english,replace/bakasekai/BKK_SJK_Long_l_japanese.yml,BKK_long_name_alliance,長名同盟
english,replace/bakasekai/BKK_SJK_Long_l_japanese.yml,BKK_long_name_alliance_desc,長名同盟の結成は我々に非常に大きな利益をもたらす。\nそう、利益をもたらすのだ。絶対に。 \nこの世の長名国家は全てこの同盟によって守られ、拡大されていく。\n\nああ、美しき名前よ。我らの栄光に乾杯だ。
english,replace/bakasekai/BKK_SJK_Long_l_japanese.yml,BKK_long_name_army,長名陸軍
english,replace/bakasekai/BKK_SJK_Long_l_japanese.yml,BKK_long_name_army_desc,陸軍を長名化することで長名陸軍を結成し、我が国の威信を高めるのだ。
english,replace/bakasekai/BKK_SJK_Long_l_japanese.yml,BKK_long_name_division,長名師団
english,replace/bakasekai/BKK_SJK_Long_l_japanese.yml,BKK_long_name_division_2,長名師団2
english,replace/bakasekai/BKK_SJK_Long_l_japanese.yml,BKK_long_name_division_2_desc,長名師団の配備によって我が国の軍事力は増大する。
english,replace/bakasekai/BKK_SJK_Long_l_japanese.yml,BKK_long_name_division_3,長名師団3
english,replace/bakasekai/BKK_SJK_Long_l_japanese.yml,BKK_long_name_division_3_desc,長名師団の配備によって我が国の軍事力は増大する。
english,replace/bakasekai/BKK_SJK_Long_l_japanese.yml,BKK_long_name_division_desc,長名師団の配備によって我が国の軍事力は増大する。
english,replace/bakasekai/BKK_SJK_Long_l_japanese.yml,BKK_long_name_navy,長名海軍
english,replace/bakasekai/BKK_SJK_Long_l_japanese.yml,BKK_long_name_navy_desc,海軍を長名化することで長名海軍を結成し、我が国の威信を高めるのだ。
english,replace/bakasekai/BKK_SJK_Long_l_japanese.yml,BKK_long_name_party,バンコク長名党
english,replace/bakasekai/BKK_SJK_Long_l_japanese.yml,BKK_long_name_party_long,クルンテープ・マハーナコーン・アモーンラッタナコーシン・マヒンタラーユッタヤー・マハーディロック・ポップ・ノッパラット・ラーチャタニーブリーロム・ウドムラーチャニウェートマハーサターン・アモーンピマーン・アワターンサティット・サッカタッティヤウィサヌカムプラシット長名党
english,replace/bakasekai/BKK_SJK_Long_l_japanese.yml,BKK_long_name_ship,長名船
english,replace/bakasekai/BKK_SJK_Long_l_japanese.yml,BKK_long_name_ship_2,長名船2
english,replace/bakasekai/BKK_SJK_Long_l_japanese.yml,BKK_long_name_ship_2_desc,長名の船を建造するぞ!
english,replace/bakasekai/BKK_SJK_Long_l_japanese.yml,BKK_long_name_ship_3,長名船3
english,replace/bakasekai/BKK_SJK_Long_l_japanese.yml,BKK_long_name_ship_3_desc,長名の船を建造するぞ!
english,replace/bakasekai/BKK_SJK_Long_l_japanese.yml,BKK_long_name_ship_desc,長名の船を建造するぞ!
english,replace/bakasekai/BKK_SJK_Long_l_japanese.yml,BKK_long_name_tank,長名戦車
english,replace/bakasekai/BKK_SJK_Long_l_japanese.yml,BKK_long_name_tank_2,長名戦車2
english,replace/bakasekai/BKK_SJK_Long_l_japanese.yml,BKK_long_name_tank_2_desc,長名戦車の配備によって我が国の軍事力が絶大となる。
english,replace/bakasekai/BKK_SJK_Long_l_japanese.yml,BKK_long_name_tank_3,長名戦車3
english,replace/bakasekai/BKK_SJK_Long_l_japanese.yml,BKK_long_name_tank_3_desc,長名戦車の配備によって我が国の軍事力が絶大となる。
english,replace/bakasekai/BKK_SJK_Long_l_japanese.yml,BKK_long_name_tank_desc,長名戦車の配備によって我が国の軍事力が絶大となる。
english,replace/bakasekai/BKK_SJK_Long_l_japanese.yml,BKK_long_naming_of_alliances,長名同盟の更なる長名化
english,replace/bakasekai/BKK_SJK_Long_l_japanese.yml,BKK_long_naming_of_alliances_desc,我々は偉大なる長名化を進めている。より多くの国がこの同盟を魅力的に思えるように、名前を変更して長名化をするべきだ。
english,replace/bakasekai/BKK_SJK_Long_l_japanese.yml,BKK_naval_effort_2,造船所設備の拡大
english,replace/bakasekai/BKK_SJK_Long_l_japanese.yml,BKK_naval_effort_2_desc,真に注目に値する海軍に創り直すため、造船能力を大いに拡大しなければならない。
english,replace/bakasekai/BKK_SJK_Long_l_japanese.yml,BKK_nuclear_effort,核兵器への注力
english,replace/bakasekai/BKK_SJK_Long_l_japanese.yml,BKK_nuclear_effort_2,核兵器への注力 II
english,replace/bakasekai/BKK_SJK_Long_l_japanese.yml,BKK_nuclear_effort_2_desc,さらなる核兵器の研究によって、この破滅の力を他国に先んじて手に入れるのだ。
english,replace/bakasekai/BKK_SJK_Long_l_japanese.yml,BKK_nuclear_effort_desc,世界を変える歴史の分岐点において、地球を一日で滅ぼしてしまうような火を、他国に灯されてはならないのだ。
english,replace/bakasekai/BKK_SJK_Long_l_japanese.yml,BKK_production_effort,武装化への注力
english,replace/bakasekai/BKK_SJK_Long_l_japanese.yml,BKK_production_effort_2,武装化への注力 II
english,replace/bakasekai/BKK_SJK_Long_l_japanese.yml,BKK_production_effort_2_desc,民間工場で軍装品を生産させようというのは能率的でない。今は軍需生産に注力すべきだ。
english,replace/bakasekai/BKK_SJK_Long_l_japanese.yml,BKK_production_effort_3,武装化への注力 III
english,replace/bakasekai/BKK_SJK_Long_l_japanese.yml,BKK_production_effort_3_desc,新たな装備の需要を満たすためには、継続した軍需工場拡大の努力が必要である。
english,replace/bakasekai/BKK_SJK_Long_l_japanese.yml,BKK_production_effort_desc,トラクターが作れるのなら、戦車だって作れるはずだ!軍事的生産力の立ち遅れは決して許されない。
english,replace/bakasekai/BKK_SJK_Long_l_japanese.yml,BKK_production_effort_tt,§Y軍需工場§!用の建築スロットが不十分
english,replace/bakasekai/BKK_SJK_Long_l_japanese.yml,BKK_secret_weapons,秘密兵器
english,replace/bakasekai/BKK_SJK_Long_l_japanese.yml,BKK_synth_oil_effort_tt,§Y合成精製所§!用の建築スロットが不十分
english,replace/bakasekai/BKK_SJK_Long_l_japanese.yml,BKK_technology_sharing,技術の共有
english,replace/bakasekai/BKK_SJK_Long_l_japanese.yml,BKK_technology_sharing_desc,同盟国と技術の進歩を共有することで、陣営全体で戦時の研究開発をより効率的に遂行できるようになるだろう。
english,replace/bakasekai/BKK_SJK_Long_l_japanese.yml,SJK_Let_us_make_our_name_look_big,さあ、国の名前をさらに大きく見せよう!
english,replace/bakasekai/BKK_SJK_Long_l_japanese.yml,SJK_Let_us_make_our_name_look_big_desc,我が国の名前は表記が小さくなっている。多くの領土を得ることで、大きく見せるべきだ!
english,replace/bakasekai/BKK_SJK_Long_l_japanese.yml,SJK_NANTOKA_long,ナントカスタンの長名化
english,replace/bakasekai/BKK_SJK_Long_l_japanese.yml,SJK_NANTOKA_long_desc,ナントカスタンにはとても美しい\n「ナントカスタン共和国連邦」\nという名前がある。しかし世界各国には\n「ナントカ」「なんだっけ?」\nこれらのような下賤な名前で呼ばれている。\n彼らを救済し、「同盟」を結ぶことで長名同盟は拡大していくだろう。
english,replace/bakasekai/BKK_SJK_Long_l_japanese.yml,SJK_NANTOKA_long_name,ナントカスタンの更なる長名化
english,replace/bakasekai/BKK_SJK_Long_l_japanese.yml,SJK_NANTOKA_long_name_desc,ナントカスタンでの統合が完了した。これよりナントカスタン共和国連邦の更なる長名化を実行する。
english,replace/bakasekai/BKK_SJK_Long_l_japanese.yml,SJK_Sri_Jayawardena_Prakotte,スリジャヤワルダナプラコッテ
english,replace/bakasekai/BKK_SJK_Long_l_japanese.yml,SJK_Sri_Jayawardena_Prakotte_desc,スリジャヤワルダナプラコッテも我々と同じ国名の長い国だ。友好関係を結べるだろう。
english,replace/bakasekai/BKK_SJK_Long_l_japanese.yml,SJK_air_force,空軍?
english,replace/bakasekai/BKK_SJK_Long_l_japanese.yml,SJK_air_force_desc,我々は長名空軍を結成すべきなのだが…
english,replace/bakasekai/BKK_SJK_Long_l_japanese.yml,SJK_baka_long_name,バカは長い名前を覚える
english,replace/bakasekai/BKK_SJK_Long_l_japanese.yml,SJK_baka_long_name_desc,やたら名前が長いとかえってバカは覚えようとするようです。 \n- バカ世界地図より
english,replace/bakasekai/BKK_SJK_Long_l_japanese.yml,SJK_construction_effort,建設への注力
english,replace/bakasekai/BKK_SJK_Long_l_japanese.yml,SJK_construction_effort_2,建設への注力 II
english,replace/bakasekai/BKK_SJK_Long_l_japanese.yml,SJK_construction_effort_2_desc,工場を拡張し続けることは、貿易や更なる建設の取り組みのための物資生産のスピードアップを可能にする。
english,replace/bakasekai/BKK_SJK_Long_l_japanese.yml,SJK_construction_effort_3,建設への注力 III
english,replace/bakasekai/BKK_SJK_Long_l_japanese.yml,SJK_construction_effort_3_desc,インフラ網の拡大は建設能力を大きく向上させてきた。
english,replace/bakasekai/BKK_SJK_Long_l_japanese.yml,SJK_construction_effort_desc,例え戦争が世界中で勃発しようと、民間の生産能力を過小評価してはならない。
english,replace/bakasekai/BKK_SJK_Long_l_japanese.yml,SJK_construction_effort_tt,§Y民需工場§!用の建築スロットが不十分
english,replace/bakasekai/BKK_SJK_Long_l_japanese.yml,SJK_extra_tech_slot,追加の研究枠
english,replace/bakasekai/BKK_SJK_Long_l_japanese.yml,SJK_extra_tech_slot_2,追加の研究枠 II
english,replace/bakasekai/BKK_SJK_Long_l_japanese.yml,SJK_extra_tech_slot_2_desc,我が国の急速な工業化によって、追求すべき研究開発の新たな局面が拓けた。
english,replace/bakasekai/BKK_SJK_Long_l_japanese.yml,SJK_extra_tech_slot_3,追加の研究枠 III
english,replace/bakasekai/BKK_SJK_Long_l_japanese.yml,SJK_extra_tech_slot_3_desc,我が国の急速な工業化によって、追求すべき研究開発の新たな局面が拓けた。
english,replace/bakasekai/BKK_SJK_Long_l_japanese.yml,SJK_extra_tech_slot_desc,産業拡張およびその他の最近の進歩は、並行して複数の研究開発を実施することを可能にするかもしれない。
english,replace/bakasekai/BKK_SJK_Long_l_japanese.yml,SJK_industrial_effort,工業への注力
english,replace/bakasekai/BKK_SJK_Long_l_japanese.yml,SJK_industrial_effort_2,工業への注力 II
english,replace/bakasekai/BKK_SJK_Long_l_japanese.yml,SJK_industrial_effort_2_desc,鉄の意志と苛酷な労働倫理により、国民をその他の偉大なる産業に動員できるのだ。
english,replace/bakasekai/BKK_SJK_Long_l_japanese.yml,SJK_industrial_effort_desc,あらゆる政治的取り組みを民需産業の飛躍的増強のために注力する。
english,replace/bakasekai/BKK_SJK_Long_l_japanese.yml,SJK_infrastructure_effort,インフラへの注力
english,replace/bakasekai/BKK_SJK_Long_l_japanese.yml,SJK_infrastructure_effort_2,インフラへの注力 II
english,replace/bakasekai/BKK_SJK_Long_l_japanese.yml,SJK_infrastructure_effort_2_desc,さらなるインフラ拡張によって、高度な秘密計画には必須となる輸送や通信が可能になるだろう。
english,replace/bakasekai/BKK_SJK_Long_l_japanese.yml,SJK_infrastructure_effort_3,インフラへの注力 III
english,replace/bakasekai/BKK_SJK_Long_l_japanese.yml,SJK_infrastructure_effort_3_desc,さらなるインフラ拡張によって、高度な秘密計画には必須となる輸送や通信が可能になるだろう。
english,replace/bakasekai/BKK_SJK_Long_l_japanese.yml,SJK_infrastructure_effort_desc,適切なインフラのない国は先進的な事業計画も建築も追及できない。
english,replace/bakasekai/BKK_SJK_Long_l_japanese.yml,SJK_infrastructure_effort_tt,§Yインフラ§!用の建築スロットが不十分
english,replace/bakasekai/BKK_SJK_Long_l_japanese.yml,SJK_integration_in_the_NANTOKA,ナントカスタンの統合
english,replace/bakasekai/BKK_SJK_Long_l_japanese.yml,SJK_integration_in_the_NANTOKA_desc,ナントカスタン共和国連邦内での統合を行うことでナントカスタン共和国連邦はさらなる領土を手に入れることができるため、さらなる長名化を行うことができるだろう。
english,replace/bakasekai/BKK_SJK_Long_l_japanese.yml,SJK_long_name_alliance,長名同盟
english,replace/bakasekai/BKK_SJK_Long_l_japanese.yml,SJK_long_name_alliance_desc,長名同盟の結成は我々に非常に大きな利益をもたらす。\nそう、利益をもたらすのだ。絶対に。 \nこの世の長名国家は全てこの同盟によって守られ、拡大されていく。\n\nああ、美しき名前よ。我らの栄光に乾杯だ。
english,replace/bakasekai/BKK_SJK_Long_l_japanese.yml,SJK_long_name_army,長名陸軍
english,replace/bakasekai/BKK_SJK_Long_l_japanese.yml,SJK_long_name_army_desc,陸軍を長名化することで長名陸軍を結成し、我が国の威信を高めるのだ。
english,replace/bakasekai/BKK_SJK_Long_l_japanese.yml,SJK_long_name_division,長名師団
english,replace/bakasekai/BKK_SJK_Long_l_japanese.yml,SJK_long_name_division_2,長名師団2
english,replace/bakasekai/BKK_SJK_Long_l_japanese.yml,SJK_long_name_division_2_desc,長名師団の配備によって我が国の軍事力は増大する。
english,replace/bakasekai/BKK_SJK_Long_l_japanese.yml,SJK_long_name_division_3,長名師団3
english,replace/bakasekai/BKK_SJK_Long_l_japanese.yml,SJK_long_name_division_3_desc,長名師団の配備によって我が国の軍事力は増大する。
english,replace/bakasekai/BKK_SJK_Long_l_japanese.yml,SJK_long_name_division_desc,長名師団の配備によって我が国の軍事力は増大する。
english,replace/bakasekai/BKK_SJK_Long_l_japanese.yml,SJK_long_name_navy,長名海軍
english,replace/bakasekai/BKK_SJK_Long_l_japanese.yml,SJK_long_name_navy_desc,海軍を長名化することで長名海軍を結成し、我が国の威信を高めるのだ。
english,replace/bakasekai/BKK_SJK_Long_l_japanese.yml,SJK_long_name_party,スリランカ長名党
english,replace/bakasekai/BKK_SJK_Long_l_japanese.yml,SJK_long_name_party_long,スリジャヤワルダナプラコッテ長名党
english,replace/bakasekai/BKK_SJK_Long_l_japanese.yml,SJK_long_name_ship,長名船
english,replace/bakasekai/BKK_SJK_Long_l_japanese.yml,SJK_long_name_ship_2,長名船2
english,replace/bakasekai/BKK_SJK_Long_l_japanese.yml,SJK_long_name_ship_2_desc,長名の船を建造するぞ!
english,replace/bakasekai/BKK_SJK_Long_l_japanese.yml,SJK_long_name_ship_3,長名船3
english,replace/bakasekai/BKK_SJK_Long_l_japanese.yml,SJK_long_name_ship_3_desc,長名の船を建造するぞ!
english,replace/bakasekai/BKK_SJK_Long_l_japanese.yml,SJK_long_name_ship_desc,長名の船を建造するぞ!
english,replace/bakasekai/BKK_SJK_Long_l_japanese.yml,SJK_long_name_tank,長名戦車
english,replace/bakasekai/BKK_SJK_Long_l_japanese.yml,SJK_long_name_tank_2,長名戦車2
english,replace/bakasekai/BKK_SJK_Long_l_japanese.yml,SJK_long_name_tank_2_desc,長名戦車の配備によって我が国の軍事力が絶大となる。
english,replace/bakasekai/BKK_SJK_Long_l_japanese.yml,SJK_long_name_tank_3,長名戦車3
english,replace/bakasekai/BKK_SJK_Long_l_japanese.yml,SJK_long_name_tank_3_desc,長名戦車の配備によって我が国の軍事力が絶大となる。
english,replace/bakasekai/BKK_SJK_Long_l_japanese.yml,SJK_long_name_tank_desc,長名戦車の配備によって我が国の軍事力が絶大となる。
english,replace/bakasekai/BKK_SJK_Long_l_japanese.yml,SJK_long_naming_of_alliances,長名同盟の更なる長名化
english,replace/bakasekai/BKK_SJK_Long_l_japanese.yml,SJK_long_naming_of_alliances_desc,我々は偉大なる長名化を進めている。より多くの国がこの同盟を魅力的に思えるように、名前を変更して長名化をするべきだ。
english,replace/bakasekai/BKK_SJK_Long_l_japanese.yml,SJK_naval_effort_2,造船所設備の拡大
english,replace/bakasekai/BKK_SJK_Long_l_japanese.yml,SJK_naval_effort_2_desc,真に注目に値する海軍に創り直すため、造船能力を大いに拡大しなければならない。
english,replace/bakasekai/BKK_SJK_Long_l_japanese.yml,SJK_nuclear_effort,核兵器への注力
english,replace/bakasekai/BKK_SJK_Long_l_japanese.yml,SJK_nuclear_effort_2,核兵器への注力 II
english,replace/bakasekai/BKK_SJK_Long_l_japanese.yml,SJK_nuclear_effort_2_desc,さらなる核兵器の研究によって、この破滅の力を他国に先んじて手に入れるのだ。
english,replace/bakasekai/BKK_SJK_Long_l_japanese.yml,SJK_nuclear_effort_desc,世界を変える歴史の分岐点において、地球を一日で滅ぼしてしまうような火を、他国に灯されてはならないのだ。
english,replace/bakasekai/BKK_SJK_Long_l_japanese.yml,SJK_production_effort,武装化への注力
english,replace/bakasekai/BKK_SJK_Long_l_japanese.yml,SJK_production_effort_2,武装化への注力 II
english,replace/bakasekai/BKK_SJK_Long_l_japanese.yml,SJK_production_effort_2_desc,民間工場で軍装品を生産させようというのは能率的でない。今は軍需生産に注力すべきだ。
english,replace/bakasekai/BKK_SJK_Long_l_japanese.yml,SJK_production_effort_3,武装化への注力 III
english,replace/bakasekai/BKK_SJK_Long_l_japanese.yml,SJK_production_effort_3_desc,新たな装備の需要を満たすためには、継続した軍需工場拡大の努力が必要である。
english,replace/bakasekai/BKK_SJK_Long_l_japanese.yml,SJK_production_effort_desc,トラクターが作れるのなら、戦車だって作れるはずだ!軍事的生産力の立ち遅れは決して許されない。
english,replace/bakasekai/BKK_SJK_Long_l_japanese.yml,SJK_production_effort_tt,§Y軍需工場§!用の建築スロットが不十分
english,replace/bakasekai/BKK_SJK_Long_l_japanese.yml,SJK_secret_weapons,秘密兵器
english,replace/bakasekai/BKK_SJK_Long_l_japanese.yml,SJK_synth_oil_effort_tt,§Y合成精製所§!用の建築スロットが不十分
english,replace/bakasekai/BKK_SJK_Long_l_japanese.yml,SJK_technology_sharing,技術の共有
english,replace/bakasekai/BKK_SJK_Long_l_japanese.yml,SJK_technology_sharing_desc,同盟国と技術の進歩を共有することで、陣営全体で戦時の研究開発をより効率的に遂行できるようになるだろう。
english,replace/bakasekai/BKK_SJK_Long_l_japanese.yml,change_of_political_system,政治体制の変更
english,replace/bakasekai/BKK_SJK_Long_l_japanese.yml,change_of_political_system_desc,我々は絶対に政治体制を変える必要がある!そう、絶対にだ!
english,replace/bakasekai/BKK_SJK_Long_l_japanese.yml,change_to_official_name,正式名称の変更
english,replace/bakasekai/BSM_VP_l_japanese.yml,VICTORY_POINT_10877,サハラニア
english,replace/bakasekai/BSM_VP_l_japanese.yml,VICTORY_POINT_13303,グアンタナモ基地
english,replace/bakasekai/BSM_VP_l_japanese.yml,VICTORY_POINT_14254,アウグストゥフ
english,replace/bakasekai/BSM_VP_l_japanese.yml,VICTORY_POINT_14388,内子
english,replace/bakasekai/BSM_VP_l_japanese.yml,VICTORY_POINT_14412,久万高原町
english,replace/bakasekai/BSM_VP_l_japanese.yml,VICTORY_POINT_14466,中央
english,replace/bakasekai/BSM_VP_l_japanese.yml,VICTORY_POINT_14469,松山
english,replace/bakasekai/BSM_VP_l_japanese.yml,VICTORY_POINT_14647,東京
english,replace/bakasekai/BSM_VP_l_japanese.yml,VICTORY_POINT_14766,三崎
english,replace/bakasekai/BSM_VP_l_japanese.yml,VICTORY_POINT_15068,ケルミス
english,replace/bakasekai/BSM_VP_l_japanese.yml,VICTORY_POINT_15094,ウォムジャ
english,replace/bakasekai/BSM_VP_l_japanese.yml,VICTORY_POINT_15096,スヴァウキ
english,replace/bakasekai/BSM_VP_l_japanese.yml,VICTORY_POINT_15097,セイヌィ
english,replace/bakasekai/BSM_VP_l_japanese.yml,VICTORY_POINT_15098,コルノ
english,replace/bakasekai/BSM_VP_l_japanese.yml,VICTORY_POINT_15099,グラジェボ
english,replace/bakasekai/BSM_VP_l_japanese.yml,VICTORY_POINT_15100,モンキ
english,replace/bakasekai/BSM_VP_l_japanese.yml,VICTORY_POINT_15101,シエミティツェ
english,replace/bakasekai/BSM_VP_l_japanese.yml,VICTORY_POINT_15103,ハイヌフカ
english,replace/bakasekai/BSM_VP_l_japanese.yml,VICTORY_POINT_15104,八幡浜港
english,replace/bakasekai/BSM_VP_l_japanese.yml,VICTORY_POINT_15110,砥部
english,replace/bakasekai/BSM_VP_l_japanese.yml,VICTORY_POINT_15120,愛南
english,replace/bakasekai/BSM_VP_l_japanese.yml,VICTORY_POINT_15122,松前
english,replace/bakasekai/BSM_VP_l_japanese.yml,VICTORY_POINT_15311,プレスコット岬
english,replace/bakasekai/BSM_VP_l_japanese.yml,VICTORY_POINT_4188,水戸
english,replace/bakasekai/BSM_adjacency_rules_l_japanese.yml,Akashi_Strait,明石海峡
english,replace/bakasekai/BSM_adjacency_rules_l_japanese.yml,Alenuihaha_Channel,アレヌイハハ海峡
english,replace/bakasekai/BSM_adjacency_rules_l_japanese.yml,Antarctic_Sound,南極海峡
english,replace/bakasekai/BSM_adjacency_rules_l_japanese.yml,Aswan_High_Dam,アスワン・ハイ・ダム
english,replace/bakasekai/BSM_adjacency_rules_l_japanese.yml,Balabac_Strait,バラバク海峡
english,replace/bakasekai/BSM_adjacency_rules_l_japanese.yml,Bali_Strait,バリ海峡
english,replace/bakasekai/BSM_adjacency_rules_l_japanese.yml,Bashi_CANAL,バシー海峡
english,replace/bakasekai/BSM_adjacency_rules_l_japanese.yml,Bass_CANAL,バス海峡
english,replace/bakasekai/BSM_adjacency_rules_l_japanese.yml,Beagle_Strait,ビーグル水道
english,replace/bakasekai/BSM_adjacency_rules_l_japanese.yml,Belle_Strait,ベルアイル海峡
english,replace/bakasekai/BSM_adjacency_rules_l_japanese.yml,Bering_Strait,ベーリング海峡
english,replace/bakasekai/BSM_adjacency_rules_l_japanese.yml,Bonifacio_STRAIT,ボニファシオ海峡
english,replace/bakasekai/BSM_adjacency_rules_l_japanese.yml,Bornholmsgattet,ボルンホルムスガッテト海峡
english,replace/bakasekai/BSM_adjacency_rules_l_japanese.yml,Bransfield_STRAIT,ブランスフィールド海峡
english,replace/bakasekai/BSM_adjacency_rules_l_japanese.yml,Bristol_Strait,ブリストル運河
english,replace/bakasekai/BSM_adjacency_rules_l_japanese.yml,Bungo_Strait,新豊後水道
english,replace/bakasekai/BSM_adjacency_rules_l_japanese.yml,Cabot_Strait,カボット海峡
english,replace/bakasekai/BSM_adjacency_rules_l_japanese.yml,Canso_Strait,カンソー海峡
english,replace/bakasekai/BSM_adjacency_rules_l_japanese.yml,Cook_Strait,クック海峡
english,replace/bakasekai/BSM_adjacency_rules_l_japanese.yml,DAIREN_Strait,渤海海峡
english,replace/bakasekai/BSM_adjacency_rules_l_japanese.yml,DETROIT_CANAL,デトロイト運河
english,replace/bakasekai/BSM_adjacency_rules_l_japanese.yml,Dampier_Strait,ダンピア海峡
english,replace/bakasekai/BSM_adjacency_rules_l_japanese.yml,Dixon_Entrance,ディクソン海峡
english,replace/bakasekai/BSM_adjacency_rules_l_japanese.yml,Dover_Strait,ドーバー運河
english,replace/bakasekai/BSM_adjacency_rules_l_japanese.yml,ETOROF_Channel,択捉海峡
english,replace/bakasekai/BSM_adjacency_rules_l_japanese.yml,Falkland_Strait,フォークランド海峡
english,replace/bakasekai/BSM_adjacency_rules_l_japanese.yml,Florida_Strait,フロリダ海峡
english,replace/bakasekai/BSM_adjacency_rules_l_japanese.yml,GOLDEN_GATE_BRIDGE,金門橋
english,replace/bakasekai/BSM_adjacency_rules_l_japanese.yml,Georgia_STRAIT,ジョージア海峡
english,replace/bakasekai/BSM_adjacency_rules_l_japanese.yml,Goyo_Channel,珸瑤瑁水道
english,replace/bakasekai/BSM_adjacency_rules_l_japanese.yml,HOKUBEI_CANAL,第一北米海峡
english,replace/bakasekai/BSM_adjacency_rules_l_japanese.yml,HOKUBEI_CANAL_2,第二北米海峡
english,replace/bakasekai/BSM_adjacency_rules_l_japanese.yml,HORMUZ_STRAIT,ホルムズ海峡
english,replace/bakasekai/BSM_adjacency_rules_l_japanese.yml,Hakodate_Strait,平舘海峡
english,replace/bakasekai/BSM_adjacency_rules_l_japanese.yml,Hecate_STRAIT,へカテ海峡
english,replace/bakasekai/BSM_adjacency_rules_l_japanese.yml,Hoyo_Strait,豊予海峡
english,replace/bakasekai/BSM_adjacency_rules_l_japanese.yml,Hudson_Strait,ハドソン海峡
english,replace/bakasekai/BSM_adjacency_rules_l_japanese.yml,ISE_BAY,伊勢湾
english,replace/bakasekai/BSM_adjacency_rules_l_japanese.yml,Irbe_Strait,イルベ海峡
english,replace/bakasekai/BSM_adjacency_rules_l_japanese.yml,Irish_CANAL,アイルランド運河
english,replace/bakasekai/BSM_adjacency_rules_l_japanese.yml,JDF_STRAIT,ファンデフカ海峡
english,replace/bakasekai/BSM_adjacency_rules_l_japanese.yml,Jamaica_Channel,ジャマイカ海峡
english,replace/bakasekai/BSM_adjacency_rules_l_japanese.yml,KARA_STRAIT,カラ海峡
english,replace/bakasekai/BSM_adjacency_rules_l_japanese.yml,KEBEC_Strait,西ケベック海峡
english,replace/bakasekai/BSM_adjacency_rules_l_japanese.yml,KEISYU_Strait,瓊州海峡
english,replace/bakasekai/BSM_adjacency_rules_l_japanese.yml,KERUTI_STRAIT,ケルチ海峡
english,replace/bakasekai/BSM_adjacency_rules_l_japanese.yml,KOREA_STRAIT,清津湾
english,replace/bakasekai/BSM_adjacency_rules_l_japanese.yml,KORINTH_STRAIT,コリントス運河
english,replace/bakasekai/BSM_adjacency_rules_l_japanese.yml,Kaieie_Waho_Channel,カイエイエワホ海峡
english,replace/bakasekai/BSM_adjacency_rules_l_japanese.yml,Kalmarsund,カルマル海峡
english,replace/bakasekai/BSM_adjacency_rules_l_japanese.yml,Kanmon_Strait,関門海峡
english,replace/bakasekai/BSM_adjacency_rules_l_japanese.yml,Karimata_Strait,カリマタ海峡
english,replace/bakasekai/BSM_adjacency_rules_l_japanese.yml,Kaulakahi_Channel,カウラカヒ海峡
english,replace/bakasekai/BSM_adjacency_rules_l_japanese.yml,Khartoum,ハルツーム河峡
english,replace/bakasekai/BSM_adjacency_rules_l_japanese.yml,Kipot_ng_Surigaw,スリガオ海峡
english,replace/bakasekai/BSM_adjacency_rules_l_japanese.yml,Kitan_Strait,紀淡海峡
english,replace/bakasekai/BSM_adjacency_rules_l_japanese.yml,Kurushima_Strait,来島海峡
english,replace/bakasekai/BSM_adjacency_rules_l_japanese.yml,LAWRENCE_STRAIT,セントローレンス海峡
english,replace/bakasekai/BSM_adjacency_rules_l_japanese.yml,Lancaster_Sound,ランカスター海峡
english,replace/bakasekai/BSM_adjacency_rules_l_japanese.yml,Lombok_Strait,ロンボク海峡
english,replace/bakasekai/BSM_adjacency_rules_l_japanese.yml,Long_Strait,ロング海峡
english,replace/bakasekai/BSM_adjacency_rules_l_japanese.yml,MESSINA_STRAIT,メッシーナ海峡
english,replace/bakasekai/BSM_adjacency_rules_l_japanese.yml,Mackinac_Strait,マキナック海峡
english,replace/bakasekai/BSM_adjacency_rules_l_japanese.yml,Makassar_Strait,マカッサル海峡
english,replace/bakasekai/BSM_adjacency_rules_l_japanese.yml,Malacca_Strait,マラッカ海峡
english,replace/bakasekai/BSM_adjacency_rules_l_japanese.yml,Malta_STRAIT,マルタ海峡
english,replace/bakasekai/BSM_adjacency_rules_l_japanese.yml,Matochkin_Strait,マトチキン海峡
english,replace/bakasekai/BSM_adjacency_rules_l_japanese.yml,Mentawai_Strait,ムンタワイ海峡
english,replace/bakasekai/BSM_adjacency_rules_l_japanese.yml,Mona_Channel,モナ海峡
english,replace/bakasekai/BSM_adjacency_rules_l_japanese.yml,Mozambique_Channel,モザンビーク海峡
english,replace/bakasekai/BSM_adjacency_rules_l_japanese.yml,NEMRO_Channel,根室海峡
english,replace/bakasekai/BSM_adjacency_rules_l_japanese.yml,NILE_DELTA,ナイル川開口部
english,replace/bakasekai/BSM_adjacency_rules_l_japanese.yml,Naruto_Strait,鳴門海峡
english,replace/bakasekai/BSM_adjacency_rules_l_japanese.yml,New_Georgia_Strait,ニュージョージア海峡
english,replace/bakasekai/BSM_adjacency_rules_l_japanese.yml,Otranto_Strait,オトラント海峡
english,replace/bakasekai/BSM_adjacency_rules_l_japanese.yml,Pok_Strait,ポーク海峡
english,replace/bakasekai/BSM_adjacency_rules_l_japanese.yml,QUEEN_SHARLOTTE_SOUND,クイーンシャーロット海峡
english,replace/bakasekai/BSM_adjacency_rules_l_japanese.yml,SAIPAN_STRAIT,サイパン海峡
english,replace/bakasekai/BSM_adjacency_rules_l_japanese.yml,SALDENA_STRAIT,サルディーニャ海峡
english,replace/bakasekai/BSM_adjacency_rules_l_japanese.yml,SOYA_STRAIT,宗谷海峡
english,replace/bakasekai/BSM_adjacency_rules_l_japanese.yml,SOYA_Strait,新宗谷海峡
english,replace/bakasekai/BSM_adjacency_rules_l_japanese.yml,STCLAIR_CANAL,セントクレア運河
english,replace/bakasekai/BSM_adjacency_rules_l_japanese.yml,STMARY_CANAL,セントメアリーズ運河
english,replace/bakasekai/BSM_adjacency_rules_l_japanese.yml,Sado_Strait,佐渡海峡
english,replace/bakasekai/BSM_adjacency_rules_l_japanese.yml,San_Bernardino_STRAIT,サンベルナルジノ海峡
english,replace/bakasekai/BSM_adjacency_rules_l_japanese.yml,Selat_Sunda,スンダ海峡
english,replace/bakasekai/BSM_adjacency_rules_l_japanese.yml,Sicily_STRAIT,シチリア海峡
english,replace/bakasekai/BSM_adjacency_rules_l_japanese.yml,Singapore_STRAIT,シンガポール海峡
english,replace/bakasekai/BSM_adjacency_rules_l_japanese.yml,Smith_SOUND,スミス海峡
english,replace/bakasekai/BSM_adjacency_rules_l_japanese.yml,Straits_of_Johor,ジョホール海峡
english,replace/bakasekai/BSM_adjacency_rules_l_japanese.yml,TAIWAN_Strait,台湾海峡
english,replace/bakasekai/BSM_adjacency_rules_l_japanese.yml,TENSHIN_Strait,天津海峡
english,replace/bakasekai/BSM_adjacency_rules_l_japanese.yml,The_Sound_Channel,エーレスンド海峡
english,replace/bakasekai/BSM_adjacency_rules_l_japanese.yml,Tiran_Strait,チラン海峡
english,replace/bakasekai/BSM_adjacency_rules_l_japanese.yml,Torres_Strait,トレス海峡
english,replace/bakasekai/BSM_adjacency_rules_l_japanese.yml,Tsugaru_Strait,津軽海峡
english,replace/bakasekai/BSM_adjacency_rules_l_japanese.yml,Vilkitsky_STRAIT,ヴィリキツキー海峡
english,replace/bakasekai/BSM_adjacency_rules_l_japanese.yml,Virginia_Canal,モナ海峡
english,replace/bakasekai/BSM_adjacency_rules_l_japanese.yml,WELLAND_CANAL,ウェランド運河
english,replace/bakasekai/BSM_adjacency_rules_l_japanese.yml,Windward_Passage,ウィンドワード海峡
english,replace/bakasekai/BSM_adjacency_rules_l_japanese.yml,YEMEN_DJIBOUTI_STRAIT,バブ・エル・マンデブ海峡
english,replace/bakasekai/BSM_adjacency_rules_l_japanese.yml,Yucatan_Channel,ユカタン海峡
english,replace/bakasekai/BSM_adjacency_rules_l_japanese.yml,Zanzibar_STRAIT,ザンジバル海峡
english,replace/bakasekai/BSM_ideas_l_japanese.yml,A_gift_from_valley,佐原担当者からのプレゼント
english,replace/bakasekai/BSM_ideas_l_japanese.yml,JAP_duplicate_research_efforts,二重の研究体制
english,replace/bakasekai/BSM_ideas_l_japanese.yml,JAP_duplicate_research_efforts_desc,二重の研究体制によって開発が加速する!!
english,replace/bakasekai/BSM_ideas_l_japanese.yml,JAP_supremacy_of_technology_w,神聖教育
english,replace/bakasekai/BSM_ideas_l_japanese.yml,JAP_supremacy_of_technology_w_2,神聖教育
english,replace/bakasekai/BSM_ideas_l_japanese.yml,JAP_supremacy_of_technology_w_2_desc,我々を勝利に導くのは技術である。軍と装備の観点で敵をかけ離すことにすべての努力は向けられなければならない。
english,replace/bakasekai/BSM_ideas_l_japanese.yml,JAP_supremacy_of_technology_w_desc,我々を勝利に導くのは技術である。軍と装備の観点で敵をかけ離すことにすべての努力は向けられなければならない。
english,replace/bakasekai/BSM_ideas_l_japanese.yml,JPN_Old_navys,旧式艦保存運動
english,replace/bakasekai/BSM_ideas_l_japanese.yml,JPN_Taikankyohou,全日本巨砲会議
english,replace/bakasekai/BSM_ideas_l_japanese.yml,Kisyaseizo,汽車製造株式会社
english,replace/bakasekai/BSM_ideas_l_japanese.yml,South_Manchuria_Railway,南満洲鉄道株式会社
english,replace/bakasekai/BSM_ideas_l_japanese.yml,astrov_design_bureau,アストロフ設計局
english,replace/bakasekai/BSM_ideas_l_japanese.yml,astrov_design_bureau_desc,アストロフ設計局は、ロシアの宇宙機器メーカーで、ロシア連邦宇宙局の主要な契約業者です。
english,replace/bakasekai/BSM_ideas_l_japanese.yml,comic_market_cheep,コミケの経済効果
english,replace/bakasekai/BSM_ideas_l_japanese.yml,comic_market_rich,コミケの経済効果
english,replace/bakasekai/BSM_ideas_l_japanese.yml,desperate_sacrifice,致し方ない犠牲
english,replace/bakasekai/BSM_ideas_l_japanese.yml,desperate_sacrifice_desc,致し方ない犠牲というものは現実にあるのだ。
english,replace/bakasekai/BSM_ideas_l_japanese.yml,eidan_name,帝都高速度交通営団
english,replace/bakasekai/BSM_ideas_l_japanese.yml,factory_plan,工場計画
english,replace/bakasekai/BSM_ideas_l_japanese.yml,factory_plan_desc,工場計画
english,replace/bakasekai/BSM_ideas_l_japanese.yml,famillllllllllly,子育て支援策
english,replace/bakasekai/BSM_ideas_l_japanese.yml,famillllllllllly_desc,子育て支援策を持って人口増大に努める
english,replace/bakasekai/BSM_ideas_l_japanese.yml,family_court,家庭の問題は国家の問題である
english,replace/bakasekai/BSM_ideas_l_japanese.yml,heavy_responsibility,重い代償
english,replace/bakasekai/BSM_ideas_l_japanese.yml,heavy_responsibility_desc,重い代償を受ける。
english,replace/bakasekai/BSM_ideas_l_japanese.yml,name_okamoto,日本ゴム工業株式会社
english,replace/bakasekai/BSM_ideas_l_japanese.yml,sudden_change_of_policy,急な方針転換
english,replace/bakasekai/BSM_ideas_l_japanese.yml,sudden_change_of_policy_desc,急な方針転換は政府に混乱をもたらし、指導部に甚大な影響を与える。
english,replace/bakasekai/BSM_ideas_l_japanese.yml,three_year_plan,三か年計画
english,replace/bakasekai/BSM_ideas_l_japanese.yml,tightly_bound_feelings,硬く結ばれた意思
english,replace/bakasekai/BSM_ideas_l_japanese.yml,tightly_bound_feelings_desc,硬く結ばれた意思は、国家の統合を強化し、国家の統合は国家の安定を強化する
english,replace/bakasekai/BSM_ideas_l_japanese.yml,vertical_administration,階層的行政運営
english,replace/bakasekai/BSM_ideas_l_japanese.yml,vertical_administration_desc,縦に階層的な行政の運営によって、さまざまな行政コストを削減できる。
english,replace/bakasekai/BSM_ideas_l_japanese.yml,vertical_city,階層都市
english,replace/bakasekai/BSM_ideas_l_japanese.yml,vertical_education,階層的教育
english,replace/bakasekai/BSM_ideas_l_japanese.yml,vertical_education_desc,
english,replace/bakasekai/BSM_ideas_l_japanese.yml,vm,ヴィエイユ・モンターニュ鉱業会社
english,replace/bakasekai/BSM_ideas_l_japanese.yml,vm_1,ヴィエイユ・モンターニュ鉱業会社
english,replace/bakasekai/BSM_ideas_l_japanese.yml,vm_1_desc,ヴィエイユ・モンターニュ鉱業会社は、中立モレネの生命線であるケルミス（ラ・カラミンヌ）の亜鉛鉱山を管理していた。
english,replace/bakasekai/BSM_ideas_l_japanese.yml,vm_2,ヴィエイユ・モンターニュ鉱業会社
english,replace/bakasekai/BSM_ideas_l_japanese.yml,vm_2_desc,ヴィエイユ・モンターニュ鉱業会社は、中立モレネの生命線であるケルミス（ラ・カラミンヌ）の亜鉛鉱山を管理していた。
english,replace/bakasekai/BSM_ideas_l_japanese.yml,vm_desc,ヴィエイユ・モンターニュ鉱業会社は、中立モレネの生命線であるケルミス（ラ・カラミンヌ）の亜鉛鉱山を管理していた。
english,replace/bakasekai/BSM_state_l_japanese.yml,STATE_1003,モレネ
english,replace/bakasekai/BSM_state_l_japanese.yml,STATE_1004,レドンダ
english,replace/bakasekai/BSM_state_l_japanese.yml,STATE_1005,大東島
english,replace/bakasekai/BSM_state_l_japanese.yml,STATE_1006,ポドラシェ県
english,replace/bakasekai/BSM_state_l_japanese.yml,STATE_1007,小笠原諸島
english,replace/bakasekai/BSM_state_l_japanese.yml,STATE_1008,北キプロス
english,replace/bakasekai/BSM_state_l_japanese.yml,STATE_1009,伊方町
english,replace/bakasekai/BSM_state_l_japanese.yml,STATE_1010,八幡浜市
english,replace/bakasekai/BSM_state_l_japanese.yml,STATE_1011,大洲市
english,replace/bakasekai/BSM_state_l_japanese.yml,STATE_1012,砥部町
english,replace/bakasekai/BSM_state_l_japanese.yml,STATE_1013,伊予市
english,replace/bakasekai/BSM_state_l_japanese.yml,STATE_1014,西予市
english,replace/bakasekai/BSM_state_l_japanese.yml,STATE_1015,内子町
english,replace/bakasekai/BSM_state_l_japanese.yml,STATE_1016,松野町
english,replace/bakasekai/BSM_state_l_japanese.yml,STATE_1017,愛南町
english,replace/bakasekai/BSM_state_l_japanese.yml,STATE_1018,宇和島市
english,replace/bakasekai/BSM_state_l_japanese.yml,STATE_1020,鬼北町
english,replace/bakasekai/BSM_state_l_japanese.yml,STATE_1021,四国中央市
english,replace/bakasekai/BSM_state_l_japanese.yml,STATE_1022,久万高原町
english,replace/bakasekai/BSM_state_l_japanese.yml,STATE_1023,西条市
english,replace/bakasekai/BSM_state_l_japanese.yml,STATE_1024,東温市
english,replace/bakasekai/BSM_state_l_japanese.yml,STATE_1025,新居浜市
english,replace/bakasekai/BSM_state_l_japanese.yml,STATE_1026,松山市
english,replace/bakasekai/BSM_state_l_japanese.yml,STATE_1027,宇多津町
english,replace/bakasekai/BSM_state_l_japanese.yml,STATE_1028,三豊市
english,replace/bakasekai/BSM_state_l_japanese.yml,STATE_1029,まんのう町
english,replace/bakasekai/BSM_state_l_japanese.yml,STATE_1030,多度津町
english,replace/bakasekai/BSM_state_l_japanese.yml,STATE_1031,善通寺市
english,replace/bakasekai/BSM_state_l_japanese.yml,STATE_1032,琴平町
english,replace/bakasekai/BSM_state_l_japanese.yml,STATE_1033,丸亀市
english,replace/bakasekai/BSM_state_l_japanese.yml,STATE_1034,坂出市
english,replace/bakasekai/BSM_state_l_japanese.yml,STATE_1035,綾川町
english,replace/bakasekai/BSM_state_l_japanese.yml,STATE_1036,高松市
english,replace/bakasekai/BSM_state_l_japanese.yml,STATE_1037,三木市
english,replace/bakasekai/BSM_state_l_japanese.yml,STATE_1038,さぬき市
english,replace/bakasekai/BSM_state_l_japanese.yml,STATE_1039,東かがわ市
english,replace/bakasekai/BSM_state_l_japanese.yml,STATE_1040,鳴門市
english,replace/bakasekai/BSM_state_l_japanese.yml,STATE_1041,板野町
english,replace/bakasekai/BSM_state_l_japanese.yml,STATE_1042,藍住町
english,replace/bakasekai/BSM_state_l_japanese.yml,STATE_1043,北島町
english,replace/bakasekai/BSM_state_l_japanese.yml,STATE_1044,松茂町
english,replace/bakasekai/BSM_state_l_japanese.yml,STATE_1045,上板町
english,replace/bakasekai/BSM_state_l_japanese.yml,STATE_1046,石井町
english,replace/bakasekai/BSM_state_l_japanese.yml,STATE_1047,佐那河内村
english,replace/bakasekai/BSM_state_l_japanese.yml,STATE_1048,勝浦町
english,replace/bakasekai/BSM_state_l_japanese.yml,STATE_1049,小松島市
english,replace/bakasekai/BSM_state_l_japanese.yml,STATE_1050,阿南市
english,replace/bakasekai/BSM_state_l_japanese.yml,STATE_1051,阿波市
english,replace/bakasekai/BSM_state_l_japanese.yml,STATE_1052,吉野川市
english,replace/bakasekai/BSM_state_l_japanese.yml,STATE_1053,神山町
english,replace/bakasekai/BSM_state_l_japanese.yml,STATE_1054,美馬市
english,replace/bakasekai/BSM_state_l_japanese.yml,STATE_1055,三好市
english,replace/bakasekai/BSM_state_l_japanese.yml,STATE_1056,東みよし町
english,replace/bakasekai/BSM_state_l_japanese.yml,STATE_1057,つるぎ町
english,replace/bakasekai/BSM_state_l_japanese.yml,STATE_1058,上勝町
english,replace/bakasekai/BSM_state_l_japanese.yml,STATE_1059,美波町
english,replace/bakasekai/BSM_state_l_japanese.yml,STATE_1060,牟岐町
english,replace/bakasekai/BSM_state_l_japanese.yml,STATE_1061,那賀町
english,replace/bakasekai/BSM_state_l_japanese.yml,STATE_1062,海陽町
english,replace/bakasekai/BSM_state_l_japanese.yml,STATE_1063,宿毛市
english,replace/bakasekai/BSM_state_l_japanese.yml,STATE_1064,大月町
english,replace/bakasekai/BSM_state_l_japanese.yml,STATE_1065,土佐清水市
english,replace/bakasekai/BSM_state_l_japanese.yml,STATE_1066,三原村
english,replace/bakasekai/BSM_state_l_japanese.yml,STATE_1067,四万十市
english,replace/bakasekai/BSM_state_l_japanese.yml,STATE_1068,黒潮町
english,replace/bakasekai/BSM_state_l_japanese.yml,STATE_1069,四万十町
english,replace/bakasekai/BSM_state_l_japanese.yml,STATE_1070,中土佐町
english,replace/bakasekai/BSM_state_l_japanese.yml,STATE_1071,津野町
english,replace/bakasekai/BSM_state_l_japanese.yml,STATE_1072,檮原町
english,replace/bakasekai/BSM_state_l_japanese.yml,STATE_1073,須崎市
english,replace/bakasekai/BSM_state_l_japanese.yml,STATE_1074,仁淀川町
english,replace/bakasekai/BSM_state_l_japanese.yml,STATE_1075,越知町
english,replace/bakasekai/BSM_state_l_japanese.yml,STATE_1076,佐川町
english,replace/bakasekai/BSM_state_l_japanese.yml,STATE_1077,日高村
english,replace/bakasekai/BSM_state_l_japanese.yml,STATE_1078,土佐市
english,replace/bakasekai/BSM_state_l_japanese.yml,STATE_1079,いの町
english,replace/bakasekai/BSM_state_l_japanese.yml,STATE_1080,土佐郡
english,replace/bakasekai/BSM_state_l_japanese.yml,STATE_1081,香美市
english,replace/bakasekai/BSM_state_l_japanese.yml,STATE_1082,長岡郡
english,replace/bakasekai/BSM_state_l_japanese.yml,STATE_1083,南国市
english,replace/bakasekai/BSM_state_l_japanese.yml,STATE_1084,香南市
english,replace/bakasekai/BSM_state_l_japanese.yml,STATE_1085,安芸市
english,replace/bakasekai/BSM_state_l_japanese.yml,STATE_1086,室戸市
english,replace/bakasekai/BSM_state_l_japanese.yml,STATE_1087,安芸郡
english,replace/bakasekai/BSM_state_l_japanese.yml,STATE_183,南キプロス
english,replace/bakasekai/BSM_state_l_japanese.yml,STATE_282,千葉県
english,replace/bakasekai/BSM_state_l_japanese.yml,STATE_405,ナントシティ
english,replace/bakasekai/BSM_state_l_japanese.yml,STATE_529,広島県
english,replace/bakasekai/BSM_state_l_japanese.yml,STATE_530,香港府
english,replace/bakasekai/BSM_state_l_japanese.yml,STATE_531,大阪府
english,replace/bakasekai/BSM_state_l_japanese.yml,STATE_532,愛知県
english,replace/bakasekai/BSM_state_l_japanese.yml,STATE_533,青森県
english,replace/bakasekai/BSM_state_l_japanese.yml,STATE_534,新潟県
english,replace/bakasekai/BSM_state_l_japanese.yml,STATE_535,長野県
english,replace/bakasekai/BSM_state_l_japanese.yml,STATE_720,サウスジョージア・サウスサンドウィッチ諸島
english,replace/bakasekai/BSM_state_l_japanese.yml,STATE_839,新シンガポール群島
english,replace/bakasekai/BSM_state_l_japanese.yml,STATE_853,観音寺市
english,replace/bakasekai/BSM_state_l_japanese.yml,STATE_854,徳島市
english,replace/bakasekai/BSM_state_l_japanese.yml,STATE_855,今治市
english,replace/bakasekai/BSM_state_l_japanese.yml,STATE_856,高知道
english,replace/bakasekai/BSM_state_l_japanese.yml,STATE_857,シーランド
english,replace/bakasekai/BSM_state_l_japanese.yml,STATE_860,伊豆諸島
english,replace/bakasekai/BSM_state_l_japanese.yml,STATE_861,千島諸島
english,replace/bakasekai/BSM_state_l_japanese.yml,STATE_862,西気別島
english,replace/bakasekai/BSM_state_l_japanese.yml,STATE_864,淡路島
english,replace/bakasekai/BSM_state_l_japanese.yml,STATE_865,グアンタナモ
english,replace/bakasekai/BSM_state_l_japanese.yml,STATE_897,岩手県
english,replace/bakasekai/BSM_state_l_japanese.yml,STATE_898,秋田県
english,replace/bakasekai/BSM_state_l_japanese.yml,STATE_899,佐渡島
english,replace/bakasekai/BSM_state_l_japanese.yml,STATE_900,宮城県
english,replace/bakasekai/BSM_state_l_japanese.yml,STATE_901,福島県
english,replace/bakasekai/BSM_state_l_japanese.yml,STATE_902,東京府
english,replace/bakasekai/BSM_state_l_japanese.yml,STATE_909,セヴェルヌィ島/ユージヌィ島
english,replace/bakasekai/BSM_state_l_japanese.yml,STATE_910,茨城県
english,replace/bakasekai/BSM_state_l_japanese.yml,STATE_919,南極
english,replace/bakasekai/BSM_state_l_japanese.yml,STATE_922,バチカン
english,replace/bakasekai/BSM_state_l_japanese.yml,STATE_925,アンドラ
english,replace/bakasekai/BSM_state_l_japanese.yml,STATE_926,南西諸島
english,replace/bakasekai/BSM_state_l_japanese.yml,STATE_927,モナコ
english,replace/bakasekai/BSM_state_l_japanese.yml,STATE_928,山形県
english,replace/bakasekai/BSM_state_l_japanese.yml,STATE_929,栃木県
english,replace/bakasekai/BSM_state_l_japanese.yml,STATE_930,群馬県
english,replace/bakasekai/BSM_state_l_japanese.yml,STATE_931,埼玉県
english,replace/bakasekai/BSM_state_l_japanese.yml,STATE_932,神奈川県
english,replace/bakasekai/BSM_state_l_japanese.yml,STATE_933,山梨県
english,replace/bakasekai/BSM_state_l_japanese.yml,STATE_934,静岡県
english,replace/bakasekai/BSM_state_l_japanese.yml,STATE_935,富山県
english,replace/bakasekai/BSM_state_l_japanese.yml,STATE_936,岐阜県
english,replace/bakasekai/BSM_state_l_japanese.yml,STATE_937,石川県
english,replace/bakasekai/BSM_state_l_japanese.yml,STATE_938,福井県
english,replace/bakasekai/BSM_state_l_japanese.yml,STATE_942,威海衛租借地
english,replace/bakasekai/BSM_state_l_japanese.yml,STATE_943,北センチネル島
english,replace/bakasekai/BSM_state_l_japanese.yml,STATE_944,カウボーイランド
english,replace/bakasekai/BSM_state_l_japanese.yml,STATE_945,上海租界
english,replace/bakasekai/BSM_state_l_japanese.yml,STATE_946,五島列島
english,replace/bakasekai/BSM_state_l_japanese.yml,STATE_947,滋賀県
english,replace/bakasekai/BSM_state_l_japanese.yml,STATE_948,三重県
english,replace/bakasekai/BSM_state_l_japanese.yml,STATE_949,和歌山県
english,replace/bakasekai/BSM_state_l_japanese.yml,STATE_950,京都府
english,replace/bakasekai/BSM_state_l_japanese.yml,STATE_951,兵庫県
english,replace/bakasekai/BSM_state_l_japanese.yml,STATE_952,鳥取県
english,replace/bakasekai/BSM_state_l_japanese.yml,STATE_953,隠岐島
english,replace/bakasekai/BSM_state_l_japanese.yml,STATE_954,岡山県
english,replace/bakasekai/BSM_state_l_japanese.yml,STATE_955,山口県
english,replace/bakasekai/BSM_state_l_japanese.yml,STATE_956,島根県
english,replace/bakasekai/BSM_state_l_japanese.yml,STATE_957,佐賀県
english,replace/bakasekai/BSM_state_l_japanese.yml,STATE_958,福岡県
english,replace/bakasekai/BSM_state_l_japanese.yml,STATE_959,大分県
english,replace/bakasekai/BSM_state_l_japanese.yml,STATE_960,宮崎県
english,replace/bakasekai/BSM_state_l_japanese.yml,STATE_961,鹿児島県
english,replace/bakasekai/BSM_state_l_japanese.yml,STATE_962,熊本県
english,replace/bakasekai/JPN_l_japanese.yml,ASEAN_2,亜細亜=環太平洋諸島連合
english,replace/bakasekai/JPN_l_japanese.yml,Dark_general,闇将軍
english,replace/bakasekai/JPN_l_japanese.yml,ENG_jpn_news.name.4,万歳!
english,replace/bakasekai/JPN_l_japanese.yml,East_Asian_Accord,東亜合意
english,replace/bakasekai/JPN_l_japanese.yml,East_Asian_Alignment,東亜諸国連合
english,replace/bakasekai/JPN_l_japanese.yml,JPN_GATHERING_STORM_DESC,日本は、今やアジアの一等国だ。高い技術力と軍事力、広大な国土を持った日本は周辺諸国と陣営を結成し、広大な経済圏を構築した。\n変革の時を迎えたこの国に、何が待ち受けるのだろうか？
english,replace/bakasekai/JPN_l_japanese.yml,JPN_Kyosan,日本共産党
english,replace/bakasekai/JPN_l_japanese.yml,JPN_Kyosan_2,コミンテルン日本支部
english,replace/bakasekai/JPN_l_japanese.yml,JPN_NOBU,白瀬矗
english,replace/bakasekai/JPN_l_japanese.yml,JPN_Taisei,大政翼贊會
english,replace/bakasekai/JPN_l_japanese.yml,JPN_Tanaka,田中 角栄
english,replace/bakasekai/JPN_l_japanese.yml,JPN_YOSEI,立憲養正會
english,replace/bakasekai/JPN_l_japanese.yml,JPN_jikoson,璽光尊
english,replace/bakasekai/JPN_l_japanese.yml,JPN_jpn_news.name.4,万歳!
english,replace/bakasekai/JPN_l_japanese.yml,JPN_kami_trait,愛すべき我らが神
english,replace/bakasekai/JPN_l_japanese.yml,JPN_katsutaro,小唄勝太郎
english,replace/bakasekai/JPN_l_japanese.yml,JPN_koizumi_j,小泉 純一郎
english,replace/bakasekai/JPN_l_japanese.yml,JPN_koizumi_s,小泉 進次郎
english,replace/bakasekai/JPN_l_japanese.yml,JPN_konoe,近衛 文麿
english,replace/bakasekai/JPN_l_japanese.yml,JPN_maruiti,①計画
english,replace/bakasekai/JPN_l_japanese.yml,JPN_maruiti_1,政令第E6号
english,replace/bakasekai/JPN_l_japanese.yml,JPN_mitsume,三つ目将軍
english,replace/bakasekai/JPN_l_japanese.yml,JPN_otoko,流し目提督
english,replace/bakasekai/JPN_l_japanese.yml,JPN_tate,縦長主義の概念
english,replace/bakasekai/JPN_l_japanese.yml,JPN_tate_desc,
english,replace/bakasekai/JPN_l_japanese.yml,JP_ENG_e.desc,日英同盟は、EUの台頭を防ぐためにも必要なことだ。
english,replace/bakasekai/JPN_l_japanese.yml,JP_ENG_e.n,こんにちは!
english,replace/bakasekai/JPN_l_japanese.yml,JP_ENG_e.t,日英同盟の復活!
english,replace/bakasekai/JPN_l_japanese.yml,JP_ENG_j.1.n,そうしよう。
english,replace/bakasekai/JPN_l_japanese.yml,JP_ENG_j.2.n,YES!
english,replace/bakasekai/JPN_l_japanese.yml,JP_ENG_j.desc,日英同盟を復活させ、良き関係を築くのだ。
english,replace/bakasekai/JPN_l_japanese.yml,JP_ENG_j.t,日英同盟の復活!
english,replace/bakasekai/JPN_l_japanese.yml,JP_E_W,日本の南への縦長的野心
english,replace/bakasekai/JPN_l_japanese.yml,JP_culture,文化の推奨
english,replace/bakasekai/JPN_l_japanese.yml,JP_dem.desc,次の四匹から選ぶんじゃ
english,replace/bakasekai/JPN_l_japanese.yml,JP_dem.n.1,小泉 純一郎
english,replace/bakasekai/JPN_l_japanese.yml,JP_dem.n.2,小泉 進次郎
english,replace/bakasekai/JPN_l_japanese.yml,JP_dem.n.3,田中 角栄
english,replace/bakasekai/JPN_l_japanese.yml,JP_dem.n.4,近衛 文麿
english,replace/bakasekai/JPN_l_japanese.yml,JP_dem.t,政党のトップを決めよう!
english,replace/bakasekai/JPN_l_japanese.yml,JP_education,教育改革
english,replace/bakasekai/JPN_l_japanese.yml,JP_senkyo_1936.1.n,縦長党に投票
english,replace/bakasekai/JPN_l_japanese.yml,JP_senkyo_1936.2.n,進神党に投票
english,replace/bakasekai/JPN_l_japanese.yml,JP_senkyo_1936.3.n,民政党に投票
english,replace/bakasekai/JPN_l_japanese.yml,JP_senkyo_1936.4.n,皇道党に投票
english,replace/bakasekai/JPN_l_japanese.yml,JP_senkyo_1936.5.n,軍部に投票
english,replace/bakasekai/JPN_l_japanese.yml,JP_senkyo_1936.desc,選挙の時間です!
english,replace/bakasekai/JPN_l_japanese.yml,JP_senkyo_1936.t,1936年度選挙
english,replace/bakasekai/JPN_l_japanese.yml,JP_tate.desc,縦に!縦に!縦に!縦に!
english,replace/bakasekai/JPN_l_japanese.yml,JP_tate.n,縦に!
english,replace/bakasekai/JPN_l_japanese.yml,JP_tate.t,縦に!
english,replace/bakasekai/JPN_l_japanese.yml,Mitsubishi,三菱
english,replace/bakasekai/JPN_l_japanese.yml,NHK_com,日本放送協会
english,replace/bakasekai/JPN_l_japanese.yml,New_system_movement,新体制運動
english,replace/bakasekai/JPN_l_japanese.yml,RYUKYU_STATE_NAME,琉球
english,replace/bakasekai/JPN_l_japanese.yml,Theater_type_politics,劇場型政治
english,replace/bakasekai/JPN_l_japanese.yml,allow_comics,漫画自由化
english,replace/bakasekai/JPN_l_japanese.yml,allow_dojin_comics,同人誌の推奨
english,replace/bakasekai/JPN_l_japanese.yml,allow_ero_comics,あらゆる手段を用いて親から隠さなければならないもの。
english,replace/bakasekai/JPN_l_japanese.yml,allow_sexual_dojin_comics,青年向けコミックの解禁
english,replace/bakasekai/JPN_l_japanese.yml,comic_market,第一回コミックマーケットの計画
english,replace/bakasekai/JPN_l_japanese.yml,comic_market.2.desc,開催場所はどうしようか
english,replace/bakasekai/JPN_l_japanese.yml,comic_market.2.n.1,もちろん東京
english,replace/bakasekai/JPN_l_japanese.yml,comic_market.2.n.2,大阪でもいいかも？
english,replace/bakasekai/JPN_l_japanese.yml,comic_market.2.n.3,旧都京都だろ!
english,replace/bakasekai/JPN_l_japanese.yml,comic_market.2.t,コミケの準備②
english,replace/bakasekai/JPN_l_japanese.yml,comic_market.3.desc,予算はどうしようか。
english,replace/bakasekai/JPN_l_japanese.yml,comic_market.3.n.1,一回目だし少なめで・・・。
english,replace/bakasekai/JPN_l_japanese.yml,comic_market.3.n.2,糸目をつけるな!!!
english,replace/bakasekai/JPN_l_japanese.yml,comic_market.3.t,コミケの準備③
english,replace/bakasekai/JPN_l_japanese.yml,comic_market.4.n.1,外人は諦めよう・・・
english,replace/bakasekai/JPN_l_japanese.yml,comic_market.4.n.2,金でどうにかする!
english,replace/bakasekai/JPN_l_japanese.yml,comic_market.4.t,京都で外人反対デモが発生!
english,replace/bakasekai/JPN_l_japanese.yml,comic_market.5.desc.1,東京の台場で第一回コミックマーケットが開催される!
english,replace/bakasekai/JPN_l_japanese.yml,comic_market.5.desc.2,大阪で第一回コミックマーケットが開催される!
english,replace/bakasekai/JPN_l_japanese.yml,comic_market.5.desc.3,京都で第一回コミックマーケットが開催される!
english,replace/bakasekai/JPN_l_japanese.yml,comic_market.5.n.1,万歳!万歳!万歳!
english,replace/bakasekai/JPN_l_japanese.yml,comic_market.5.t,コミックマーケットが開催!
english,replace/bakasekai/JPN_l_japanese.yml,comic_market.desc,参加可能範囲を決めよう!
english,replace/bakasekai/JPN_l_japanese.yml,comic_market.n.1,成人男性国民のみ
english,replace/bakasekai/JPN_l_japanese.yml,comic_market.n.2,成人国民のみ
english,replace/bakasekai/JPN_l_japanese.yml,comic_market.n.3,国民のみ
english,replace/bakasekai/JPN_l_japanese.yml,comic_market.n.4,全員入れてしまえ!
english,replace/bakasekai/JPN_l_japanese.yml,comic_market.t,コミケの準備①
english,replace/bakasekai/JPN_l_japanese.yml,east__geppe,東洋のゲッペルス
english,replace/bakasekai/JPN_l_japanese.yml,imataiko,今太閤
english,replace/bakasekai/JPN_l_japanese.yml,japanv,2枚目
english,replace/bakasekai/JPN_l_japanese.yml,jpn_news.desc,縦長党は日本で国土の縦長化をもたらすだろう。
english,replace/bakasekai/JPN_l_japanese.yml,jpn_news.desc.2,
english,replace/bakasekai/JPN_l_japanese.yml,jpn_news.desc.3,
english,replace/bakasekai/JPN_l_japanese.yml,jpn_news.desc.4,「どこかの米帝に無理やり失効させられた同盟も世界が壊れた今では有効だ!!!」\n「万歳!!万歳!!万ざ〜い!!」
english,replace/bakasekai/JPN_l_japanese.yml,jpn_news.desc.5,
english,replace/bakasekai/JPN_l_japanese.yml,jpn_news.desc.6,第一回コミックマーケットが日本で開催される!\nいくぞ!
english,replace/bakasekai/JPN_l_japanese.yml,jpn_news.name,だからなんだというんだ？
english,replace/bakasekai/JPN_l_japanese.yml,jpn_news.name.2,そうか。
english,replace/bakasekai/JPN_l_japanese.yml,jpn_news.name.3,時代に逆らう愚か者め。
english,replace/bakasekai/JPN_l_japanese.yml,jpn_news.name.4,またやってるよ・・・
english,replace/bakasekai/JPN_l_japanese.yml,jpn_news.name.5,だからなんだというんだ？
english,replace/bakasekai/JPN_l_japanese.yml,jpn_news.name.6,40秒で支度しな!
english,replace/bakasekai/JPN_l_japanese.yml,jpn_news.title,日本が国土の縦長化を宣言
english,replace/bakasekai/JPN_l_japanese.yml,jpn_news.title.2,日本が神の重要性を演説
english,replace/bakasekai/JPN_l_japanese.yml,jpn_news.title.3,日本が天皇親政を発表
english,replace/bakasekai/JPN_l_japanese.yml,jpn_news.title.4,第二次日英同盟の夜明け
english,replace/bakasekai/JPN_l_japanese.yml,jpn_news.title.5,日本の選挙で民主主義政党が第一党に!
english,replace/bakasekai/JPN_l_japanese.yml,jpn_news.title.6,日本でコミックマーケットが開催!
english,replace/bakasekai/JPN_l_japanese.yml,jpn_pol.7.desc,ざんねんですが、あなたのせいけんはきえてしまいました\n日本は崩壊しました\nどうか、お元気で
english,replace/bakasekai/JPN_l_japanese.yml,jpn_pol.7.t,政権瓦解
english,replace/bakasekai/JPN_l_japanese.yml,miraijin,未来人
english,replace/bakasekai/JPN_l_japanese.yml,stupid_alchemist,アホな錬金術師
english,replace/bakasekai/JPN_l_japanese.yml,super_popular_singer,超人気歌手
english,replace/bakasekai/NSI_l_japanese.yml,NSI_ENG_DD,英国駆逐艦の供与
english,replace/bakasekai/NSI_l_japanese.yml,NSI_ENG_DD_desc,イギリスの駆逐艦を購入し、我が国の造船能力を高めるのだ。
english,replace/bakasekai/NSI_l_japanese.yml,NSI_JPN_cruisers,日本艦の供与
english,replace/bakasekai/NSI_l_japanese.yml,NSI_JPN_cruisers_desc,有り余る日本の船の一部を獲得し、我が国の造船能力を高めるのだ。
english,replace/bakasekai/NSI_l_japanese.yml,NSI_Sinkou,信仰を高める
english,replace/bakasekai/NSI_l_japanese.yml,NSI_Sinkou_des,族長への信仰を高めるのだ。
english,replace/bakasekai/NSI_l_japanese.yml,NSI_chikatoshi,大いなる地下都市
english,replace/bakasekai/NSI_l_japanese.yml,NSI_chikatoshi_desc,地下都市の建設を始めるのだ。
english,replace/bakasekai/NSI_l_japanese.yml,NSI_eng,イギリスと手を結ぶ
english,replace/bakasekai/NSI_l_japanese.yml,NSI_eng_desc,どうやら近くにはイギリスという長が土地を治める形の集落があるそうだ。仲良くできるといいな。
english,replace/bakasekai/NSI_l_japanese.yml,NSI_jpn,日本と手を結ぶ
english,replace/bakasekai/NSI_l_japanese.yml,NSI_jpn_desc,どうやら近くには日本という長が土地を治める形の集落があるそうだ。仲良くできるといいな。
english,replace/bakasekai/NSI_l_japanese.yml,NSI_military_A,防衛の近代化
english,replace/bakasekai/NSI_l_japanese.yml,NSI_military_A_desc,独自開発した兵器は彼らを大いに驚かせたが、一部の兵器は旧式化著しく、他国の支援を受けざるをえまい。
english,replace/bakasekai/NSI_l_japanese.yml,NSI_soto,外に目を向ける。
english,replace/bakasekai/NSI_l_japanese.yml,NSI_soto_desc,外界から全てを遮断せずに、外界を受け入れよう。
english,replace/bakasekai/SPL_l_japanese.yml,PEGING,ペンギン旅団
english,replace/bakasekai/SPL_l_japanese.yml,PEGING_2,ペンギン師団
english,replace/bakasekai/SPL_l_japanese.yml,PEG_pengin,ペンギン皇帝
english,replace/bakasekai/SPL_l_japanese.yml,SPL_MS_DOS,DOSたん
english,replace/bakasekai/SPL_l_japanese.yml,SPL_THEMAN,THE_MAN
english,replace/bakasekai/SPL_l_japanese.yml,SPL_Windows_3_1,大婆様
english,replace/bakasekai/SPL_l_japanese.yml,SPL_Windows_95,95姐
english,replace/bakasekai/SPL_l_japanese.yml,SPL_Windows_Me,Meたん
english,replace/bakasekai/SPL_l_japanese.yml,SPL_naisen.0.a,鎮圧して労働させる。
english,replace/bakasekai/SPL_l_japanese.yml,SPL_naisen.0.d,寒さと孤独と過酷さに順応出来なかった国民と原住民が暴動を起こしている。
english,replace/bakasekai/SPL_l_japanese.yml,SPL_naisen.0.t,暴動
english,replace/bakasekai/SPL_l_japanese.yml,SPL_naisen.1.a,国家の崩壊を待とう。
english,replace/bakasekai/SPL_l_japanese.yml,SPL_naisen.1.d,寒さと孤独と過酷さに順応出来なかった部品と原住民が暴動を起こしている。\n我々は鎮圧に失敗してしまった。
english,replace/bakasekai/SPL_l_japanese.yml,SPL_naisen.1.t,鎮圧失敗
english,replace/bakasekai/SPL_l_japanese.yml,SPL_naisen.2.a,退こう。
english,replace/bakasekai/SPL_l_japanese.yml,SPL_naisen.2.d,我々に組織的な指導力はもはやなく、国家の統治を続けるのはもはや不可能だ。
english,replace/bakasekai/SPL_l_japanese.yml,SPL_naisen.2.t,崩壊
english,replace/bakasekai/SPL_l_japanese.yml,SPL_naisen.3.a,もはや手はない。
english,replace/bakasekai/SPL_l_japanese.yml,SPL_naisen.3.d,原住民により、国土のほとんど失った。\nしかし我々はこの地を死守せねばならない。\n未来のために。
english,replace/bakasekai/SPL_l_japanese.yml,SPL_naisen.3.t,決壊
english,replace/bakasekai/SPL_l_japanese.yml,army_of_penguin,ペンギン大隊
english,replace/bakasekai/SPL_l_japanese.yml,defragmentation_0,デフラグ
english,replace/bakasekai/SPL_l_japanese.yml,defragmentation_1,デフラグ上手
english,replace/bakasekai/SPL_l_japanese.yml,defragmentation_2,デフラグ苦手
english,replace/bakasekai/SPL_l_japanese.yml,defragmentation_3,デフラグ下手
english,replace/bakasekai/SPL_l_japanese.yml,defragmentation_4,でふらぐどへた
english,replace/bakasekai/SPL_l_japanese.yml,high_speed_dream,高速化への夢
english,replace/bakasekai/SPL_l_japanese.yml,high_speed_dream_desc,我々は高速化しなければならない・・・。\nあの時のように。
english,replace/bakasekai/SPL_l_japanese.yml,jyunno,順応
english,replace/bakasekai/SPL_l_japanese.yml,jyunno_desc,我々はこの土地に順応することができた!
english,replace/bakasekai/SPL_l_japanese.yml,sinso,神祖
english,replace/bakasekai/bakasekai_l_japanese.yml,ALPHA_bsm,バカ世界地図mod v2.1
english,replace/bakasekai/bakasekai_l_japanese.yml,ALPHA_desc,ばーじょん2.1 どかーん♡(for えーえーてぃー)
english,replace/bakasekai/bakasekai_l_japanese.yml,BKK_long_name_faction,長名同盟
english,replace/bakasekai/bakasekai_l_japanese.yml,BKK_more_long_name_faction,クルンテープ・マハーナコーン・アモーンラッタナコーシン・マヒンタラーユッタヤー・マハーディロック・ポップ・ノッパラット・ラーチャタニーブリーロム・ウドムラーチャニウェートマハーサターン・アモーンピマーン・アワターンサティット・サッカタッティヤウィサヌカムプラシット及びスリジャヤワルダナプラコッテによる長名国家による長名国家連合
english,replace/bakasekai/bakasekai_l_japanese.yml,Bokka_Alliance,牧歌同盟
english,replace/bakasekai/bakasekai_l_japanese.yml,Christianity,キリスト教
english,replace/bakasekai/bakasekai_l_japanese.yml,Conservatism,保守主義
english,replace/bakasekai/bakasekai_l_japanese.yml,Elon,イーロン・マスク
english,replace/bakasekai/bakasekai_l_japanese.yml,Empires,帝国派
english,replace/bakasekai/bakasekai_l_japanese.yml,First_time,初回限定無料ガチャ券
english,replace/bakasekai/bakasekai_l_japanese.yml,Gtya_des,国家指導者ガチャが解放される!
english,replace/bakasekai/bakasekai_l_japanese.yml,Hinduism,ヒンドゥー教
english,replace/bakasekai/bakasekai_l_japanese.yml,JAP_BB_HISTORICAL,戦艦
english,replace/bakasekai/bakasekai_l_japanese.yml,JAP_BC_HISTORICAL,巡洋戦艦
english,replace/bakasekai/bakasekai_l_japanese.yml,JAP_CL_HISTORICAL,史実の軽巡洋艦
english,replace/bakasekai/bakasekai_l_japanese.yml,JAP_CVL_HISTORICAL,〜〜鷹
english,replace/bakasekai/bakasekai_l_japanese.yml,JAP_CV_HISTORICAL,史実の航空母艦
english,replace/bakasekai/bakasekai_l_japanese.yml,JAP_DD_HISTORICAL,駆逐艦
english,replace/bakasekai/bakasekai_l_japanese.yml,JAP_DD_KAZE,〜〜風
english,replace/bakasekai/bakasekai_l_japanese.yml,JAP_DE_HISTORICAL,二等駆逐艦
english,replace/bakasekai/bakasekai_l_japanese.yml,JAP_MDD_HISTORICAL,護衛艦
english,replace/bakasekai/bakasekai_l_japanese.yml,JAP_MINELAYERS_HISTORICAL,史実の機雷敷設艦
english,replace/bakasekai/bakasekai_l_japanese.yml,JAP_MSS_HISTORICAL,潜水艦
english,replace/bakasekai/bakasekai_l_japanese.yml,JAP_OBC_HISTORICAL,旧式戦艦
english,replace/bakasekai/bakasekai_l_japanese.yml,JAP_PB_HISTORICAL,史実の海防戦艦
english,replace/bakasekai/bakasekai_l_japanese.yml,JAP_PE0_HISTORICAL,水雷艇
english,replace/bakasekai/bakasekai_l_japanese.yml,JAP_PE1_HISTORICAL,海防艦
english,replace/bakasekai/bakasekai_l_japanese.yml,JAP_SB_HISTORICAL,大和型戦艦
english,replace/bakasekai/bakasekai_l_japanese.yml,JAP_SS2_HISTORICAL,二等潜水艦
english,replace/bakasekai/bakasekai_l_japanese.yml,JAP_SS3_HISTORICAL,三等潜水艦
english,replace/bakasekai/bakasekai_l_japanese.yml,JAP_SS_HISTORICAL,一等潜水艦
english,replace/bakasekai/bakasekai_l_japanese.yml,JAP_TVC_HISTORICAL,練習艦
english,replace/bakasekai/bakasekai_l_japanese.yml,Judaism,ユダヤ教
english,replace/bakasekai/bakasekai_l_japanese.yml,Kiev_Pact_Organization,キエフ条約機構
english,replace/bakasekai/bakasekai_l_japanese.yml,Kingdom,王国派
english,replace/bakasekai/bakasekai_l_japanese.yml,Mii_channel_music,Mii channel
english,replace/bakasekai/bakasekai_l_japanese.yml,Normal,ノーマル指導者ガチャ
english,replace/bakasekai/bakasekai_l_japanese.yml,POL_seek_an_alliance_with_kaiser,南極連邦
english,replace/bakasekai/bakasekai_l_japanese.yml,PRU_cusco_upheaval,クスコ動乱
english,replace/bakasekai/bakasekai_l_japanese.yml,PRU_cusco_upheaval_desc,クスコで身分制度に反対するデモが発生した。\n長年身分制度が残っていることで差別は年々深刻化している。\n被差別身分の人々は不満を募らせていたのだった。\nしかし、彼らとは対象的に伝統的なインカを望む者達も彼らに対抗してデモを行い、\n両者は衝突した。クスコは今騒乱状態にある
english,replace/bakasekai/bakasekai_l_japanese.yml,PRU_worship_of_inti,インティの崇拝
english,replace/bakasekai/bakasekai_l_japanese.yml,PRU_worship_of_inti_desc,インカ帝国国内で大規模な飢饉が発生した。人々は不安に駈られている。神の怒りに違いない。
english,replace/bakasekai/bakasekai_l_japanese.yml,RANDOM_LEADERS,ランダムな国家指導者が着任する!
english,replace/bakasekai/bakasekai_l_japanese.yml,R_kakutei,レア以上確定指導者ガチャ
english,replace/bakasekai/bakasekai_l_japanese.yml,SR_kakutei,SR以上確定ガチャ
english,replace/bakasekai/bakasekai_l_japanese.yml,SR_kakutei_2,初回限定ガチャ
english,replace/bakasekai/bakasekai_l_japanese.yml,Spring_Kitchen,春のキッチン
english,replace/bakasekai/bakasekai_l_japanese.yml,Star-Wars-The-Advent-Calendar,ていこくのまーち
english,replace/bakasekai/bakasekai_l_japanese.yml,The_Dumb_March,間抜けな行進曲
english,replace/bakasekai/bakasekai_l_japanese.yml,VICTORY_POINTS_11586,ミステリアス
english,replace/bakasekai/bakasekai_l_japanese.yml,Vodou,ブードゥー教
english,replace/bakasekai/bakasekai_l_japanese.yml,WES_SGC,サハラ緑化委員会
english,replace/bakasekai/bakasekai_l_japanese.yml,WES_SGC_research_desc,SGC内で研究を協力することで研究を促進する
english,replace/bakasekai/bakasekai_l_japanese.yml,WES_SGC_research_name,SGC研究協力機構
english,replace/bakasekai/bakasekai_l_japanese.yml,WES_Sand,すな!
english,replace/bakasekai/bakasekai_l_japanese.yml,Zoroastrianism,ゾロアスター教
english,replace/bakasekai/bakasekai_l_japanese.yml,absolute_pacifism,絶対的平和主義
english,replace/bakasekai/bakasekai_l_japanese.yml,absolutely_hinnuism,絶対ひんぬー主義
english,replace/bakasekai/bakasekai_l_japanese.yml,absolutely_kyonuism,絶対きょぬー主義
english,replace/bakasekai/bakasekai_l_japanese.yml,accelerationism,加速主義
english,replace/bakasekai/bakasekai_l_japanese.yml,ahonoko,アホの子
english,replace/bakasekai/bakasekai_l_japanese.yml,anarchism,無政府主義
english,replace/bakasekai/bakasekai_l_japanese.yml,anarchist_communism,アナルコ共産主義
english,replace/bakasekai/bakasekai_l_japanese.yml,anarcho_horizontalism,横長無政府主義
english,replace/bakasekai/bakasekai_l_japanese.yml,anarcho_longitudinalism,無政府縦長主義
english,replace/bakasekai/bakasekai_l_japanese.yml,anarcho_syndicalism,アナルコ・サンディカリズム
english,replace/bakasekai/bakasekai_l_japanese.yml,anarchy,アナーキー
english,replace/bakasekai/bakasekai_l_japanese.yml,animism,精霊信仰
english,replace/bakasekai/bakasekai_l_japanese.yml,anthropocentrism,人間中心主義
english,replace/bakasekai/bakasekai_l_japanese.yml,anti_horizontalism,反横長主義
english,replace/bakasekai/bakasekai_l_japanese.yml,anti_longitudinalism,反縦長主義
english,replace/bakasekai/bakasekai_l_japanese.yml,anti_revisionism,反自由主義
english,replace/bakasekai/bakasekai_l_japanese.yml,artisticism,芸術主義
english,replace/bakasekai/bakasekai_l_japanese.yml,baka_music_TITLE,バカ世界地図Mod BGM
english,replace/bakasekai/bakasekai_l_japanese.yml,baka_news.1.a,万国の砂達よ、団結せよ!砂漠化万歳!!!
english,replace/bakasekai/bakasekai_l_japanese.yml,baka_news.1.b,熱でおかしくなったか
english,replace/bakasekai/bakasekai_l_japanese.yml,baka_news.1.desc,サハラ砂漠政府は突然全世界に向けて砂漠化の推進を宣言した。\nいわく「薄汚れた文明も、汚ならしい緑も全てを美しい砂に変える必要がある」と。\n全世界はサハラ砂漠という不毛な土地の住人による妄言としか受け止めていない
english,replace/bakasekai/bakasekai_l_japanese.yml,baka_news.1.t,「我々は砂となる!」
english,replace/bakasekai/bakasekai_l_japanese.yml,baka_news.2.a,我々の勢力圏を広げる時だ…
english,replace/bakasekai/bakasekai_l_japanese.yml,baka_news.2.b,砂漠が発展する時代が訪れたのか…
english,replace/bakasekai/bakasekai_l_japanese.yml,baka_news.2.desc,サハラ砂漠政府は砂漠を緑化し国家を豊かにして行く事を目指し、新陣営を設立した。そして諸外国が加盟することを求めている!
english,replace/bakasekai/bakasekai_l_japanese.yml,baka_news.2.t,サハラ緑化委員会の結成
english,replace/bakasekai/bakasekai_l_japanese.yml,baka_news.3.a,素晴らしい!
english,replace/bakasekai/bakasekai_l_japanese.yml,baka_news.3.b,何か通ずるものを感じる...
english,replace/bakasekai/bakasekai_l_japanese.yml,baka_news.3.c,バカなのか？
english,replace/bakasekai/bakasekai_l_japanese.yml,baka_news.3.d,バンコク政府は先日、国名をバンコクから「クルンテープ・マハーナコーン・アモーンラッタナコーシン・マヒンタラーユッタヤー・マハーディロック・ポップ・ノッパラット・ラーチャタニーブリーロム・ウドムラーチャニウェートマハーサターン・アモーンピマーン・アワターンサティット・サッカタッティヤウィサヌカムプラシット」に変更するという発表をした。
english,replace/bakasekai/bakasekai_l_japanese.yml,baka_news.3.t,バンコクの国名変更
english,replace/bakasekai/bakasekai_l_japanese.yml,bakunuism,ばくぬー主義
english,replace/bakasekai/bakasekai_l_japanese.yml,basictechnicalism,技術至上主義
english,replace/bakasekai/bakasekai_l_japanese.yml,binuism,微ぬー主義
english,replace/bakasekai/bakasekai_l_japanese.yml,buddhism,仏教
english,replace/bakasekai/bakasekai_l_japanese.yml,centrism,専制未来主義
english,replace/bakasekai/bakasekai_l_japanese.yml,charisma,カリスマ
english,replace/bakasekai/bakasekai_l_japanese.yml,civilizationism,文明化主義
english,replace/bakasekai/bakasekai_l_japanese.yml,civilizationism_desc,文明化主義的政府
english,replace/bakasekai/bakasekai_l_japanese.yml,communism_democracy,共産民主主義
english,replace/bakasekai/bakasekai_l_japanese.yml,communism_ideology,共産主義
english,replace/bakasekai/bakasekai_l_japanese.yml,communism_ideology_desc,全ての生産手段は国家という名の巨大なロボットが管理する。労働者はロボットのために働き、ロボットは皆のためにパンを焼く...はずだ。
english,replace/bakasekai/bakasekai_l_japanese.yml,comp_civilism,山民主義
english,replace/bakasekai/bakasekai_l_japanese.yml,confucianism,儒教
english,replace/bakasekai/bakasekai_l_japanese.yml,conservatism,保守主義
english,replace/bakasekai/bakasekai_l_japanese.yml,conservative_democracy,保守的民主主義
english,replace/bakasekai/bakasekai_l_japanese.yml,conservative_democracy_desc,古き良き伝統と秩序を守りつつ、民主的な手続きも尊重する。急進的な変化を嫌い、安定こそが最も価値あるものだと考える。
english,replace/bakasekai/bakasekai_l_japanese.yml,constitutional_emperor,立憲帝政
english,replace/bakasekai/bakasekai_l_japanese.yml,constitutional_monarchy,立憲君主政体
english,replace/bakasekai/bakasekai_l_japanese.yml,constitutional_monarchy_desc,君主は国民の象徴として君臨するが、政治の実権は議会が握る。王室のスキャンダルが、時折国を揺るがすスパイスとなる。
english,replace/bakasekai/bakasekai_l_japanese.yml,constitutional_royal_government,立憲王政
english,replace/bakasekai/bakasekai_l_japanese.yml,cthulhu_mythology,クトゥルフ神話
english,replace/bakasekai/bakasekai_l_japanese.yml,cute_head_of_state,可愛い国家元首
english,replace/bakasekai/bakasekai_l_japanese.yml,democratic_ideology,民主主義
english,replace/bakasekai/bakasekai_l_japanese.yml,democratic_ideology_desc,民主主義政府
english,replace/bakasekai/bakasekai_l_japanese.yml,despotism,専制主義
english,replace/bakasekai/bakasekai_l_japanese.yml,destructiveism,破壊主義
english,replace/bakasekai/bakasekai_l_japanese.yml,direct_democracy,直接民主制
english,replace/bakasekai/bakasekai_l_japanese.yml,direct_democracy_desc,国民が直接投票であらゆる物事を決定する、究極の参加型政治。今日の昼食のメニューから宣戦布告まで、全ては国民投票にかけられる。
english,replace/bakasekai/bakasekai_l_japanese.yml,egyptian_mythology,エジプト神話
english,replace/bakasekai/bakasekai_l_japanese.yml,empire,帝国派
english,replace/bakasekai/bakasekai_l_japanese.yml,eradicationism,根絶主義
english,replace/bakasekai/bakasekai_l_japanese.yml,eroticism,性愛主義
english,replace/bakasekai/bakasekai_l_japanese.yml,exclusionism,排他主義
english,replace/bakasekai/bakasekai_l_japanese.yml,extra_tech_slot_3,追加の研究枠 III
english,replace/bakasekai/bakasekai_l_japanese.yml,extra_tech_slot_3_desc,我が国の急速な工業化によって、追求すべき研究開発の新たな局面が拓けた。
english,replace/bakasekai/bakasekai_l_japanese.yml,falangism,ファランジズム
english,replace/bakasekai/bakasekai_l_japanese.yml,fascism_ideology,ファシズム
english,replace/bakasekai/bakasekai_l_japanese.yml,fascism_ideology_desc,国家こそが絶対であり、国民はその栄光のために全てを捧げる運命共同体。力強い指導者の下、世界を自分たちの色に塗り替えることを目指す。
english,replace/bakasekai/bakasekai_l_japanese.yml,futurism,未来主義
english,replace/bakasekai/bakasekai_l_japanese.yml,futurism_desc,過去を破壊し、機械と速度の時代を祄賛する。芸術家や思想家が国を率い、戦争すらも美しい芸術として捉える。
english,replace/bakasekai/bakasekai_l_japanese.yml,gen_nazism,ジェネリック・ナチズム
english,replace/bakasekai/bakasekai_l_japanese.yml,greek_mythology,ギリシア神話
english,replace/bakasekai/bakasekai_l_japanese.yml,greta,グレタ・トゥーンベリ
english,replace/bakasekai/bakasekai_l_japanese.yml,heathenism,邪教
english,replace/bakasekai/bakasekai_l_japanese.yml,hedonism,享楽主義
english,replace/bakasekai/bakasekai_l_japanese.yml,hightechnicalism,ハイテク技術至上主義
english,replace/bakasekai/bakasekai_l_japanese.yml,hinnulism,ひんぬー主義
english,replace/bakasekai/bakasekai_l_japanese.yml,horizontalism,横長主義
english,replace/bakasekai/bakasekai_l_japanese.yml,infrastructure_effort_3,インフラへの注力 III
english,replace/bakasekai/bakasekai_l_japanese.yml,infrastructure_effort_3_desc,さらなるインフラ拡張によって、高度な秘密計画には必須となる輸送や通信が可能になるだろう。
english,replace/bakasekai/bakasekai_l_japanese.yml,intellectualism,知識主義
english,replace/bakasekai/bakasekai_l_japanese.yml,intellectualism_desc,国家の最も重要な資源は知識である。図書館は要塞であり、科学者は兵士であり、ノーベル賞は戦略兵器に等しい。
english,replace/bakasekai/bakasekai_l_japanese.yml,islam,イスラム主義
english,replace/bakasekai/bakasekai_l_japanese.yml,jobs,スティーブ・ジョブス
english,replace/bakasekai/bakasekai_l_japanese.yml,kamuy,カムイ信仰
english,replace/bakasekai/bakasekai_l_japanese.yml,kingdom,王国派
english,replace/bakasekai/bakasekai_l_japanese.yml,knowledge_decentralization,知識分散主義
english,replace/bakasekai/bakasekai_l_japanese.yml,knowledge_enlightenment,知識啓蒙主義
english,replace/bakasekai/bakasekai_l_japanese.yml,knowledge_intensiveism,知識集約主義
english,replace/bakasekai/bakasekai_l_japanese.yml,kongyo,コンギョ
english,replace/bakasekai/bakasekai_l_japanese.yml,kyonulism,きょぬー主義
english,replace/bakasekai/bakasekai_l_japanese.yml,leninism,レーニン主義
english,replace/bakasekai/bakasekai_l_japanese.yml,liberalism,自由主義
english,replace/bakasekai/bakasekai_l_japanese.yml,loli_kyonuism,ロリきょぬー主義
english,replace/bakasekai/bakasekai_l_japanese.yml,lolism,ろり主義
english,replace/bakasekai/bakasekai_l_japanese.yml,longitudinalism,縦長主義
english,replace/bakasekai/bakasekai_l_japanese.yml,lowtechnicalism,ローテク技術至上主義
english,replace/bakasekai/bakasekai_l_japanese.yml,manaitism,まな板主義
english,replace/bakasekai/bakasekai_l_japanese.yml,manichaeism,マニ教
english,replace/bakasekai/bakasekai_l_japanese.yml,marisa,霧雨魔理沙
english,replace/bakasekai/bakasekai_l_japanese.yml,marshmallowism,ましゅまろ主義
english,replace/bakasekai/bakasekai_l_japanese.yml,marxism,マルクス主義
english,replace/bakasekai/bakasekai_l_japanese.yml,militaryism,軍事政権
english,replace/bakasekai/bakasekai_l_japanese.yml,miniature_land,ミニチュアランド
english,replace/bakasekai/bakasekai_l_japanese.yml,moderatism,穏健主義
english,replace/bakasekai/bakasekai_l_japanese.yml,monarchy,君主制
english,replace/bakasekai/bakasekai_l_japanese.yml,music_GGKSMKK,月月火水木金金
english,replace/bakasekai/bakasekai_l_japanese.yml,music_MC_Donald_music,M.C.ドナルドはダンスに夢中なのか？最終鬼畜道化師ドナルド・M shortver
english,replace/bakasekai/bakasekai_l_japanese.yml,music_WES_Sand,止まらない砂漠化
english,replace/bakasekai/bakasekai_l_japanese.yml,music_east,SGCの完成
english,replace/bakasekai/bakasekai_l_japanese.yml,music_germandemocracy,アフリカ統一
english,replace/bakasekai/bakasekai_l_japanese.yml,music_rcww,バトル内戦
english,replace/bakasekai/bakasekai_l_japanese.yml,music_supernuke,経済崩壊
english,replace/bakasekai/bakasekai_l_japanese.yml,music_turky_music,トルコ行進曲
english,replace/bakasekai/bakasekai_l_japanese.yml,mythologicalism,神話主義
english,replace/bakasekai/bakasekai_l_japanese.yml,mythologicalism_desc,古代の神々や伝説の英雄への信仰が、国家の法と秩序を支配する。神託や占いが、外交政策や軍事行動を決定する。
english,replace/bakasekai/bakasekai_l_japanese.yml,naval_effort_2,造船所設備の拡大
english,replace/bakasekai/bakasekai_l_japanese.yml,naval_effort_2_desc,真に注目に値する海軍に創り直すため、造船能力を大いに拡大しなければならない。
english,replace/bakasekai/bakasekai_l_japanese.yml,nazism,ナチズム
english,replace/bakasekai/bakasekai_l_japanese.yml,neoliberalism,新自由主義
english,replace/bakasekai/bakasekai_l_japanese.yml,neutrality_democracy,中立的民主主義
english,replace/bakasekai/bakasekai_l_japanese.yml,neutrality_ideology,中道派
english,replace/bakasekai/bakasekai_l_japanese.yml,neutrality_ideology_desc,中道派政府
english,replace/bakasekai/bakasekai_l_japanese.yml,new_religions,新興宗教
english,replace/bakasekai/bakasekai_l_japanese.yml,no_religions,国教なし
english,replace/bakasekai/bakasekai_l_japanese.yml,non_resistance,非抵抗主義
english,replace/bakasekai/bakasekai_l_japanese.yml,nouth_america_faction,正統アメリカ
english,replace/bakasekai/bakasekai_l_japanese.yml,nuclear_effort_2,核兵器への注力 II
english,replace/bakasekai/bakasekai_l_japanese.yml,nuclear_effort_2_desc,さらなる核兵器の研究によって、この破滅の力を他国に先んじて手に入れるのだ。
english,replace/bakasekai/bakasekai_l_japanese.yml,oligarchism,寡頭制
english,replace/bakasekai/bakasekai_l_japanese.yml,onesanism,おねーさん主義
english,replace/bakasekai/bakasekai_l_japanese.yml,our_own_gov,直接民主制
english,replace/bakasekai/bakasekai_l_japanese.yml,paradise,楽園指向主義
english,replace/bakasekai/bakasekai_l_japanese.yml,passive_pacifism,受動的平和主義
english,replace/bakasekai/bakasekai_l_japanese.yml,past_alterationism,過去改変主義
english,replace/bakasekai/bakasekai_l_japanese.yml,peaceful_militarism,平和的軍国主義
english,replace/bakasekai/bakasekai_l_japanese.yml,peasantism,農民主義
english,replace/bakasekai/bakasekai_l_japanese.yml,philanthropy,博愛主義
english,replace/bakasekai/bakasekai_l_japanese.yml,potta,シンメトリー・ポッター
english,replace/bakasekai/bakasekai_l_japanese.yml,primitivism,原始主義
english,replace/bakasekai/bakasekai_l_japanese.yml,regressionism,回帰主義
english,replace/bakasekai/bakasekai_l_japanese.yml,reimu,博麗霊夢
english,replace/bakasekai/bakasekai_l_japanese.yml,rexism,レクシズム
english,replace/bakasekai/bakasekai_l_japanese.yml,rightneutrality,中道右派
english,replace/bakasekai/bakasekai_l_japanese.yml,rightneutrality_desc,君主や皇帝といった伝統的権威の下で国家は統治されるべきだと考える。国際社会の騒乱からは距離を置き、国内の秩序維持を最優先する。
english,replace/bakasekai/bakasekai_l_japanese.yml,rocketism,ロケット主義
english,replace/bakasekai/bakasekai_l_japanese.yml,ruinism,破滅主義
english,replace/bakasekai/bakasekai_l_japanese.yml,ruinism_desc,文明は人類を堕落させた元凶であり、全てを破壊し原始の姿に戻ることこそが救済だと信じる。世界の終焉を積極的に推し進める。
english,replace/bakasekai/bakasekai_l_japanese.yml,sand_armor,砂漠装甲
english,replace/bakasekai/bakasekai_l_japanese.yml,sand_artillery,砂砲
english,replace/bakasekai/bakasekai_l_japanese.yml,sand_gun,砂弾銃
english,replace/bakasekai/bakasekai_l_japanese.yml,sand_plane,砂漠飛行機
english,replace/bakasekai/bakasekai_l_japanese.yml,sand_ship,砂漠船
english,replace/bakasekai/bakasekai_l_japanese.yml,saori,吉田沙保里
english,replace/bakasekai/bakasekai_l_japanese.yml,shinto,神道
english,replace/bakasekai/bakasekai_l_japanese.yml,shogunate,将軍派
english,replace/bakasekai/bakasekai_l_japanese.yml,slothfully,まぬけにだらだら
english,replace/bakasekai/bakasekai_l_japanese.yml,socialism,社会主義
english,replace/bakasekai/bakasekai_l_japanese.yml,south_america_faction,統一アメリカ
english,replace/bakasekai/bakasekai_l_japanese.yml,stalinism,スターリン主義
english,replace/bakasekai/bakasekai_l_japanese.yml,stupid_child,アホの子
english,replace/bakasekai/bakasekai_l_japanese.yml,stupidism,バカ主義
english,replace/bakasekai/bakasekai_l_japanese.yml,stupidism_desc,支離滅裂で矛盾した思想を意図的に採用することで、敵を混乱させ、味方を当惑させる。予測不可能な行動こそが、最高の戦略だと信じている。
english,replace/bakasekai/bakasekai_l_japanese.yml,syoujyism,少女主義
english,replace/bakasekai/bakasekai_l_japanese.yml,technicalism,技術至上主義
english,replace/bakasekai/bakasekai_l_japanese.yml,technicalism_desc,国家の進歩は、その技術力によってのみ測られる。政治家はエンジニアに取って代わられ、法律はアルゴリズムによって記述される。
english,replace/bakasekai/bakasekai_l_japanese.yml,todo,藤堂平九郎
english,replace/bakasekai/bakasekai_l_japanese.yml,transformationism,変革主義
english,replace/bakasekai/bakasekai_l_japanese.yml,urban_civicism,都市市民主義
english,replace/bakasekai/bakasekai_l_japanese.yml,utm,桂歌丸
english,replace/bakasekai/bakasekai_l_japanese.yml,yo_ooizumi,大泉洋
english,replace/bakasekai/battle3_l_japanese.yml,BTL_communism_party,バトル三民平等党
english,replace/bakasekai/battle3_l_japanese.yml,BTL_democratic_party,バトル三国民民主同盟
english,replace/bakasekai/battle3_l_japanese.yml,BTL_fascism_party,バトル三民族主義者組織
english,replace/bakasekai/battle3_l_japanese.yml,BTL_neutrality_party,バトル三歩党
english,replace/bakasekai/battle3_l_japanese.yml,GER_naval_effort2,造船所設備の拡大
english,replace/bakasekai/battle3_l_japanese.yml,GER_naval_effort2_desc,真に注目に値する海軍に創り直すため、造船能力を大いに拡大しなければならない。
english,replace/bakasekai/battle3_l_japanese.yml,PRM_dokutorinhenozhu_li_,ドクトリンへの注力
english,replace/bakasekai/battle3_l_japanese.yml,PRM_dokutorinhenozhu_li__desc,先の大戦の陸戦ドクトリンは、すでに時代遅れである。明日の軍事思想を成形する任務に対して最高の頭脳を割かなければならない。
english,replace/bakasekai/battle3_l_japanese.yml,PRM_ji_jia_bu_dui_henozhu_li_,機甲部隊への注力
english,replace/bakasekai/battle3_l_japanese.yml,PRM_ji_jia_bu_dui_henozhu_li__desc,歩兵の機械化で学んだことを生かし、装甲車両をより良く改善できるだろう。
english,replace/bakasekai/battle3_l_japanese.yml,PRM_lu_jun_henozhu_li_,陸軍への注力
english,replace/bakasekai/battle3_l_japanese.yml,PRM_lu_jun_henozhu_li__desc,空戦や海戦がどれだけ進歩しても、陸上戦闘は将来の戦争でも鍵であり続ける。備えることで、塹壕の地獄へ舞い戻ることを回避できるのだ。
english,replace/bakasekai/battle3_l_japanese.yml,PRM_ssnoshe_li_,特殊部隊
english,replace/bakasekai/battle3_l_japanese.yml,PRM_ssnoshe_li__desc,我々には特殊部隊が必要である。よって、山岳部隊と空挺部隊を優先事項とせねばならない。
english,replace/bakasekai/battle3_l_japanese.yml,PRM_undefined,ドクトリンへの注力 II
english,replace/bakasekai/battle3_l_japanese.yml,PRM_undefined_desc,戦場は戦間期のみならず、最近の紛争の経過を通して変化している。このことを反映するためにドクトリンを絶えず再評価せねばならない。
english,replace/bakasekai/battle3_l_japanese.yml,PRM_zhuang_bei_henozhu_li_,装備への注力
english,replace/bakasekai/battle3_l_japanese.yml,PRM_zhuang_bei_henozhu_li__desc,歩兵が持ち運べる装備の限界は絶え間なく押し上げられている。我々は可能な限り最高の装備を部隊に与えることを重視しよう。
english,replace/bakasekai/battle3_l_japanese.yml,PRM_zhuang_bei_henozhu_li_ii,装備への注力 II
english,replace/bakasekai/battle3_l_japanese.yml,PRM_zhuang_bei_henozhu_li_ii_desc,歩兵と支援部隊が可能な限り最高の装備を持てるよう、不断の努力を行わねばならない。
english,replace/bakasekai/battle3_l_japanese.yml,PRM_zhuang_bei_henozhu_li_iii,装備への注力 III
english,replace/bakasekai/battle3_l_japanese.yml,PRM_zhuang_bei_henozhu_li_iii_desc,外国製装備の模倣や購入よりも、歩兵用武器で世界の最先端になることを目指すべきである。
english,replace/bakasekai/battle3_l_japanese.yml,PRM_zi_dong_che_hua_henozhu_li_,自動車化への注力
english,replace/bakasekai/battle3_l_japanese.yml,PRM_zi_dong_che_hua_henozhu_li__desc,機動力と防御力は歩兵を安全に戦場へ輸送、また撤退させる上で必要不可欠だ。この分野への注力は我々の迅速な対応を可能にするだろう。
english,replace/bakasekai/battle3_l_japanese.yml,TifJwZQW,産業強化
english,replace/bakasekai/battle3_l_japanese.yml,battle3_1,現在地の把握
english,replace/bakasekai/battle3_l_japanese.yml,battle3_10,海外からの投資の受け入れ
english,replace/bakasekai/battle3_l_japanese.yml,battle3_10_desc,大国の莫大な資本を受け入れることにより、大規模事業を実施しやすくなる。
english,replace/bakasekai/battle3_l_japanese.yml,battle3_11,インフラ強化
english,replace/bakasekai/battle3_l_japanese.yml,battle3_11_desc,強力なインフラは民需、軍需双方に役に立つ。
english,replace/bakasekai/battle3_l_japanese.yml,battle3_12,戦時経済統制法
english,replace/bakasekai/battle3_l_japanese.yml,battle3_12_1,研究力の強化
english,replace/bakasekai/battle3_l_japanese.yml,battle3_12_1_desc,いつまでも技術後進国の地位に甘んじるわけにはいかない。
english,replace/bakasekai/battle3_l_japanese.yml,battle3_12_2,経済的勝利
english,replace/bakasekai/battle3_l_japanese.yml,battle3_12_2_desc,我々は必死の努力によって、大国に劣らぬ経済力を手に入れた。今こそ飛躍の時である。
english,replace/bakasekai/battle3_l_japanese.yml,battle3_12_desc,民需を圧縮し、また民需物資の一部を軍用に当てることで、さらに多くの軍需物資を作れる。
english,replace/bakasekai/battle3_l_japanese.yml,battle3_13,我らの道
english,replace/bakasekai/battle3_l_japanese.yml,battle3_13_desc,我らの運命は我らが決める。
english,replace/bakasekai/battle3_l_japanese.yml,battle3_1_1,経済政策の強化
english,replace/bakasekai/battle3_l_japanese.yml,battle3_1_1_desc,
english,replace/bakasekai/battle3_l_japanese.yml,battle3_1_desc,ここはどこだ？我々の国はどこに行った？
english,replace/bakasekai/battle3_l_japanese.yml,battle3_2,臨時政府の設置
english,replace/bakasekai/battle3_l_japanese.yml,battle3_2_desc,事態の収拾のために、まずは諸民族代表による臨時政府を創立すべきだろう。
english,replace/bakasekai/battle3_l_japanese.yml,battle3_3,蠱毒による強化
english,replace/bakasekai/battle3_l_japanese.yml,battle3_3_desc,国を割り、争った先に我が国は繁栄するだろう。闘争を!闘争を!闘争を!闘争を!闘争を!闘争を!闘争を!闘争を!闘争を!闘争を!闘争を!闘争を!闘争を!
english,replace/bakasekai/battle3_l_japanese.yml,battle3_4,共存による強化
english,replace/bakasekai/battle3_l_japanese.yml,battle3_4_1,諸国工場の統合
english,replace/bakasekai/battle3_l_japanese.yml,battle3_4_10,第二次日露戦争
english,replace/bakasekai/battle3_l_japanese.yml,battle3_4_10_desc,今や我々は国力で日本に大きく優越している。第一次のような無様はさらさない。
english,replace/bakasekai/battle3_l_japanese.yml,battle3_4_1_desc,これまで別々に運営されていた工場を統合することによって、さらなる工業力向上を目指せる。
english,replace/bakasekai/battle3_l_japanese.yml,battle3_4_2,ドイツとの連携
english,replace/bakasekai/battle3_l_japanese.yml,battle3_4_2_desc,ドイツとの連携は、我々の発展に多大な恩恵を及ぼすだろう。
english,replace/bakasekai/battle3_l_japanese.yml,battle3_4_3,フランスとの連携
english,replace/bakasekai/battle3_l_japanese.yml,battle3_4_3_1,連合国への加盟
english,replace/bakasekai/battle3_l_japanese.yml,battle3_4_3_1_desc,民主主義国家同士の強固な相互援助関係でもって、ファシストやポリシェヴィキに対抗する。
english,replace/bakasekai/battle3_l_japanese.yml,battle3_4_3_desc,フランスと連携し、民主主義の道を突き進むことこそ、我が国の国益となるだろう。
english,replace/bakasekai/battle3_l_japanese.yml,battle3_4_4,ソ連との連携
english,replace/bakasekai/battle3_l_japanese.yml,battle3_4_4_desc,我が国のパートナーには、革命的なかの国こそふさわしい。
english,replace/bakasekai/battle3_l_japanese.yml,battle3_4_5,戦争準備
english,replace/bakasekai/battle3_l_japanese.yml,battle3_4_5_desc,国民や企業、政府に至るまで、大戦争に向けての準備が足りていない。今一度気を引き締めなおすべきだろう。
english,replace/bakasekai/battle3_l_japanese.yml,battle3_4_6,ドイツとの対決
english,replace/bakasekai/battle3_l_japanese.yml,battle3_4_6_desc,西には広大な土地がある。この「西方生存圏」を奪い取ることで我々は発展を遂げるだろう。
english,replace/bakasekai/battle3_l_japanese.yml,battle3_4_7,ロシア統一
english,replace/bakasekai/battle3_l_japanese.yml,battle3_4_7_desc,東には細かく分かれたロシアが存在する。彼らを我らの手で一つにしてやるのだ。
english,replace/bakasekai/battle3_l_japanese.yml,battle3_4_8,フランスの蹂躙
english,replace/bakasekai/battle3_l_japanese.yml,battle3_4_8_desc,弱体なフランスなど、簡単に踏みつぶすことができるだろう。
english,replace/bakasekai/battle3_l_japanese.yml,battle3_4_9,中国の植民地化
english,replace/bakasekai/battle3_l_japanese.yml,battle3_4_9_desc,いまだ近代化の不十分な中国、この「東方生存圏」を飲み込み、我らの糧とするのだ。
english,replace/bakasekai/battle3_l_japanese.yml,battle3_4_desc,民族は違えど、我々の心は一つである。手を取り合うことが発展への近道だ。
english,replace/bakasekai/battle3_l_japanese.yml,battle3_5,工業に注力
english,replace/bakasekai/battle3_l_japanese.yml,battle3_5_desc,近代的な工業によって西欧列強への追いつきを狙うべきだ
english,replace/bakasekai/battle3_l_japanese.yml,battle3_6,農業近代化
english,replace/bakasekai/battle3_l_japanese.yml,battle3_6_1,農業集団化
english,replace/bakasekai/battle3_l_japanese.yml,battle3_6_1_desc,中央集権的な農業で生産能力を強化する。
english,replace/bakasekai/battle3_l_japanese.yml,battle3_6_2,自己救済型農業
english,replace/bakasekai/battle3_l_japanese.yml,battle3_6_2_desc,労働者の自己救済に任せる農業により、少ないコストで高い生産性を得ることができる。
english,replace/bakasekai/battle3_l_japanese.yml,battle3_6_3,土地の再分配
english,replace/bakasekai/battle3_l_japanese.yml,battle3_6_3_desc,国家の主導で土地を再分配し、余剰の土地を生み出せる。
english,replace/bakasekai/battle3_l_japanese.yml,battle3_6_4,市場経済
english,replace/bakasekai/battle3_l_japanese.yml,battle3_6_4_desc,市場経済の拡大によって競争を拡大し、生産性を向上させる。
english,replace/bakasekai/battle3_l_japanese.yml,battle3_6_5,海外との貿易振興
english,replace/bakasekai/battle3_l_japanese.yml,battle3_6_5_desc,海外との大規模な貿易は経済のカンフル剤にできる。
english,replace/bakasekai/battle3_l_japanese.yml,battle3_6_desc,我が国伝統の農業を近代化し、生産性を高めよう。
english,replace/bakasekai/battle3_l_japanese.yml,battle3_7,民間を利用した経済発展
english,replace/bakasekai/battle3_l_japanese.yml,battle3_7_desc,民間の巨大な財を利用して、国力を強化する。
english,replace/bakasekai/battle3_l_japanese.yml,battle3_8,国家主導の経済成長
english,replace/bakasekai/battle3_l_japanese.yml,battle3_8_desc,軍需産業などで国家が経済を牽引し、それを国力源とする。
english,replace/bakasekai/battle3_l_japanese.yml,battle3_9,軍事偏重
english,replace/bakasekai/battle3_l_japanese.yml,battle3_9_desc,軍需産業を振興し、経済発展と防衛力強化の双方に利用する。
english,replace/bakasekai/battle3_l_japanese.yml,battle3_gunji_toushi,軍事偏重
english,replace/bakasekai/battle3_l_japanese.yml,battle3_gunji_toushi_desc,立地上、軍事に国力を注がなければ、我々は簡単に滅ぼされてしまうだろう。
english,replace/bakasekai/battle3_l_japanese.yml,battle3_jikokyusai,農業的自己救済
english,replace/bakasekai/battle3_l_japanese.yml,battle3_jikokyusai_desc,自分で管理する農業により、政府の管理なく高い効率を生み出しうる。
english,replace/bakasekai/battle3_l_japanese.yml,battle3_keizaishouri,経済的勝利
english,replace/bakasekai/battle3_l_japanese.yml,battle3_keizaishouri_desc,我々は経済的に強大化した。もう大国の犬とはならないのだ。
english,replace/bakasekai/battle3_l_japanese.yml,battle3_kodoku,蠱毒
english,replace/bakasekai/battle3_l_japanese.yml,battle3_kodoku_2,蠱毒
english,replace/bakasekai/battle3_l_japanese.yml,battle3_kodoku_2_desc,我々は蠱毒によって進化する。闘争を!闘争を!闘争を!闘争を!闘争を!闘争を!闘争を!闘争を!闘争を!
english,replace/bakasekai/battle3_l_japanese.yml,battle3_kodoku_3,蠱毒
english,replace/bakasekai/battle3_l_japanese.yml,battle3_kodoku_3_desc,我々は蠱毒によって進化する。闘争を!闘争を!闘争を!闘争を!闘争を!闘争を!闘争を!闘争を!闘争を!
english,replace/bakasekai/battle3_l_japanese.yml,battle3_kodoku_desc,我々は蠱毒によって進化する。闘争を!闘争を!闘争を!闘争を!闘争を!闘争を!闘争を!闘争を!闘争を!
english,replace/bakasekai/battle3_l_japanese.yml,battle3_naisen,バトルロワイヤル
english,replace/bakasekai/battle3_l_japanese.yml,battle3_naisen_attack,大規模戦闘計画
english,replace/bakasekai/battle3_l_japanese.yml,battle3_naisen_attack_desc,大規模に物資を蓄積し、進撃の準備を整えた。今こそ戦局打破の時間である。
english,replace/bakasekai/battle3_l_japanese.yml,battle3_naisen_desc,最近、バトルロワイヤルって流行っていますよね。ということで今回はHearts of iron 4で、数十万人の人が死ぬバトロワをやっていこうと思います。
english,replace/bakasekai/battle3_l_japanese.yml,battle3_naisen_kokatu,物資枯渇
english,replace/bakasekai/battle3_l_japanese.yml,battle3_naisen_kokatu_desc,先の大規模計画により、前線の物資は枯渇している。
english,replace/bakasekai/battle3_l_japanese.yml,battle3_s,内戦終結宣言
english,replace/bakasekai/battle3_l_japanese.yml,battle3_s_desc, 
english,replace/bakasekai/battle3_l_japanese.yml,battle3_sangyou,バトル三国の産業投資
english,replace/bakasekai/battle3_l_japanese.yml,battle3_sangyou_desc,多額かつ連続的な投資によって産業の発展は進んだ。しかし、それは国庫に多大な負担をかけている。
english,replace/bakasekai/battle3_l_japanese.yml,battle3_shijoukeizai,市場経済の活発化
english,replace/bakasekai/battle3_l_japanese.yml,battle3_shijoukeizai_desc,市場経済による競争は、製品の質を向上させる。
english,replace/bakasekai/battle3_l_japanese.yml,battle3_shokuryou_jikyuu,食糧自給
english,replace/bakasekai/battle3_l_japanese.yml,battle3_shokuryou_jikyuu_desc,農民は食料を自給し、誰の力も借りずに生きられる。
english,replace/bakasekai/battle3_l_japanese.yml,battle3_shudanka,集団農業
english,replace/bakasekai/battle3_l_japanese.yml,battle3_shudanka_desc,政府が農業を管理することで、国内需要を過不足なく満たすことができる。
english,replace/bakasekai/battle3_l_japanese.yml,battle3_toushi,海外資本の流入
english,replace/bakasekai/battle3_l_japanese.yml,battle3_toushi_desc,海外資本を受け入れることによって、我々の国力増強は進むだろう。
english,replace/bakasekai/battle3_l_japanese.yml,battle3a_1,空軍力への注力
english,replace/bakasekai/battle3_l_japanese.yml,battle3a_1_2,空軍力への注力 II
english,replace/bakasekai/battle3_l_japanese.yml,battle3a_1_2_desc,空軍力を他部門の軍とうまく統合するには、航空機のさらなる進歩が必要だろう。
english,replace/bakasekai/battle3_l_japanese.yml,battle3a_1_desc,空の戦いにおいての技術的進化ほど速いものは他にない。近代国家なら熟達せねばならない分野が空軍力である。
english,replace/bakasekai/battle3_l_japanese.yml,battle3a_1_tt,§Y航空基地§!用の建築スロットが不十分
english,replace/bakasekai/battle3_l_japanese.yml,battle3a_2,戦闘機重視
english,replace/bakasekai/battle3_l_japanese.yml,battle3a_2_desc,世界大戦以来、我々は空中戦を目にしていない。戦闘機の開発を先行し続けることは将来、我々を優位に立たせるだろう。
english,replace/bakasekai/battle3_l_japanese.yml,battle3a_3,爆撃機重視
english,replace/bakasekai/battle3_l_japanese.yml,battle3a_3_desc,人々は将来、今日の戦争の恐怖について、それを空から降り注ぐ猛火の雨にたとえるだろう。敵にこの物語を語らせるために、最善を尽くそう。
english,replace/bakasekai/battle3_l_japanese.yml,battle3a_4,海軍への注力
english,replace/bakasekai/battle3_l_japanese.yml,battle3a_4_desc,新しい海の戦いは水上はもちろん、空中にも水面下にもその場を広げていくだろう。
english,replace/bakasekai/battle3_l_japanese.yml,battle3a_5,CASへの注力
english,replace/bakasekai/battle3_l_japanese.yml,battle3a_5_desc,現代的な軍隊が求める支援は、地上車両だけでなく、空から共に行われねばならない。
english,replace/bakasekai/battle3_l_japanese.yml,battle3a_6,ロケットへの注力
english,replace/bakasekai/battle3_l_japanese.yml,battle3a_6_desc,ロケットエンジンとジェットエンジンは有人・無人を問わず、機体に前代未聞のスピードをもたらす。この技術の先駆者は、敵に驚異を与えるだろう。
english,replace/bakasekai/battle3_l_japanese.yml,battle3n_1,海軍への注力
english,replace/bakasekai/battle3_l_japanese.yml,battle3n_1_desc,海軍の拡充を、最優先事項とせねばならない。造船所に可能な資源を全て投入し、小型水上艦を研究するのだ。
english,replace/bakasekai/battle3_l_japanese.yml,battle3n_1_tt,§Y海軍造船所§!用の建築スロットが不十分
english,replace/bakasekai/battle3_l_japanese.yml,battle3n_2,柔軟性のある海軍
english,replace/bakasekai/battle3_l_japanese.yml,battle3n_2_desc,潜水艦技術の進歩による海軍戦闘の改革によって、敵輸送船団の効率的な撃滅が可能になるだろう。
english,replace/bakasekai/battle3_l_japanese.yml,battle3n_3,大規模な海軍
english,replace/bakasekai/battle3_l_japanese.yml,battle3n_3_desc,大型艦による輸送船団の安全確保へ海軍ドクトリンを最適化させることで、どのような艦艇を必要としているかよく分かるようになるだろう。
english,replace/bakasekai/battle3_l_japanese.yml,battle3n_4,潜水艦への注力
english,replace/bakasekai/battle3_l_japanese.yml,battle3n_4_desc,魚雷艇を開発して以来、潜水艦戦は最も関心の高い海軍の革新である。潜水艦対策のみならず、敵艦対策に潜水艦を利用することが上手くなるだろう。
english,replace/bakasekai/battle3_l_japanese.yml,battle3n_5,巡洋艦への注力
english,replace/bakasekai/battle3_l_japanese.yml,battle3n_5_desc,先進的な戦艦の研究に着手する前に、小型巡洋艦の更新が必要である。
english,replace/bakasekai/battle3_l_japanese.yml,battle3n_6,主力艦への注力
english,replace/bakasekai/battle3_l_japanese.yml,battle3n_6_desc,最も戦艦を多く保有する国家が海を支配するだろう。空母と戦艦はそれぞれ海軍の優越性における新旧を象徴している。
english,replace/bakasekai/battle3_l_japanese.yml,battle3n_7,駆逐艦への注力
english,replace/bakasekai/battle3_l_japanese.yml,battle3n_7_desc,潜水艦の設計、戦略的利用を研究する間に、こうした戦略にどう反撃すべきかを学習した。すなわち、駆逐艦をもってする反撃である。
english,replace/bakasekai/battle3_l_japanese.yml,battle_naisen_d,戦闘の計画
english,replace/bakasekai/battle3_l_japanese.yml,battle_naisen_d1,大規模戦闘計画
english,replace/bakasekai/battle3_l_japanese.yml,flag_1,アカの脅威
english,replace/bakasekai/battle3_l_japanese.yml,flag_1_desc,アカの脅威はすぐそこに迫っている。身の振り方を考えなくてはなるまい。
english,replace/bakasekai/battle3_l_japanese.yml,kpo.1.a,我々はロシアの侵略に断固抵抗する!
english,replace/bakasekai/battle3_l_japanese.yml,kpo.1.b,我々はロシアの侵略に断固抵抗する!
english,replace/bakasekai/battle3_l_japanese.yml,kpo.1.c,我々は我々の好きにする。
english,replace/bakasekai/battle3_l_japanese.yml,kpo.1.t,キエフ条約機構案
english,replace/bakasekai/battle3_l_japanese.yml,kpo.2.a,...紫の奴だ
english,replace/bakasekai/battle3_l_japanese.yml,kpo.2.b,...黄色の奴だ
english,replace/bakasekai/battle3_l_japanese.yml,kpo.2.c,...緑の奴だ
english,replace/bakasekai/battle3_l_japanese.yml,kpo.2.d,...青い奴だ
english,replace/bakasekai/battle3_l_japanese.yml,kpo.2.e,...真っ白の奴だ
english,replace/bakasekai/battle3_l_japanese.yml,kpo.2.t,バトル三国のバトルロワイヤル
english,replace/bakasekai/battle3_l_japanese.yml,kpo.2.t.d,蠱毒をもとに強化することを掲げた狂人によって起こった内戦は、バトル三国全土に波及した。もはや事態の平和的収拾は不可能だ。\n我々はどこの勢力に参加するべきだろうか。
english,replace/bakasekai/battle3_l_japanese.yml,kpo.6.a,...受け入れよう
english,replace/bakasekai/battle3_l_japanese.yml,kpo.6.b,NUTS!(バカめ!)
english,replace/bakasekai/battle3_l_japanese.yml,kpo.6.d,バトル三国はわが国に服従を要求している。
english,replace/bakasekai/battle3_l_japanese.yml,kpo.6.t,バトル三国の服従要求
english,replace/bakasekai/battle3_l_japanese.yml,kpo.7.a,素晴らしい!
english,replace/bakasekai/battle3_l_japanese.yml,kpo.7.d,[FROM.getname]はわが国の庇護下に収まることに同意した。
english,replace/bakasekai/battle3_l_japanese.yml,kpo.7.t,[FROM.getname]は服従要求を受託
english,replace/bakasekai/battle3_l_japanese.yml,kpo.8.a,ならば、力づくで
english,replace/bakasekai/battle3_l_japanese.yml,kpo.8.d,電文には「NUTS!」とだけ記載があった。
english,replace/bakasekai/battle3_l_japanese.yml,kpo.8.t,[FROM.getname]は服従要求を拒否
english,replace/bakasekai/battle3_l_japanese.yml,newfocus_38,ギリシャへの服従要求
english,replace/bakasekai/battle3_l_japanese.yml,newfocus_38_desc,[GRC.getname]は弱体であり、我々が脅せばすぐさま降伏するだろう。
english,replace/bakasekai/battle3_l_japanese.yml,newfocus_39,トルコへの服従要求
english,replace/bakasekai/battle3_l_japanese.yml,newfocus_39_desc,[TUR.getname]は弱体であり、我々が脅せばすぐさま降伏するだろう。
english,replace/bakasekai/battle3_l_japanese.yml,newfocus_40,謎への服従要求
english,replace/bakasekai/battle3_l_japanese.yml,newfocus_40_desc,[MYS.getname]は弱体であり、我々が脅せばすぐさま降伏するだろう。
english,replace/bakasekai/battle3_l_japanese.yml,newfocus_41,The New Order
english,replace/bakasekai/battle3_l_japanese.yml,newfocus_41_desc,もはやわれらの覇道を阻むものはない。
english,replace/bakasekai/bsm_character_l_japanese.yml,JPN_Amaterasu,天照大神
english,replace/bakasekai/bsm_character_l_japanese.yml,NMX_ESSO_NEKO,ESSO CAT
english,replace/bakasekai/bsm_character_l_japanese.yml,TWN_ML,マリー=ルイーズ
english,replace/bakasekai/character_l_japanese.yml,AUS_EMU,エミュー
english,replace/bakasekai/character_l_japanese.yml,AUS_EMU_2,エミュー
english,replace/bakasekai/character_l_japanese.yml,AUS_EMU_2_desc,エミューは、オーストラリアの鳥である。\n彼らは、今や世界に野望を向けている
english,replace/bakasekai/character_l_japanese.yml,AUS_EMU_desc,エミューは、オーストラリアの鳥である。\n彼らは、1932年にオーストラリアを征服したのである。
english,replace/bakasekai/character_l_japanese.yml,Antanas_Smetona,アンターナス・スメトナ
english,replace/bakasekai/character_l_japanese.yml,BT_btl,バトル=リトアニア評議会
english,replace/bakasekai/character_l_japanese.yml,BT_est,バトル=エストニア評議会
english,replace/bakasekai/character_l_japanese.yml,BT_lit,バトル=リトアニア大公
english,replace/bakasekai/character_l_japanese.yml,BT_rat,バトル=ラトビア評議会
english,replace/bakasekai/character_l_japanese.yml,BT_zjd,バトル全国人民代表大会
english,replace/bakasekai/character_l_japanese.yml,CTO_Higashikuni_Naruhiko,東久邇宮稔彦王
english,replace/bakasekai/character_l_japanese.yml,CUB_FB,フルヘンシオ・バティスタ
english,replace/bakasekai/character_l_japanese.yml,CUB_FB_desc,フルヘンシオ・バティスタは、キューバの政治家である。\n彼は、1933年にキューバの大統領に就任した。
english,replace/bakasekai/character_l_japanese.yml,DEN_CX,クリスチャン10世
english,replace/bakasekai/character_l_japanese.yml,DIS_WD,ウォルト・ディズニー
english,replace/bakasekai/character_l_japanese.yml,DIS_WD_desc,ウォルト・ディズニーは、アメリカ合衆国の映画製作者である。\n彼は、1923年にウォルト・ディズニー・カンパニーを設立し、その後、1928年にミッキーマウスを創造した。
english,replace/bakasekai/character_l_japanese.yml,Friedrich_Christian_von_Sachsen,フリードリヒ4世
english,replace/bakasekai/character_l_japanese.yml,HLW_PE,ペグ・エントウィスル
english,replace/bakasekai/character_l_japanese.yml,HLW_PE_desc,ペグ・エントウィスルは、イギリス生まれの女優である。\n彼女は、1932年にロンドンのウェストエンドで舞台デビューを果たし、その後、1933年にハリウッド映画デビューを果たした。
english,replace/bakasekai/character_l_japanese.yml,HWI_higashihushimi_kaiurani_natsuhito,東伏見 夏仁
english,replace/bakasekai/character_l_japanese.yml,ISR_kaigi,シオニスト会議
english,replace/bakasekai/character_l_japanese.yml,KIM_IL_SON,金日成
english,replace/bakasekai/character_l_japanese.yml,KIM_IL_SON_desc,金日成は、朝鮮民主主義人民共和国の初代最高指導者である。\n彼は、1948年に朝鮮民主主義人民共和国の初代最高指導者に就任し、その後、1950年に朝鮮戦争を勃発させた。
english,replace/bakasekai/character_l_japanese.yml,KSM_Hari_Singh,ハリ・シング
english,replace/bakasekai/character_l_japanese.yml,KarlGero,カール1世
english,replace/bakasekai/character_l_japanese.yml,MAR_Muhammad_V,ムハンマド5世
english,replace/bakasekai/character_l_japanese.yml,MC_RMD,リチャード・マクドナルド
english,replace/bakasekai/character_l_japanese.yml,MON_gandara,ガンダーラ
english,replace/bakasekai/character_l_japanese.yml,MYS_NAZO,指導者不在
english,replace/bakasekai/character_l_japanese.yml,MYS_NAZO_desc,我が国は、指導者不在である。
english,replace/bakasekai/character_l_japanese.yml,NEV_JMB,ジェームズ・マシュー・バリー准男爵
english,replace/bakasekai/character_l_japanese.yml,NEV_JMB_desc,ジェームズ・マシュー・バリー准男爵は、イギリスの作家である。\n彼は、1904年に『ピーターパン』を執筆した。
english,replace/bakasekai/character_l_japanese.yml,NK_gikai,ノキア役員会議
english,replace/bakasekai/character_l_japanese.yml,NSI_Zokutyo,北センチネルの族長
english,replace/bakasekai/character_l_japanese.yml,NYY_JR,ジェイコブ・ルパート
english,replace/bakasekai/character_l_japanese.yml,NYY_JR_desc,ジェイコブ・ルパートは、アメリカ合衆国の実業家である。\n彼は、1923年にニューヨーク・ヤンキースを設立し、その後、1923年にニューヨーク・ヤンキースを設立した。
english,replace/bakasekai/character_l_japanese.yml,NY_FLG,フィオレロ・ラ・ガーディア
english,replace/bakasekai/character_l_japanese.yml,NY_FLG_desc,フィオレロ・ラ・ガーディアは、アメリカ合衆国の政治家である。\n彼は、1934年から1945年までニューヨーク市長を務め、その後、1945年から1953年までニューヨーク市長を務めた。
english,replace/bakasekai/character_l_japanese.yml,PALIS,パリ議会
english,replace/bakasekai/character_l_japanese.yml,POL_kuma,しろくま
english,replace/bakasekai/character_l_japanese.yml,POS_gikai,シーランド議会
english,replace/bakasekai/character_l_japanese.yml,RED_firipe,M.P.フィリペ1世
english,replace/bakasekai/character_l_japanese.yml,SAN_GOZI,ジュリアーノ・ゴジ
english,replace/bakasekai/character_l_japanese.yml,SCC_Yonai,米内光政
english,replace/bakasekai/character_l_japanese.yml,Sisowath_Youtevong,シソワット・モニヴォン王
english,replace/bakasekai/character_l_japanese.yml,TEX_CRS,コーク・R・スティーブンソン
english,replace/bakasekai/character_l_japanese.yml,TEX_CRS_desc,コーク・R・スティーブンソンは、アメリカ合衆国の政治家である。
english,replace/bakasekai/character_l_japanese.yml,TOS_Joseph_Ferdinand,フェルディナンド5世
english,replace/bakasekai/character_l_japanese.yml,VNM_Bao_Dai,保大帝
english,replace/bakasekai/chile_l_japanese.yml,CHL_add_gunju_0,軍需工場の建造
english,replace/bakasekai/chile_l_japanese.yml,CHL_add_gunju_0_desc,我が国には軍備を拡張するための生産設備が無い。軍需工場建設に予算を投入しよう。
english,replace/bakasekai/chile_l_japanese.yml,CHL_add_gunju_1,軍需工場への注力
english,replace/bakasekai/chile_l_japanese.yml,CHL_add_gunju_1_desc,軍需品の生産量は増えたが、更なる軍拡のためにはまだ足りない。更に軍需工場に予算を投入しよう。
english,replace/bakasekai/chile_l_japanese.yml,CHL_add_gunju_2,軍需工場至上主義
english,replace/bakasekai/chile_l_japanese.yml,CHL_add_gunju_2_desc,この世界を鉄と鉛で埋め尽くせ!
english,replace/bakasekai/chile_l_japanese.yml,CHL_add_infra_0,インフラの建造
english,replace/bakasekai/chile_l_japanese.yml,CHL_add_infra_0_desc,我が国にはインフラが不足しており、これが工業化のボトルネックになっている。インフラに予算を投入しよう。
english,replace/bakasekai/chile_l_japanese.yml,CHL_add_infra_1,インフラへの注力
english,replace/bakasekai/chile_l_japanese.yml,CHL_add_infra_1_desc,先の予算投入によりインフラは僅かに改善されたが、まだ足りない。更にインフラに予算を投入しよう。
english,replace/bakasekai/chile_l_japanese.yml,CHL_add_infra_2,インフラ至上主義
english,replace/bakasekai/chile_l_japanese.yml,CHL_add_infra_2_desc,もっと!もっとだ!この程度のインフラではまだ足りぬ!!
english,replace/bakasekai/chile_l_japanese.yml,CHL_add_minju_0,民需工場の建造
english,replace/bakasekai/chile_l_japanese.yml,CHL_add_minju_0_desc,我が国には工場を建てるための設備が不足している。民需工場建設に予算を投入しよう。
english,replace/bakasekai/chile_l_japanese.yml,CHL_add_minju_1,民需工場への注力
english,replace/bakasekai/chile_l_japanese.yml,CHL_add_minju_1_desc,民需工場の増加により建設速度は改善されたが、まだ足りない。更に民需工場に予算を投入しよう。
english,replace/bakasekai/chile_l_japanese.yml,CHL_add_minju_2,民需工場至上主義
english,replace/bakasekai/chile_l_japanese.yml,CHL_add_minju_2_desc,見よ、圧倒的ではないか、我らの建設速度は!
english,replace/bakasekai/chile_l_japanese.yml,CHL_additional_factory_space_0,工場用地の開拓
english,replace/bakasekai/chile_l_japanese.yml,CHL_additional_factory_space_0_desc,更に山を切り開き、より多くの工場用地を確保するのに予算を投入しよう。
english,replace/bakasekai/chile_l_japanese.yml,CHL_additional_factory_space_1,開拓への注力
english,replace/bakasekai/chile_l_japanese.yml,CHL_additional_factory_space_1_desc,山を切り開くだけでは足らない、地下に工場を建設できるようにするのに予算を投入しよう。
english,replace/bakasekai/chile_l_japanese.yml,CHL_additional_factory_space_2,開拓至上主義
english,replace/bakasekai/chile_l_japanese.yml,CHL_additional_factory_space_2_desc,M  i  n  e  c  r  a  f  t  式  地  下  工  場
english,replace/bakasekai/chile_l_japanese.yml,CHL_additional_research_slot,追加の研究枠
english,replace/bakasekai/chile_l_japanese.yml,CHL_additional_research_slot_desc,我々は研究に充分投資した結果、研究力において大国に並べる程になった。
english,replace/bakasekai/chile_l_japanese.yml,CHL_adopt_longer_country,縦長主義の採用
english,replace/bakasekai/chile_l_japanese.yml,CHL_adopt_longer_country_desc,チリをもっと縦長にしようぜ!
english,replace/bakasekai/chile_l_japanese.yml,CHL_adopt_to_god,神を崇めよ
english,replace/bakasekai/chile_l_japanese.yml,CHL_adopt_to_god_desc,我々は全てを神に捧げ、神の意思により国を運営するのだ
english,replace/bakasekai/chile_l_japanese.yml,CHL_advise_of_pioneer,先駆者による指導
english,replace/bakasekai/chile_l_japanese.yml,CHL_advise_of_pioneer_desc,先駆者達から軍の運用方法を学ぼう。きっと役に立つ。
english,replace/bakasekai/chile_l_japanese.yml,CHL_aim_all_coast,海岸主義の台頭
english,replace/bakasekai/chile_l_japanese.yml,CHL_aim_all_coast_desc,かつては格上であったインカ帝国に対して軍事的勝利を収めた事により、国内では北に伸びるだけで無く地球上の全ての海岸の獲得を主張する海岸主義者が更なる支持を得て台頭し始めた。
english,replace/bakasekai/chile_l_japanese.yml,CHL_air_company,航空研究所の設立
english,replace/bakasekai/chile_l_japanese.yml,CHL_air_company_desc,航空技術を研究する研究所を設立する。
english,replace/bakasekai/chile_l_japanese.yml,CHL_air_focus_to_doctrine,空軍戦略への注力
english,replace/bakasekai/chile_l_japanese.yml,CHL_air_focus_to_doctrine_desc,機体性能を追求するよりも、戦略を研究した方が即効性が高く有用である。
english,replace/bakasekai/chile_l_japanese.yml,CHL_air_focus_to_equipment,空軍装備への注力
english,replace/bakasekai/chile_l_japanese.yml,CHL_air_focus_to_equipment_desc,戦略の差など機体性能で圧倒すれば問題無い。
english,replace/bakasekai/chile_l_japanese.yml,CHL_air_strategy_bomb,戦略爆撃
english,replace/bakasekai/chile_l_japanese.yml,CHL_air_strategy_bomb_desc,空軍の最も重要な役割は、爆撃による敵拠点の破壊である。
english,replace/bakasekai/chile_l_japanese.yml,CHL_air_support_land,地上支援
english,replace/bakasekai/chile_l_japanese.yml,CHL_air_support_land_desc,空軍の最も重要な役割は、陸軍の直接的な支援である。
english,replace/bakasekai/chile_l_japanese.yml,CHL_alli_with_pioneer,先駆者の介入
english,replace/bakasekai/chile_l_japanese.yml,CHL_alli_with_pioneer_desc,異  世  界  召  喚\n(合意)
english,replace/bakasekai/chile_l_japanese.yml,CHL_anti_chl_faction,反チリ南米連合
english,replace/bakasekai/chile_l_japanese.yml,CHL_armor_is_not_only_power,機甲師団は火力だけじゃない
english,replace/bakasekai/chile_l_japanese.yml,CHL_armor_is_not_only_power_desc,機甲師団の特徴はその装甲による防御力と移動速度にある。それらを重点的に強化すべきだ。
english,replace/bakasekai/chile_l_japanese.yml,CHL_armored_power,装甲火力
english,replace/bakasekai/chile_l_japanese.yml,CHL_armored_power_desc,装甲による防御・エンジンによる機動力・積載量から成る火力は総合すれば圧倒的火力を発揮する。
english,replace/bakasekai/chile_l_japanese.yml,CHL_artillery_manufacture,火力 is Power
english,replace/bakasekai/chile_l_japanese.yml,CHL_artillery_power,野砲火力
english,replace/bakasekai/chile_l_japanese.yml,CHL_artillery_power_desc,人を殺すなら砲で十分な火力がある。高火力の火砲を多数並べれば十分な火力が得られるであろう。
english,replace/bakasekai/chile_l_japanese.yml,CHL_asia,アジアへの進出
english,replace/bakasekai/chile_l_japanese.yml,CHL_asia_desc,アジアを征服し、太平洋を我らが物にしよう。
english,replace/bakasekai/chile_l_japanese.yml,CHL_believe_artillery,火砲を信じろ
english,replace/bakasekai/chile_l_japanese.yml,CHL_believe_artillery_desc,火砲に注力する事、それが最も軍事力をコスパ良く充分に上げる方法である。
english,replace/bakasekai/chile_l_japanese.yml,CHL_build_research_base,研究拠点の建造
english,replace/bakasekai/chile_l_japanese.yml,CHL_build_research_base_desc,我々には研究基盤がほとんど無い。国家主導で研究拠点を建設し、研究を促進すべきだ。
english,replace/bakasekai/chile_l_japanese.yml,CHL_buy_inka,インカ帝国との交渉成立
english,replace/bakasekai/chile_l_japanese.yml,CHL_buy_inka_desc,インカ帝国は我々の急速に発展した工業力を見て、領土の対価に工業化の支援を要求してきた。交渉の結果、我々はインカ帝国への投資と引き換えに領土を得た。
english,replace/bakasekai/chile_l_japanese.yml,CHL_capital_naval_base,首都海軍基地
english,replace/bakasekai/chile_l_japanese.yml,CHL_capital_naval_base_desc,海軍を増強するからにはそれらを駐留させる設備が必要だ。
english,replace/bakasekai/chile_l_japanese.yml,CHL_coast_emperor_naval,海岸帝国海軍
english,replace/bakasekai/chile_l_japanese.yml,CHL_coast_emperor_naval_desc,我らが海岸帝国は、他国の技術を取り込みながらも海岸国としての誇りを持って海軍を拡張する。
english,replace/bakasekai/chile_l_japanese.yml,CHL_coast_emperor_naval_kai,海岸帝国海軍
english,replace/bakasekai/chile_l_japanese.yml,CHL_coast_emperor_naval_kai_desc,我ら海岸帝国が、唯一の海軍保持国になる日は近い。
english,replace/bakasekai/chile_l_japanese.yml,CHL_communism_party,領域党
english,replace/bakasekai/chile_l_japanese.yml,CHL_communism_party_long,共産的領域主義党
english,replace/bakasekai/chile_l_japanese.yml,CHL_construction_invest,大規模な建設企業の設立
english,replace/bakasekai/chile_l_japanese.yml,CHL_construction_invest_desc,国主導で大規模な建設会社を作り、そこに投資する事で国の建造能力を高める。
english,replace/bakasekai/chile_l_japanese.yml,CHL_coop_with_naval,海軍との連携
english,replace/bakasekai/chile_l_japanese.yml,CHL_coop_with_naval_desc,空軍は海軍とも連携し、彼らを支援するべきである。
english,replace/bakasekai/chile_l_japanese.yml,CHL_democratic_party,自由党
english,replace/bakasekai/chile_l_japanese.yml,CHL_empire_naval,海岸帝国海軍
english,replace/bakasekai/chile_l_japanese.yml,CHL_empire_naval_desc,海岸帝国、その名に恥じぬ海軍を構築する。
english,replace/bakasekai/chile_l_japanese.yml,CHL_enemy_is_not_only_infantry,敵は人間だけじゃない
english,replace/bakasekai/chile_l_japanese.yml,CHL_enemy_is_not_only_infantry_desc,敵は人間だけではなく、戦車や航空機もある。それらに対処できる砲を研究しよう。
english,replace/bakasekai/chile_l_japanese.yml,CHL_enough_research_power,充分な研究力
english,replace/bakasekai/chile_l_japanese.yml,CHL_fascism_party,海岸党
english,replace/bakasekai/chile_l_japanese.yml,CHL_fascism_party_long,国家海岸主義党
english,replace/bakasekai/chile_l_japanese.yml,CHL_fate_of_south_america,南アメリカ国の運命
english,replace/bakasekai/chile_l_japanese.yml,CHL_fate_of_south_america_desc,我々の目的の次の障害は南アメリカ国である。奴らに最後通牒を突きつけよう。
english,replace/bakasekai/chile_l_japanese.yml,CHL_focus_to_gunju,軍需工場至上主義
english,replace/bakasekai/chile_l_japanese.yml,CHL_focus_to_gunju_desc,我々は軍需工場の建設を集中的に行う事を選択した
english,replace/bakasekai/chile_l_japanese.yml,CHL_focus_to_infra,インフラ至上主義
english,replace/bakasekai/chile_l_japanese.yml,CHL_focus_to_infra_desc,我々はインフラの建設を集中的に行う事を選択した
english,replace/bakasekai/chile_l_japanese.yml,CHL_focus_to_minju,民需工場至上主義
english,replace/bakasekai/chile_l_japanese.yml,CHL_focus_to_minju_desc,我々は民需工場の建設を集中的に行う事を選択した
english,replace/bakasekai/chile_l_japanese.yml,CHL_focus_to_space,開拓至上主義
english,replace/bakasekai/chile_l_japanese.yml,CHL_focus_to_space_desc,我々は工場用地の開拓を集中的に行う事を選択した。
english,replace/bakasekai/chile_l_japanese.yml,CHL_fraction_name_long,奇形国連合
english,replace/bakasekai/chile_l_japanese.yml,CHL_get_all_coast,我らが海岸
english,replace/bakasekai/chile_l_japanese.yml,CHL_get_all_coast_desc,全ての海岸は我が国であり、我が国そのものが海岸なのである。
english,replace/bakasekai/chile_l_japanese.yml,CHL_get_all_south_america,南米の全沿岸州の獲得
english,replace/bakasekai/chile_l_japanese.yml,CHL_get_all_south_america_desc,時は満ちた!手始めに南米の全ての海岸を獲得しよう!
english,replace/bakasekai/chile_l_japanese.yml,CHL_get_coast,海岸主義
english,replace/bakasekai/chile_l_japanese.yml,CHL_get_coast_desc,我々の国土はほとんどが海岸であった。ならば、更なる海岸を我々は獲得すべきでは無いだろうか？
english,replace/bakasekai/chile_l_japanese.yml,CHL_get_inka,インカ帝国の屈服
english,replace/bakasekai/chile_l_japanese.yml,CHL_get_inka_desc,領土交渉の際、インカ帝国は我々の工業力と軍事力に圧倒され、自ら従属を選択した。
english,replace/bakasekai/chile_l_japanese.yml,CHL_go_africa,アフリカへの進出
english,replace/bakasekai/chile_l_japanese.yml,CHL_go_africa_desc,次は東、アフリカへ進出し旧大陸への橋頭堡を得るべきだ。
english,replace/bakasekai/chile_l_japanese.yml,CHL_go_mid_east,中東への遠征
english,replace/bakasekai/chile_l_japanese.yml,CHL_go_mid_east_desc,将来的に紛争が起きそうだから先に潰してしまおう
english,replace/bakasekai/chile_l_japanese.yml,CHL_go_north,縦長主義
english,replace/bakasekai/chile_l_japanese.yml,CHL_go_north_america,北米の征服
english,replace/bakasekai/chile_l_japanese.yml,CHL_go_north_america_desc,我々の海軍は未だ未熟である。陸続きであり、内戦で消耗している北米を征服すべきだ。
english,replace/bakasekai/chile_l_japanese.yml,CHL_go_north_desc,チリはもっと縦長であるべきだ!地球を2分する程に! しかしながら、国内には海岸主義者も多く、現在は北進という点で協調しているもののいずれ決着を付けなければならないだろう、
english,replace/bakasekai/chile_l_japanese.yml,CHL_great_construction,国立ゼネコン
english,replace/bakasekai/chile_l_japanese.yml,CHL_great_resource,資源開発への投資
english,replace/bakasekai/chile_l_japanese.yml,CHL_heathenism,領域主義
english,replace/bakasekai/chile_l_japanese.yml,CHL_heathenism_desc,縦長な国など不便だ!我々はより美しい国の形を目指す!
english,replace/bakasekai/chile_l_japanese.yml,CHL_high_quality_tank,高級戦車
english,replace/bakasekai/chile_l_japanese.yml,CHL_high_quality_tank_desc,機甲師団は元々コストが高く少数精鋭である。ならば、多少コストが高くなろうとも更なる高性能を目指そう。
english,replace/bakasekai/chile_l_japanese.yml,CHL_idea_designer_EmperorNaval,帝国海軍造船所
english,replace/bakasekai/chile_l_japanese.yml,CHL_idea_pioneer_god,?????
english,replace/bakasekai/chile_l_japanese.yml,CHL_idea_pioneer_marisa,?????
english,replace/bakasekai/chile_l_japanese.yml,CHL_idea_pioneer_reimu,?????
english,replace/bakasekai/chile_l_japanese.yml,CHL_industrial_company,産業研究所の設立
english,replace/bakasekai/chile_l_japanese.yml,CHL_industrial_company_desc,産業技術を研究する研究所を設立する。
english,replace/bakasekai/chile_l_japanese.yml,CHL_industrial_construction,建設への注力
english,replace/bakasekai/chile_l_japanese.yml,CHL_industrial_construction_desc,我々は重点的に建設について研究を行う。
english,replace/bakasekai/chile_l_japanese.yml,CHL_industrial_production,生産への注力
english,replace/bakasekai/chile_l_japanese.yml,CHL_industrial_production_desc,我々は重点的に生産力について研究を行う。
english,replace/bakasekai/chile_l_japanese.yml,CHL_internal_true_power,NF: $CHL_true_power$
english,replace/bakasekai/chile_l_japanese.yml,CHL_invest_to_naval,海軍への投資
english,replace/bakasekai/chile_l_japanese.yml,CHL_invest_to_naval_desc,海岸国家なのに造船所が無いなどふざけているのか!？ 今すぐ造船所を建てろ!
english,replace/bakasekai/chile_l_japanese.yml,CHL_last_naval,世界唯一の海軍になるために
english,replace/bakasekai/chile_l_japanese.yml,CHL_last_naval_desc,我々の目標は全沿岸の所持、即ち海軍は我々だけが持つ事のできる物となるであろう。
english,replace/bakasekai/chile_l_japanese.yml,CHL_mass_army,大規模な軍勢
english,replace/bakasekai/chile_l_japanese.yml,CHL_mass_army_desc,軍の増強には装備の増産が必要だ。歩兵用の装備の低コスト化と軍隊の補給の軽量化を研究しよう。
english,replace/bakasekai/chile_l_japanese.yml,CHL_mass_mass_mass,物量!物量!物量!
english,replace/bakasekai/chile_l_japanese.yml,CHL_mass_mass_mass_desc,動員せよ突撃せよ動員せよ突撃せよ動員せよ突撃せよ動員せよ突撃せよ動員せよ突撃せよ動員せよ突撃せよ動員せよ突撃せよ動員せよ突撃せよ動員せよ突撃せよ動員せよ突撃せよ動員せよ突撃せよ動員せよ突撃せよ動員せよ突撃せよ動員せよ突撃せよ動員せよ突撃せよ動員せよ突撃せよ動員せよ突撃せよ動員せよ突撃せよ動員せよ突撃せよ動員せよ突撃せよ動員せよ突撃せよ動員せよ突撃せよ動員せよ突撃せよ
english,replace/bakasekai/chile_l_japanese.yml,CHL_mass_production_manufacture,物量 is Power
english,replace/bakasekai/chile_l_japanese.yml,CHL_mass_recruit,大量動員
english,replace/bakasekai/chile_l_japanese.yml,CHL_mass_recruit_desc,敵に数で勝るには、敵より多く徴兵しなければならない。
english,replace/bakasekai/chile_l_japanese.yml,CHL_mining_invest,資源採掘への投資
english,replace/bakasekai/chile_l_japanese.yml,CHL_mining_invest_desc,資源が不足していれば何を作る事もできない。資源の採掘に投資しよう。
english,replace/bakasekai/chile_l_japanese.yml,CHL_naval_air,艦載航空機の研究
english,replace/bakasekai/chile_l_japanese.yml,CHL_naval_air_desc,今後の海戦においては空軍が重要だ。
english,replace/bakasekai/chile_l_japanese.yml,CHL_naval_company,艦船研究所の設立
english,replace/bakasekai/chile_l_japanese.yml,CHL_naval_company_desc,艦船技術を研究する研究所を設立する。
english,replace/bakasekai/chile_l_japanese.yml,CHL_naval_doctrine,海軍戦略の研究
english,replace/bakasekai/chile_l_japanese.yml,CHL_naval_doctrine_desc,軍艦への技術革新は難しく、製造コストは高い。戦略を研究しよう。
english,replace/bakasekai/chile_l_japanese.yml,CHL_naval_equip,海軍装備の研究
english,replace/bakasekai/chile_l_japanese.yml,CHL_naval_equip_desc,先端的な艦船装備を研究し、敵を性能差で押し潰せ
english,replace/bakasekai/chile_l_japanese.yml,CHL_naval_superior_mass_0,海軍の物量的優越
english,replace/bakasekai/chile_l_japanese.yml,CHL_naval_superior_mass_0_desc,我々は海軍において、物量に注力する事を選択した。
english,replace/bakasekai/chile_l_japanese.yml,CHL_naval_superior_mass_1,海軍の物量的優越
english,replace/bakasekai/chile_l_japanese.yml,CHL_naval_superior_mass_1_desc,我々は海軍において、物量に注力する事を選択した。
english,replace/bakasekai/chile_l_japanese.yml,CHL_naval_superior_tech_0,海軍の技術的優越
english,replace/bakasekai/chile_l_japanese.yml,CHL_naval_superior_tech_0_desc,我々は海軍において、技術に注力する事を選択した。
english,replace/bakasekai/chile_l_japanese.yml,CHL_naval_superior_tech_1,海軍の技術的優越
english,replace/bakasekai/chile_l_japanese.yml,CHL_naval_superior_tech_1_desc,我々は海軍において、技術に注力する事を選択した。
english,replace/bakasekai/chile_l_japanese.yml,CHL_neutrality_party,縦長党
english,replace/bakasekai/chile_l_japanese.yml,CHL_neutrality_party_long,縦長型長国境主義党
english,replace/bakasekai/chile_l_japanese.yml,CHL_politic_discuss_before,政治討論前夜
english,replace/bakasekai/chile_l_japanese.yml,CHL_politic_discuss_before_desc,我々は今、チリがどのような形状になるべきかについて水面下で争っている。
english,replace/bakasekai/chile_l_japanese.yml,CHL_politic_discussing,政治討論中
english,replace/bakasekai/chile_l_japanese.yml,CHL_politic_discussing_desc,国中で理想のチリの形論争が行われている。
english,replace/bakasekai/chile_l_japanese.yml,CHL_produce_cheap_tank,量産型戦車
english,replace/bakasekai/chile_l_japanese.yml,CHL_produce_cheap_tank_desc,機甲師団の性能は過剰である。多少性能を落としてでもコスト削減を行い、多数の機甲師団で押し潰すのだ。
english,replace/bakasekai/chile_l_japanese.yml,CHL_production_invest,生産性の追求
english,replace/bakasekai/chile_l_japanese.yml,CHL_production_invest_desc,徹底的に無駄を無くし、工場の効率を上げ、生産力を強化するのだ。
english,replace/bakasekai/chile_l_japanese.yml,CHL_revenge_europe,ヨーロッパへの復讐
english,replace/bakasekai/chile_l_japanese.yml,CHL_revenge_europe_desc,400年前に我らの先祖に侵攻し、植民地化を行ったヨーロッパの白人どもに復讐を行う。
english,replace/bakasekai/chile_l_japanese.yml,CHL_see_bomb,海を爆撃せよ
english,replace/bakasekai/chile_l_japanese.yml,CHL_see_bomb_desc,敵の海軍も爆撃してやれば全てが解決する。
english,replace/bakasekai/chile_l_japanese.yml,CHL_start_discuss,政治討論の開始
english,replace/bakasekai/chile_l_japanese.yml,CHL_start_discuss_desc,我が国がどのような形になるのが最適か決めようではないか!
english,replace/bakasekai/chile_l_japanese.yml,CHL_start_pioneer,開拓の開始
english,replace/bakasekai/chile_l_japanese.yml,CHL_start_pioneer_desc,まず山を切り開き、工場を建てる場所を確保しよう。
english,replace/bakasekai/chile_l_japanese.yml,CHL_strongest_naval,世界最強の海軍へ
english,replace/bakasekai/chile_l_japanese.yml,CHL_strongest_naval_desc,海岸帝国を名乗るからには、世界で最強の海軍を持っているべきだ。
english,replace/bakasekai/chile_l_japanese.yml,CHL_summon_pioneer,先駆者に助言を求める
english,replace/bakasekai/chile_l_japanese.yml,CHL_summon_pioneer_desc,とある別世界では我々の目標に類似した事を成し遂げた人物が居るらしい。彼らに助言を求めよう。
english,replace/bakasekai/chile_l_japanese.yml,CHL_superior_mass,物量による優位
english,replace/bakasekai/chile_l_japanese.yml,CHL_superior_mass_0,物量的優越
english,replace/bakasekai/chile_l_japanese.yml,CHL_superior_mass_0_desc,我が国の研究力程度で他国を上回る事はできぬ!物量で上回れ!
english,replace/bakasekai/chile_l_japanese.yml,CHL_superior_mass_1,海軍製造への更なる投資
english,replace/bakasekai/chile_l_japanese.yml,CHL_superior_mass_1_desc,まだまだ我が国の造船能力は他国に劣っている、更なる増産を!
english,replace/bakasekai/chile_l_japanese.yml,CHL_superior_mass_desc,物量こそ正義
english,replace/bakasekai/chile_l_japanese.yml,CHL_superior_power,火力による優位
english,replace/bakasekai/chile_l_japanese.yml,CHL_superior_power_desc,火力こそ正義
english,replace/bakasekai/chile_l_japanese.yml,CHL_superior_tech_0,技術的優越
english,replace/bakasekai/chile_l_japanese.yml,CHL_superior_tech_0_desc,我が国が今から海軍を作っても間に合わぬ、研究に注力する事で単体性能を上げて対抗するのだ!
english,replace/bakasekai/chile_l_japanese.yml,CHL_superior_tech_1,海軍研究への更なる投資
english,replace/bakasekai/chile_l_japanese.yml,CHL_superior_tech_1_desc,まだまだ我が国の海軍研究は他国に劣っている、更なる研究を!
english,replace/bakasekai/chile_l_japanese.yml,CHL_take_kyonu,きょぬー主義
english,replace/bakasekai/chile_l_japanese.yml,CHL_take_kyonu_desc,豊かさと包容力こそが国家繁栄の鍵だ。我々はきょぬーを称え、その理念を広める。
english,replace/bakasekai/chile_l_japanese.yml,CHL_the_coast,海岸の支配者
english,replace/bakasekai/chile_l_japanese.yml,CHL_too_late_industrial_0,遅すぎた工業化
english,replace/bakasekai/chile_l_japanese.yml,CHL_too_late_industrial_0_desc,我々の工業化は遅すぎた。僅かな工場しか持たず、新たな工場を建てる事もままならない。遅れを取り戻すためにも早急に開拓と工業化を進めるべきだ。
english,replace/bakasekai/chile_l_japanese.yml,CHL_too_late_industrial_1,遅すぎた工業化
english,replace/bakasekai/chile_l_japanese.yml,CHL_too_late_industrial_1_desc,我々の工業化は遅すぎた。開拓により僅かに土地は手に入った。遅れを取り戻すためにも早急に工業化を進めるべきだ。
english,replace/bakasekai/chile_l_japanese.yml,CHL_too_late_industrial_2,遅すぎた工業化
english,replace/bakasekai/chile_l_japanese.yml,CHL_too_late_industrial_2_desc,我々の工業化は遅すぎた。開拓により僅かに土地は手に入った。遅れを取り戻すためにも早急に工業化を進めるべきだ。
english,replace/bakasekai/chile_l_japanese.yml,CHL_too_late_industrial_3,遅すぎた工業化
english,replace/bakasekai/chile_l_japanese.yml,CHL_too_late_industrial_3_desc,我々の工業化は遅すぎた。開拓により僅かに土地は手に入った。遅れを取り戻すためにも早急に工業化を進めるべきだ。
english,replace/bakasekai/chile_l_japanese.yml,CHL_too_late_industrial_4,遅すぎた工業化
english,replace/bakasekai/chile_l_japanese.yml,CHL_too_late_industrial_4_desc,我々の工業化は遅すぎた。開拓により僅かに土地は手に入った。遅れを取り戻すためにも早急に工業化を進めるべきだ。
english,replace/bakasekai/chile_l_japanese.yml,CHL_too_late_industrial_5,遅すぎた工業化
english,replace/bakasekai/chile_l_japanese.yml,CHL_too_late_industrial_5_desc,我々の工業化は遅すぎた。開拓により僅かに土地は手に入った。遅れを取り戻すためにも早急に工業化を進めるべきだ。
english,replace/bakasekai/chile_l_japanese.yml,CHL_too_late_industrial_6,研究基盤の欠如
english,replace/bakasekai/chile_l_japanese.yml,CHL_too_late_industrial_6_desc,国家として全力で工業化を推し進める事により、工業化の遅れはある程度取り戻すことが出来た。しかしながら、それらは全て輸入で賄われたために研究力は低いままである。
english,replace/bakasekai/chile_l_japanese.yml,CHL_tooltip_add_useful_division_template,§Y汎用的な陸軍師団編成が複数追加される§!
english,replace/bakasekai/chile_l_japanese.yml,CHL_tooltip_trigger_get_all_north_america,北米の全ての海岸州を領有する。\n §Y注: グリーンランドはシステム的には北米の沿岸州だよ!§!
english,replace/bakasekai/chile_l_japanese.yml,CHL_tooltip_trigger_get_all_south_america,南米大陸の全ての海岸州を領有する
english,replace/bakasekai/chile_l_japanese.yml,CHL_tooltip_true_power_reward,41年型の§Y軽自走砲§!と§Y中自走砲§!と§Y重自走砲§!の研究が§G性能バフ付き§!で完了する
english,replace/bakasekai/chile_l_japanese.yml,CHL_tooltip_war_south_america,§R我々は全ての南米国家と戦争になるであろう!§!
english,replace/bakasekai/chile_l_japanese.yml,CHL_tooltip_warning_puppet_america,§G北米の国家との講話は全併合を推奨§!
english,replace/bakasekai/chile_l_japanese.yml,CHL_trait_artillery_manufacture,火力重視の野戦砲の設計社
english,replace/bakasekai/chile_l_japanese.yml,CHL_trait_god,先駆者: うｐ主
english,replace/bakasekai/chile_l_japanese.yml,CHL_trait_magician,先駆者: 魔法使い
english,replace/bakasekai/chile_l_japanese.yml,CHL_trait_mass_production_manufacture,量産性重視の歩兵装備の設計社
english,replace/bakasekai/chile_l_japanese.yml,CHL_trait_miko,先駆者: 巫女
english,replace/bakasekai/chile_l_japanese.yml,CHL_trait_national_construction_center,建設技術研究機構
english,replace/bakasekai/chile_l_japanese.yml,CHL_trait_national_production_center,生産性研究所
english,replace/bakasekai/chile_l_japanese.yml,CHL_treat_with_inka,インカ帝国との領土交渉
english,replace/bakasekai/chile_l_japanese.yml,CHL_treat_with_inka_desc,我が国の直上にあるインカ帝国と、海岸部分の領土を譲渡してもらえないか交渉しよう。§G交渉の結果は我が国の工業力と軍事力に依存する!§!
english,replace/bakasekai/chile_l_japanese.yml,CHL_treat_with_south_america,南アメリカ国との交渉
english,replace/bakasekai/chile_l_japanese.yml,CHL_treat_with_south_america_desc,未だ我々の国力では南アメリカ国と正面から争うのは厳しく、被害も大きくなるであろう。であれば、インカ帝国の様に外交的な交渉を行おうでは無いか。
english,replace/bakasekai/chile_l_japanese.yml,CHL_true_power,真の火力
english,replace/bakasekai/chile_l_japanese.yml,CHL_true_power_desc,我が国の威信をかけ、全力を投入した真の火力。
english,replace/bakasekai/chile_l_japanese.yml,CHL_war_company,軍需研究所の設立
english,replace/bakasekai/chile_l_japanese.yml,CHL_war_company_desc,軍事技術を研究する研究所を設立する。
english,replace/bakasekai/chile_l_japanese.yml,CHL_winner_of_south_america,南米の覇者
english,replace/bakasekai/chile_l_japanese.yml,CHL_winner_of_south_america_desc,我々は南米大陸を統一した。
english,replace/bakasekai/chile_l_japanese.yml,CHL_won_africa,アフリカでの勝利
english,replace/bakasekai/chile_l_japanese.yml,CHL_won_africa_desc,我々は人類発祥の地を手中に収めた。
english,replace/bakasekai/chile_l_japanese.yml,CHL_won_asia,アジアでの勝利
english,replace/bakasekai/chile_l_japanese.yml,CHL_won_asia_desc,我々はアジアの豊富な資源を手中に収めた。
english,replace/bakasekai/chile_l_japanese.yml,CHL_won_europe,ヨーロッパでの勝利
english,replace/bakasekai/chile_l_japanese.yml,CHL_won_europe_desc,我々はヨーロッパへの復讐を果たした。
english,replace/bakasekai/chile_l_japanese.yml,CHL_won_in_south_america,南米大陸での勝利
english,replace/bakasekai/chile_l_japanese.yml,CHL_won_in_south_america_desc,我々は南米大陸の他国全てに勝利し、南米大陸の全海岸を手中に収めた。
english,replace/bakasekai/chile_l_japanese.yml,CHL_won_inka,インカ帝国への勝利
english,replace/bakasekai/chile_l_japanese.yml,CHL_won_inka_desc,インカ帝国は我々との交渉を拒否したため、領土獲得のための戦争が行われた。そして、我々は勝利した。
english,replace/bakasekai/chile_l_japanese.yml,CHL_won_mid_east,中東での勝利
english,replace/bakasekai/chile_l_japanese.yml,CHL_won_mid_east_desc,我々は中東全域を手中に収めた。
english,replace/bakasekai/chile_l_japanese.yml,CHL_won_north_america,北米での勝利
english,replace/bakasekai/chile_l_japanese.yml,CHL_won_north_america_desc,我々はアメリカ大陸全域を手中に収めた。
english,replace/bakasekai/chile_l_japanese.yml,autonomy_diocese,教区
english,replace/bakasekai/chile_l_japanese.yml,boarderisum,長国境主義
english,replace/bakasekai/chile_l_japanese.yml,boarderisum_desc,長国境主義は、国土が長く面積に比して国境線が長いチリにおける、更に国境線を長くし世界に広く存在を知らしめようとする思想である。
english,replace/bakasekai/chile_l_japanese.yml,cat_strategic_destruction,戦略的破壊ドクトリン
english,replace/bakasekai/chile_l_japanese.yml,chile.1.a,屈服する
english,replace/bakasekai/chile_l_japanese.yml,chile.1.b,拒絶する
english,replace/bakasekai/chile_l_japanese.yml,chile.1.c,対価を要求する
english,replace/bakasekai/chile_l_japanese.yml,chile.1.d,チリはより細長い国になるという領土的野心を国家方針に据えている。手始めに直上にある我が国に領土の譲渡に関する交渉を持ちかけてきた。拒否すれば戦争になる事は容易に想像できる。しかし、相手は近年急速に工業力を伸ばしてきており、戦って勝てるという保証は無い。平和的解決策も検討しようではないか。
english,replace/bakasekai/chile_l_japanese.yml,chile.1.t,チリによる領土交渉
english,replace/bakasekai/chile_l_japanese.yml,chile.2.a,素晴らしい
english,replace/bakasekai/chile_l_japanese.yml,chile.2.d,インカ帝国は我々の要求を受け入れた。インカ帝国の国力の殆どは沿岸部にあったため、彼らは我々の庇護を求めてきた。つまり、実質的に我々は無料でインカ帝国の全てを手に入れたのだ!
english,replace/bakasekai/chile_l_japanese.yml,chile.2.t,インカ帝国が屈服
english,replace/bakasekai/chile_l_japanese.yml,chile.3.a,よろしい、ならば戦争だ!
english,replace/bakasekai/chile_l_japanese.yml,chile.3.d,インカ帝国は愚かにも我々の要求を拒絶してきた。奴らは身の程を知らないらしい。
english,replace/bakasekai/chile_l_japanese.yml,chile.3.t,インカ帝国が要求を拒絶
english,replace/bakasekai/chile_l_japanese.yml,chile.4.a,金で済むならいくらでも出してやる
english,replace/bakasekai/chile_l_japanese.yml,chile.4.d,インカ帝国は我々との戦争は望んでいないようだが、国力の殆どが沿岸部に存在する以上、無料で領土を渡すわけにはいかないと交渉を持ちかけてきた。彼らは最近急速に発展してきた我々の工業力に目を付けており、その工業力を以て彼らに対価を支払うように言ってきた。また、内陸部の開拓が済むまでの間、彼らを他国の侵略から保護する事も条件として付け加えてきた。
english,replace/bakasekai/chile_l_japanese.yml,chile.4.t,インカ帝国が交渉を要求
english,replace/bakasekai/chile_l_japanese.yml,chile.5.a,団結せよ!
english,replace/bakasekai/chile_l_japanese.yml,chile.5.b,弱小国家の馴れ合いなど必要ない!
english,replace/bakasekai/chile_l_japanese.yml,chile.5.d,チリは、海岸帝国を名乗り全世界の海岸を侵略する事を目指している。奴らは手始めに国力の近い我々南米の国を狙っている。チリの脅威に対して団結して対抗しなければならない。
english,replace/bakasekai/chile_l_japanese.yml,chile.5.t,海岸帝国による侵略の危機
english,replace/bakasekai/chile_l_japanese.yml,coastisim,海岸主義
english,replace/bakasekai/chile_l_japanese.yml,coastisim_desc,海岸主義は、国土の大半が海岸であるチリにおける、更に海岸を獲得すべきとする積極的拡大主義の一種である。
english,replace/bakasekai/chile_l_japanese.yml,construction_tech_research,建設技術研究速度
english,replace/bakasekai/chile_l_japanese.yml,excavation_tech_research,掘削技術研究速度
english,replace/bakasekai/chile_l_japanese.yml,territorism,領域主義
english,replace/bakasekai/chile_l_japanese.yml,territorism_desc,領域主義は、国土の縦横比が偏っているチリにおける、国土を横に伸ばせば面積が大きくなりロシアの様な強国になれるとする思想である。
english,replace/bakasekai/chile_l_japanese.yml,the_coast_fascism,陸淵大帝国
english,replace/bakasekai/chile_l_japanese.yml,the_coast_fascism_ADJ,陸淵大帝国
english,replace/bakasekai/chile_l_japanese.yml,the_coast_fascism_DEF,陸淵大帝国
english,replace/bakasekai/chn_civilwar_l_japanese.yml,CHN_civil_war.1.2.a,なにっ!？
english,replace/bakasekai/chn_civilwar_l_japanese.yml,CHN_civil_war.1.a,これは孔明の罠だ!
english,replace/bakasekai/chn_civilwar_l_japanese.yml,CHN_civil_war.1.d,日本に宣戦布告し、国情が不安定になった瞬間国内の僭称者どもが反旗を翻した
english,replace/bakasekai/chn_civilwar_l_japanese.yml,CHN_civil_war.1.t,'三''國''志'が独立!
english,replace/bakasekai/chn_civilwar_l_japanese.yml,CHN_civil_war.2.2.a,ま、待て早まるな。
english,replace/bakasekai/chn_civilwar_l_japanese.yml,CHN_civil_war.2.a,適当にやってればよろしい。
english,replace/bakasekai/chn_civilwar_l_japanese.yml,CHN_civil_war.2.d,急な独立は反発を招く!
english,replace/bakasekai/chn_civilwar_l_japanese.yml,CHN_civil_war.2.t,国内の不満が爆発!
english,replace/bakasekai/chn_civilwar_l_japanese.yml,CHN_civil_war.3.a,そんなもの嘘でござろう。
english,replace/bakasekai/chn_civilwar_l_japanese.yml,CHN_civil_war.3.d,国情が不安定であるゆえ致し方あるまいよ。
english,replace/bakasekai/chn_civilwar_l_japanese.yml,CHN_civil_war.3.t,馬が独立を表明!
english,replace/bakasekai/chn_civilwar_l_japanese.yml,CHN_civil_war.4.a,しまったはかられたか
english,replace/bakasekai/chn_civilwar_l_japanese.yml,CHN_civil_war.4.d,国情が不安定であるゆえ致し方あるまいよ。
english,replace/bakasekai/chn_civilwar_l_japanese.yml,CHN_civil_war.4.t,漢が我が国の領有を主張!
english,replace/bakasekai/chn_civilwar_l_japanese.yml,CHN_civil_war.5,蜀漢が復活!
english,replace/bakasekai/chn_civilwar_l_japanese.yml,CHN_civil_war.5.a,むむむ
english,replace/bakasekai/chn_civilwar_l_japanese.yml,CHN_civil_war.5.d,蜀漢が山の奥底から復活してしまった・・・
english,replace/bakasekai/chn_civilwar_l_japanese.yml,CHN_civil_war.5.t,蜀漢が復活!
english,replace/bakasekai/chn_civilwar_l_japanese.yml,CHN_civil_war.6.a,むむむ
english,replace/bakasekai/chn_civilwar_l_japanese.yml,CHN_civil_war.6.d,呉が我々から独立してしまった!!
english,replace/bakasekai/chn_civilwar_l_japanese.yml,CHN_civil_war.6.t,呉が復活!
english,replace/bakasekai/chn_civilwar_l_japanese.yml,CHN_civil_war.7.a,なんということだ
english,replace/bakasekai/chn_civilwar_l_japanese.yml,CHN_civil_war.7.d,満州蒙古が独立を宣言!\nこれは我が国最大の損失になるだろう
english,replace/bakasekai/chn_civilwar_l_japanese.yml,CHN_civil_war.7.t,満州蒙古が独立を宣言!
english,replace/bakasekai/chn_civilwar_l_japanese.yml,CHN_civil_war.8.a,なんということだ
english,replace/bakasekai/chn_civilwar_l_japanese.yml,CHN_civil_war.8.d,元...？
english,replace/bakasekai/chn_civilwar_l_japanese.yml,CHN_civil_war.8.t,元が独立を宣言!
english,replace/bakasekai/chn_civilwar_l_japanese.yml,CHN_civil_war.9.a,なにっ
english,replace/bakasekai/chn_civilwar_l_japanese.yml,CHN_civil_war.9.d,ず、隋...？
english,replace/bakasekai/chn_civilwar_l_japanese.yml,CHN_civil_war.9.t,隋が独立を宣言!
english,replace/bakasekai/chn_civilwar_l_japanese.yml,debug_chn_civilwar,大陸戦国時代
english,replace/bakasekai/chn_civilwar_l_japanese.yml,debug_chn_civilwar_2,大陸戦国時代2
english,replace/bakasekai/chn_civilwar_l_japanese.yml,debug_chn_civilwar_3,大陸戦国時代3
english,replace/bakasekai/chn_civilwar_l_japanese.yml,debug_chn_civilwar_4,大陸戦国時代4
english,replace/bakasekai/chn_civilwar_l_japanese.yml,debug_chn_civilwar_5,大陸戦国時代5
english,replace/bakasekai/chn_civilwar_l_japanese.yml,debug_chn_civilwar_6,大陸戦国時代6
english,replace/bakasekai/chn_civilwar_l_japanese.yml,debug_chn_civilwar_7,大陸戦国時代7
english,replace/bakasekai/chn_civilwar_l_japanese.yml,sensyosya,僭称するもの
english,replace/bakasekai/event_og_l_japanese.yml,og.1.d,我が国のポーランド
english,replace/bakasekai/event_og_l_japanese.yml,og.1.t,ポーランド問題
english,replace/bakasekai/focustree_japan_l_japanese.yml,JPN_abandon_okinawa,沖縄の放棄
english,replace/bakasekai/focustree_japan_l_japanese.yml,JPN_abandon_okinawa_desc,本土から横に離れてしまった沖縄は、もはや日本ではない!
english,replace/bakasekai/focustree_japan_l_japanese.yml,JPN_accelerate_research,研究の加速
english,replace/bakasekai/focustree_japan_l_japanese.yml,JPN_accelerate_research_desc,神々の力を持ってすれば技術の発展など造作もないことである。
english,replace/bakasekai/focustree_japan_l_japanese.yml,JPN_accept,容認
english,replace/bakasekai/focustree_japan_l_japanese.yml,JPN_accept_desc,よかった・・・
english,replace/bakasekai/focustree_japan_l_japanese.yml,JPN_challenge_the_arctic,北極への挑戦
english,replace/bakasekai/focustree_japan_l_japanese.yml,JPN_challenge_the_arctic_desc,北極を得ればもはや北に我々を阻むものはいない!
english,replace/bakasekai/focustree_japan_l_japanese.yml,JPN_collapse,瓦解
english,replace/bakasekai/focustree_japan_l_japanese.yml,JPN_collapse_desc,政権は瓦解した。
english,replace/bakasekai/focustree_japan_l_japanese.yml,JPN_complete_the_plan,計画の完遂
english,replace/bakasekai/focustree_japan_l_japanese.yml,JPN_complete_the_plan_desc,終わり!
english,replace/bakasekai/focustree_japan_l_japanese.yml,JPN_conceptualize_leadership,指導者の概念化
english,replace/bakasekai/focustree_japan_l_japanese.yml,JPN_conceptualize_leadership_desc,指導者ではなく、国民全員が目標を意識しなければならない。
english,replace/bakasekai/focustree_japan_l_japanese.yml,JPN_cooperate_with_asia,アジア圏との協調
english,replace/bakasekai/focustree_japan_l_japanese.yml,JPN_cooperate_with_asia_desc,争いではなく和を持って関わり合う。
english,replace/bakasekai/focustree_japan_l_japanese.yml,JPN_education_reform,教育改革
english,replace/bakasekai/focustree_japan_l_japanese.yml,JPN_education_reform_desc,さまざまな文化に、子どものうちから触れることで、よりよい考えに至る人間が増えるだろう。
english,replace/bakasekai/focustree_japan_l_japanese.yml,JPN_election_1936,1936年選挙
english,replace/bakasekai/focustree_japan_l_japanese.yml,JPN_election_1936_desc,さぁ、選挙の時間だ。
english,replace/bakasekai/focustree_japan_l_japanese.yml,JPN_electrify_countryside,田舎にも電気を
english,replace/bakasekai/focustree_japan_l_japanese.yml,JPN_electrify_countryside_desc,田舎だろうと電気を届けられるよう研究する。
english,replace/bakasekai/focustree_japan_l_japanese.yml,JPN_embrace_expansionism,拡張主義
english,replace/bakasekai/focustree_japan_l_japanese.yml,JPN_embrace_expansionism_desc,八洲だけでは足りぬ!\n大神の威光を知らしめるのだ!
english,replace/bakasekai/focustree_japan_l_japanese.yml,JPN_embrace_pacifism,平和主義
english,replace/bakasekai/focustree_japan_l_japanese.yml,JPN_embrace_pacifism_desc,我らが大神は争いを好まない!
english,replace/bakasekai/focustree_japan_l_japanese.yml,JPN_emperors_true_intent,陛下の真意
english,replace/bakasekai/focustree_japan_l_japanese.yml,JPN_emperors_true_intent_desc,陛下の真意を問い、その通りに行動することが目標だ。
english,replace/bakasekai/focustree_japan_l_japanese.yml,JPN_establish_family_courts,家庭裁判所の設置
english,replace/bakasekai/focustree_japan_l_japanese.yml,JPN_establish_family_courts_desc,子どもの犯罪を裁くための裁判所を設置し、更生の機会を設けよう。
english,replace/bakasekai/focustree_japan_l_japanese.yml,JPN_expand_co_prosperity_sphere,共栄圏の拡大
english,replace/bakasekai/focustree_japan_l_japanese.yml,JPN_expand_co_prosperity_sphere_desc,平和裏に共栄圏を拡大し、アジアの平和と利権を守らねばならない。
english,replace/bakasekai/focustree_japan_l_japanese.yml,JPN_expand_garrisons,各駐屯地の拡大
english,replace/bakasekai/focustree_japan_l_japanese.yml,JPN_expand_garrisons_desc,各駐屯地を拡張する。
english,replace/bakasekai/focustree_japan_l_japanese.yml,JPN_export_crops,作物の輸出
english,replace/bakasekai/focustree_japan_l_japanese.yml,JPN_export_crops_desc,できた作物のうち、食べきれないものは海外にうろう!
english,replace/bakasekai/focustree_japan_l_japanese.yml,JPN_farmland_reform,農地改革
english,replace/bakasekai/focustree_japan_l_japanese.yml,JPN_farmland_reform_desc,農業区画を整理して、頓挫した都市計画を復活させよう。
english,replace/bakasekai/focustree_japan_l_japanese.yml,JPN_fate_of_japan,日本の運命
english,replace/bakasekai/focustree_japan_l_japanese.yml,JPN_fate_of_japan_desc,日本は度重なる国土の変化によって混乱している。
english,replace/bakasekai/focustree_japan_l_japanese.yml,JPN_first_policy_conference,第一回政策会議
english,replace/bakasekai/focustree_japan_l_japanese.yml,JPN_first_policy_conference_desc,会議は踊る、されど進まず。
english,replace/bakasekai/focustree_japan_l_japanese.yml,JPN_go_vertical,縦にっ!
english,replace/bakasekai/focustree_japan_l_japanese.yml,JPN_go_vertical_desc,縦にっ!縦にっ!縦にっ!
english,replace/bakasekai/focustree_japan_l_japanese.yml,JPN_imperial_conference,御前会議
english,replace/bakasekai/focustree_japan_l_japanese.yml,JPN_imperial_conference_desc,今までの政府の行動を見返すときだ。
english,replace/bakasekai/focustree_japan_l_japanese.yml,JPN_industrial_great_leap,産業大躍進政策
english,replace/bakasekai/focustree_japan_l_japanese.yml,JPN_industrial_great_leap_desc,産業・建設業に投資をし、さらに開発のスピードを上げなければならない。
english,replace/bakasekai/focustree_japan_l_japanese.yml,JPN_invade_paradise,楽園への侵攻
english,replace/bakasekai/focustree_japan_l_japanese.yml,JPN_invade_paradise_desc,楽園を気取る南洋の蛮族が住む島々など、滅ぼしてしまえ。
english,replace/bakasekai/focustree_japan_l_japanese.yml,JPN_invest_in_island_ports,諸島港湾への投資
english,replace/bakasekai/focustree_japan_l_japanese.yml,JPN_invest_in_island_ports_desc,港湾設備が不十分では、満足に戦えないだろう。
english,replace/bakasekai/focustree_japan_l_japanese.yml,JPN_invest_in_research,研究への投資
english,replace/bakasekai/focustree_japan_l_japanese.yml,JPN_invest_in_research_desc,研究機関に更なる投資を行い、研究速度を高める。
english,replace/bakasekai/focustree_japan_l_japanese.yml,JPN_invest_in_tall_cities,縦に長い都市に投資
english,replace/bakasekai/focustree_japan_l_japanese.yml,JPN_invest_in_tall_cities_desc,都市は立体的な都市を推進すべきだ。
english,replace/bakasekai/focustree_japan_l_japanese.yml,JPN_invite_cute_leader,可愛いリーダー
english,replace/bakasekai/focustree_japan_l_japanese.yml,JPN_invite_cute_leader_desc,我らが主神をお招きする。
english,replace/bakasekai/focustree_japan_l_japanese.yml,JPN_island_union,諸島連合
english,replace/bakasekai/focustree_japan_l_japanese.yml,JPN_island_union_desc,大洋に浮かぶ島々が、我々と手を結び団結すれば、必ずや国防に善く働くであろう。
english,replace/bakasekai/focustree_japan_l_japanese.yml,JPN_joint_exercises,合同演習
english,replace/bakasekai/focustree_japan_l_japanese.yml,JPN_joint_exercises_desc,陣営の各国と合同演習を行い、士気を高めよう!
english,replace/bakasekai/focustree_japan_l_japanese.yml,JPN_kuril_garrison,千島駐屯地
english,replace/bakasekai/focustree_japan_l_japanese.yml,JPN_kuril_garrison_desc,北方の縦長化は完了した。\n二度と奪われないようにしなければ。
english,replace/bakasekai/focustree_japan_l_japanese.yml,JPN_launch_three_year_plan,三ヵ年計画の始動
english,replace/bakasekai/focustree_japan_l_japanese.yml,JPN_launch_three_year_plan_desc,国民を豊かにするため、経済政策を指導する。
english,replace/bakasekai/focustree_japan_l_japanese.yml,JPN_manufacturing_revolution,製造革命
english,replace/bakasekai/focustree_japan_l_japanese.yml,JPN_manufacturing_revolution_desc,製造に関する技術を習得して、生産効率を上げなければならない。
english,replace/bakasekai/focustree_japan_l_japanese.yml,JPN_mortal_politicians,生身の政治家
english,replace/bakasekai/focustree_japan_l_japanese.yml,JPN_mortal_politicians_desc,政治家くらいは我々でやらねば。
english,replace/bakasekai/focustree_japan_l_japanese.yml,JPN_next_election,次期選挙
english,replace/bakasekai/focustree_japan_l_japanese.yml,JPN_next_election_desc,選挙の時間です!
english,replace/bakasekai/focustree_japan_l_japanese.yml,JPN_open_ports_to_allies,連合への港解放
english,replace/bakasekai/focustree_japan_l_japanese.yml,JPN_open_ports_to_allies_desc,連合国の一員である我々は、盟友に対しても修理・補給を提供しなければならない。
english,replace/bakasekai/focustree_japan_l_japanese.yml,JPN_otherworld_admiral,異界の提督
english,replace/bakasekai/focustree_japan_l_japanese.yml,JPN_otherworld_admiral_desc,異界から提督を召喚し指導に充てる。
english,replace/bakasekai/focustree_japan_l_japanese.yml,JPN_otherworld_commanders,異界の指揮官
english,replace/bakasekai/focustree_japan_l_japanese.yml,JPN_otherworld_commanders_desc,異界から指揮官を呼び出し、協力してもらう。
english,replace/bakasekai/focustree_japan_l_japanese.yml,JPN_otherworld_politicians,異界の政治家
english,replace/bakasekai/focustree_japan_l_japanese.yml,JPN_otherworld_politicians_desc,異界からより優秀な政治家を!
english,replace/bakasekai/focustree_japan_l_japanese.yml,JPN_plan_one,①計画
english,replace/bakasekai/focustree_japan_l_japanese.yml,JPN_plan_one_desc,日本の文化や、芸術を知ってもらうための博覧・販売会を実施するための準備をしよう!\n名前は・・・「文化大市場」とでもしようか？
english,replace/bakasekai/focustree_japan_l_japanese.yml,JPN_policy_conference,政策会議
english,replace/bakasekai/focustree_japan_l_japanese.yml,JPN_policy_conference_desc,次の選挙に向けて政策を考えよう。
english,replace/bakasekai/focustree_japan_l_japanese.yml,JPN_prepare_summoning,召喚準備
english,replace/bakasekai/focustree_japan_l_japanese.yml,JPN_prepare_summoning_desc,概念的存在を異なる空間から招くのだ。
english,replace/bakasekai/focustree_japan_l_japanese.yml,JPN_promote_cultural_activities,文化活動の推奨
english,replace/bakasekai/focustree_japan_l_japanese.yml,JPN_promote_cultural_activities_desc,民間の文化人たちを支援して、世界に進出できるレベルの文人を作り出そう!
english,replace/bakasekai/focustree_japan_l_japanese.yml,JPN_promote_local_consumption,地産地消の推進
english,replace/bakasekai/focustree_japan_l_japanese.yml,JPN_promote_local_consumption_desc,出来立ての方が美味しいからね!
english,replace/bakasekai/focustree_japan_l_japanese.yml,JPN_promote_mass_culture,下層文化の推進
english,replace/bakasekai/focustree_japan_l_japanese.yml,JPN_promote_mass_culture_desc,文化人にしかわからない文学や芸術よりも、大衆の理解を得られるものの方が輸出には適している。\nそれがどのようなものであったとしても、だ。
english,replace/bakasekai/focustree_japan_l_japanese.yml,JPN_push_southward,南進せよ
english,replace/bakasekai/focustree_japan_l_japanese.yml,JPN_push_southward_desc,南の蛮族や機械どもを征服しなければならない
english,replace/bakasekai/focustree_japan_l_japanese.yml,JPN_reject,拒絶
english,replace/bakasekai/focustree_japan_l_japanese.yml,JPN_reject_desc,なんてことだ・・・
english,replace/bakasekai/focustree_japan_l_japanese.yml,JPN_replenish_manpower,人員充足
english,replace/bakasekai/focustree_japan_l_japanese.yml,JPN_replenish_manpower_desc,農地に人を送り込み、農業に従事させる。
english,replace/bakasekai/focustree_japan_l_japanese.yml,JPN_restore_strong_japan,強い日本を、取り戻す。
english,replace/bakasekai/focustree_japan_l_japanese.yml,JPN_restore_strong_japan_desc,強い日本を、取り戻さなければならない。
english,replace/bakasekai/focustree_japan_l_japanese.yml,JPN_revive_old_alliance,古き同盟の回生
english,replace/bakasekai/focustree_japan_l_japanese.yml,JPN_revive_old_alliance_desc,英国との同盟を回復し、再び結束するのだ。
english,replace/bakasekai/focustree_japan_l_japanese.yml,JPN_rise_of_the_military,軍部の台頭
english,replace/bakasekai/focustree_japan_l_japanese.yml,JPN_rise_of_the_military_desc,ヒエェ!\nく、クーデターだ!!
english,replace/bakasekai/focustree_japan_l_japanese.yml,JPN_ritual_outcome,儀式の結末
english,replace/bakasekai/focustree_japan_l_japanese.yml,JPN_ritual_outcome_desc,儀式の結末を見極めよ・・・。
english,replace/bakasekai/focustree_japan_l_japanese.yml,JPN_sacred_education,神聖教育
english,replace/bakasekai/focustree_japan_l_japanese.yml,JPN_sacred_education_desc,高度な教育を指示するとともに、神話や国史に重点を置き、教育計画を立案せよ。
english,replace/bakasekai/focustree_japan_l_japanese.yml,JPN_scolding,叱咤
english,replace/bakasekai/focustree_japan_l_japanese.yml,JPN_scolding_desc,怒られた・・・
english,replace/bakasekai/focustree_japan_l_japanese.yml,JPN_second_policy_conference,第二回政策会議
english,replace/bakasekai/focustree_japan_l_japanese.yml,JPN_second_policy_conference_desc,会議は踊る。
english,replace/bakasekai/focustree_japan_l_japanese.yml,JPN_shikoku_redevelopment_plan,四国大改造計画
english,replace/bakasekai/focustree_japan_l_japanese.yml,JPN_shikoku_redevelopment_plan_desc,移動し巨大化した四国を改造し、工業・産業・芸術の一大都市とするのだっ!
english,replace/bakasekai/focustree_japan_l_japanese.yml,JPN_summon_conceptual_leader,概念上の指導者
english,replace/bakasekai/focustree_japan_l_japanese.yml,JPN_summon_conceptual_leader_desc,概念上の指導者を召喚する。
english,replace/bakasekai/focustree_japan_l_japanese.yml,JPN_support_families,子育て家庭への支援
english,replace/bakasekai/focustree_japan_l_japanese.yml,JPN_support_families_desc,子育て家庭へ支援をして、優秀な子供を育てよう。
english,replace/bakasekai/focustree_japan_l_japanese.yml,JPN_support_farming_households,農家への支援
english,replace/bakasekai/focustree_japan_l_japanese.yml,JPN_support_farming_households_desc,農家に経済的支援を行う!
english,replace/bakasekai/focustree_japan_l_japanese.yml,JPN_support_vertical_party,縦長党を支持
english,replace/bakasekai/focustree_japan_l_japanese.yml,JPN_support_vertical_party_desc,日本も縦に伸びねばならない!
english,replace/bakasekai/focustree_japan_l_japanese.yml,JPN_threaten_small_nations,中小国を恫喝
english,replace/bakasekai/focustree_japan_l_japanese.yml,JPN_threaten_small_nations_desc,取るに足らない中小国でも、我が国が併合することで、発展させてやれるかもしれない。
english,replace/bakasekai/focustree_japan_l_japanese.yml,JPN_transjapan_industrial_zone,日本横断工業地帯
english,replace/bakasekai/focustree_japan_l_japanese.yml,JPN_transjapan_industrial_zone_desc,日本の全てを工業地帯へ
english,replace/bakasekai/focustree_japan_l_japanese.yml,JPN_vertical_education,縦長的教育
english,replace/bakasekai/focustree_japan_l_japanese.yml,JPN_vertical_education_desc,子供をより縦に成長させるべく導入された、新学習指導要領では、より縦長、継続的な教育を学生に施すよう明記されている。
english,replace/bakasekai/focustree_japan_l_japanese.yml,JPN_vertical_government,縦長行政
english,replace/bakasekai/focustree_japan_l_japanese.yml,JPN_vertical_government_desc,さまざまな省庁により、職務を遂行するよりも、縦長な単一の行政による方が、効率的だろう？
english,replace/bakasekai/focustree_japan_l_japanese.yml,JPN_vote_civilian_party,民政党に投票
english,replace/bakasekai/focustree_japan_l_japanese.yml,JPN_vote_civilian_party_desc,民主主義万歳!\n万歳!万歳!万歳!!
english,replace/bakasekai/focustree_japan_l_japanese.yml,JPN_vote_divine_party,進神党に投票
english,replace/bakasekai/focustree_japan_l_japanese.yml,JPN_vote_divine_party_desc,全てを神に委ねよう。
english,replace/bakasekai/focustree_japan_l_japanese.yml,JPN_vote_imperial_way_party,皇道党に投票
english,replace/bakasekai/focustree_japan_l_japanese.yml,JPN_vote_imperial_way_party_desc,若造ばっかりだが・・・大丈夫なのか？
english,replace/bakasekai/focustree_nankyoku_l_japanese.yml,SPL_95,95
english,replace/bakasekai/focustree_nankyoku_l_japanese.yml,SPL_95_desc,大婆様に続いて、95姐さんを国家元首にしよう。
english,replace/bakasekai/focustree_nankyoku_l_japanese.yml,SPL_anzhunodaichang,安寧の代償
english,replace/bakasekai/focustree_nankyoku_l_japanese.yml,SPL_anzhunodaichang_desc,我らの命と引き換えに\n子孫の命運を安らかなものにするのだ。
english,replace/bakasekai/focustree_nankyoku_l_japanese.yml,SPL_biyaojishunoyanjiu,必要技術の研究
english,replace/bakasekai/focustree_nankyoku_l_japanese.yml,SPL_biyaojishunoyanjiu_desc,我らの神が住まう場所を作るために必要な技術を研究しなければならない。
english,replace/bakasekai/focustree_nankyoku_l_japanese.yml,SPL_diebaoqianghua,諜報強化
english,replace/bakasekai/focustree_nankyoku_l_japanese.yml,SPL_diebaoqianghua_desc,破壊工作のできる工作員を養成しよう
english,replace/bakasekai/focustree_nankyoku_l_japanese.yml,SPL_guancejidinoxiufu,観測基地の修復
english,replace/bakasekai/focustree_nankyoku_l_japanese.yml,SPL_guancejidinoxiufu_desc,原住民の遺した観測基地を偵察し、修復しよう
english,replace/bakasekai/focustree_nankyoku_l_japanese.yml,SPL_guojianobenghuai,国家の崩壊
english,replace/bakasekai/focustree_nankyoku_l_japanese.yml,SPL_guojianobenghuai_desc,我々の選択は遅すぎたようだ・・・
english,replace/bakasekai/focustree_nankyoku_l_japanese.yml,SPL_guotunozaikaifa,国土の再開発
english,replace/bakasekai/focustree_nankyoku_l_japanese.yml,SPL_guotunozaikaifa_desc,この大陸を占領したはいいが極寒の地から酷暑の地になってしまってはどうにもならないだろう。
english,replace/bakasekai/focustree_nankyoku_l_japanese.yml,SPL_jichujiaoyunoqianghua,基礎教育の強化
english,replace/bakasekai/focustree_nankyoku_l_japanese.yml,SPL_jichujiaoyunoqianghua_desc,不毛の地でも研究をすることはできる!
english,replace/bakasekai/focustree_nankyoku_l_japanese.yml,SPL_jishugexin,技術革新
english,replace/bakasekai/focustree_nankyoku_l_japanese.yml,SPL_jishugexin_desc,ついに我々は元の世界の基礎的なコンピューターを手に入れた!
english,replace/bakasekai/focustree_nankyoku_l_japanese.yml,SPL_jishuhenohuigui,技術への回帰
english,replace/bakasekai/focustree_nankyoku_l_japanese.yml,SPL_jishuhenohuigui_desc,しかして、技術に帰らざるをえまい。
english,replace/bakasekai/focustree_nankyoku_l_japanese.yml,SPL_jishunoxinyang,技術の信仰
english,replace/bakasekai/focustree_nankyoku_l_japanese.yml,SPL_jishunoxinyang_desc,更なる発展\n更なる成長\n更なる研究を!
english,replace/bakasekai/focustree_nankyoku_l_japanese.yml,SPL_jishuzhishangzhuyi,技術至上主義
english,replace/bakasekai/focustree_nankyoku_l_japanese.yml,SPL_jishuzhishangzhuyi_desc,我らを救いたもうたのは技術である。\n技術を信奉せずに何を信じるというのだ
english,replace/bakasekai/focustree_nankyoku_l_japanese.yml,SPL_jiyijichengjishunokaifa,記憶継承技術の開発
english,replace/bakasekai/focustree_nankyoku_l_japanese.yml,SPL_jiyijichengjishunokaifa_desc,記憶継承の技術を作ることで我らが神の記憶を継承できるようにするのだ。
english,replace/bakasekai/focustree_nankyoku_l_japanese.yml,SPL_poruzhongyan,迫る終焉
english,replace/bakasekai/focustree_nankyoku_l_japanese.yml,SPL_poruzhongyan_desc,崩壊した国家にもはや未来はない
english,replace/bakasekai/focustree_nankyoku_l_japanese.yml,SPL_qingbaowangnogouzhu,情報網の構築
english,replace/bakasekai/focustree_nankyoku_l_japanese.yml,SPL_qingbaowangnogouzhu_desc,傀儡人形を原住民国家に送り込み情報を得るのだ
english,replace/bakasekai/focustree_nankyoku_l_japanese.yml,SPL_rennozhixing,人の知性
english,replace/bakasekai/focustree_nankyoku_l_japanese.yml,SPL_rennozhixing_desc,人間による人間のための政治を!
english,replace/bakasekai/focustree_nankyoku_l_japanese.yml,SPL_shijienozhongyan,世界の終焉
english,replace/bakasekai/focustree_nankyoku_l_japanese.yml,SPL_shijienozhongyan_desc,終わりだ・・・
english,replace/bakasekai/focustree_nankyoku_l_japanese.yml,SPL_shunying,順応
english,replace/bakasekai/focustree_nankyoku_l_japanese.yml,SPL_shunying_desc,変わり果てた大地に順応しなければならない
english,replace/bakasekai/focustree_nankyoku_l_japanese.yml,SPL_taimurimituto,タイム・リミット
english,replace/bakasekai/focustree_nankyoku_l_japanese.yml,SPL_taimurimituto_desc,我々のタイムリミットはすぐそこまで迫っている。
english,replace/bakasekai/focustree_nankyoku_l_japanese.yml,SPL_waihenozhunbei,外への準備
english,replace/bakasekai/focustree_nankyoku_l_japanese.yml,SPL_waihenozhunbei_desc,外に出る準備をしよう。
english,replace/bakasekai/focustree_nankyoku_l_japanese.yml,SPL_weijikaranotuoque,危機からの脱却
english,replace/bakasekai/focustree_nankyoku_l_japanese.yml,SPL_weijikaranotuoque_desc,とある手段を用いて我々の子孫は危機から逃れることができるようだ。\n彼らが成長した時には我らはもういないだろうが・・・
english,replace/bakasekai/focustree_nankyoku_l_japanese.yml,SPL_weizhinobingyuanjun,未知の病原菌
english,replace/bakasekai/focustree_nankyoku_l_japanese.yml,SPL_weizhinobingyuanjun_desc,かろうじて残っていた氷の中から未知の細菌が見つかったようだ。
english,replace/bakasekai/focustree_nankyoku_l_japanese.yml,SPL_woranoshen,我らの神
english,replace/bakasekai/focustree_nankyoku_l_japanese.yml,SPL_woranoshen_desc,我らの神に就くべきだ
english,replace/bakasekai/focustree_nankyoku_l_japanese.yml,SPL_xiangzhounojianzao,箱舟の建造
english,replace/bakasekai/focustree_nankyoku_l_japanese.yml,SPL_xiangzhounojianzao_desc,原住民の持っていた本によると、滅びの時は箱舟によって乗り越えられるらしい。
english,replace/bakasekai/focustree_nankyoku_l_japanese.yml,SPL_yanjiunojiasu,研究の加速
english,replace/bakasekai/focustree_nankyoku_l_japanese.yml,SPL_yanjiunojiasu_desc,研究者を集め、研究を加速しよう。
english,replace/bakasekai/focustree_nankyoku_l_japanese.yml,SPL_zaochuansuonojianshe,造船所の建設
english,replace/bakasekai/focustree_nankyoku_l_japanese.yml,SPL_zaochuansuonojianshe_desc,外へ出るために荒天に耐えうる船がいる。\nそのためには大きな造船所が必要だ
english,replace/bakasekai/focustree_nankyoku_l_japanese.yml,SPL_zhengzhihuiyiwokaiku,政治会議を開く
english,replace/bakasekai/focustree_nankyoku_l_japanese.yml,SPL_zhengzhihuiyiwokaiku_desc,我々は方針を定めなければならない
english,replace/bakasekai/focustree_promise-tree_l_japanese.yml,PRO_denden,デンデン!
english,replace/bakasekai/focustree_promise-tree_l_japanese.yml,PRO_denden_desc,denden
english,replace/bakasekai/focustree_promise-tree_l_japanese.yml,PRO_guo_qi_nose_nixiang_ying_siiling_tu_,国旗の色に相応しい領土
english,replace/bakasekai/focustree_promise-tree_l_japanese.yml,PRO_guo_qi_nose_nixiang_ying_siiling_tu__desc,austria
english,replace/bakasekai/focustree_promise-tree_l_japanese.yml,PRO_kuroatiawosha_su,クロアチアを殺す
english,replace/bakasekai/focustree_promise-tree_l_japanese.yml,PRO_kuroatiawosha_su_desc,クロアチアを独立させます。\n傀儡化のやり方がわからない
english,replace/bakasekai/focustree_promise-tree_l_japanese.yml,PRO_manpower,MANPOWER!
english,replace/bakasekai/focustree_promise-tree_l_japanese.yml,PRO_manpower_desc,manpower
english,replace/bakasekai/focustree_promise-tree_l_japanese.yml,PRO_ping_he_niji_duitajiu_ling_nohui_fu_,平和に基づいた旧領の回復
english,replace/bakasekai/focustree_promise-tree_l_japanese.yml,PRO_ping_he_niji_duitajiu_ling_nohui_fu__desc,heiwa
english,replace/bakasekai/focustree_promise-tree_l_japanese.yml,PRO_puromisuniyoruping_he_,プロミスによる平和
english,replace/bakasekai/focustree_promise-tree_l_japanese.yml,PRO_puromisuniyoruping_he__desc,民主ルート
english,replace/bakasekai/focustree_promise-tree_l_japanese.yml,PRO_puromisusurabia,プロミススラビア
english,replace/bakasekai/focustree_promise-tree_l_japanese.yml,PRO_puromisusurabia_desc,promise-slavs
english,replace/bakasekai/focustree_promise-tree_l_japanese.yml,PRO_puromisuzhen_ying_,プロミス陣営
english,replace/bakasekai/focustree_promise-tree_l_japanese.yml,PRO_puromisuzhen_ying__desc,promise
english,replace/bakasekai/focustree_wes-2_l_japanese.yml,WES_Amazon_war,Amazon War
english,replace/bakasekai/focustree_wes-2_l_japanese.yml,WES_Amazon_war_desc,我々はアマゾンを打倒し森林地帯を核をしなければならない。
english,replace/bakasekai/focustree_wes-2_l_japanese.yml,WES_CAS_effort,CASへの注力
english,replace/bakasekai/focustree_wes-2_l_japanese.yml,WES_CAS_effort_desc,現代的な軍隊が求める支援は、地上車両だけでなく、空から共に行われねばならない。
english,replace/bakasekai/focustree_wes-2_l_japanese.yml,WES_Challenge_to_the_Powers_That_Be,列強への挑戦
english,replace/bakasekai/focustree_wes-2_l_japanese.yml,WES_Concentration_decision,建設力の集中デシジョンを解放する
english,replace/bakasekai/focustree_wes-2_l_japanese.yml,WES_Concentration_of_construction_forces,建設力の集中
english,replace/bakasekai/focustree_wes-2_l_japanese.yml,WES_Concentration_of_construction_forces_desc,
english,replace/bakasekai/focustree_wes-2_l_japanese.yml,WES_Construction_of_the_Congo_Dam,コンゴダムの建設
english,replace/bakasekai/focustree_wes-2_l_japanese.yml,WES_Construction_of_the_Congo_Dam_desc,
english,replace/bakasekai/focustree_wes-2_l_japanese.yml,WES_Construction_of_the_Niger_Dam,ニジェールダムの建設
english,replace/bakasekai/focustree_wes-2_l_japanese.yml,WES_Construction_of_the_Niger_Dam_desc,
english,replace/bakasekai/focustree_wes-2_l_japanese.yml,WES_Construction_of_the_Nile_Dam,ナイルダムの建設
english,replace/bakasekai/focustree_wes-2_l_japanese.yml,WES_Construction_of_the_Nile_Dam_desc,
english,replace/bakasekai/focustree_wes-2_l_japanese.yml,WES_Coping_with_Water_Shortage,水不足の解消
english,replace/bakasekai/focustree_wes-2_l_japanese.yml,WES_Coping_with_Water_Shortage_desc,
english,replace/bakasekai/focustree_wes-2_l_japanese.yml,WES_Fleet_Refining,艦隊の編成
english,replace/bakasekai/focustree_wes-2_l_japanese.yml,WES_Fleet_Refining_2,艦隊の編成2
english,replace/bakasekai/focustree_wes-2_l_japanese.yml,WES_Further_resources,更なる資源を
english,replace/bakasekai/focustree_wes-2_l_japanese.yml,WES_Further_resources_desc,
english,replace/bakasekai/focustree_wes-2_l_japanese.yml,WES_Germany_military_support,ドイツの軍事支援
english,replace/bakasekai/focustree_wes-2_l_japanese.yml,WES_Germany_military_support_2,ドイツの軍事支援2
english,replace/bakasekai/focustree_wes-2_l_japanese.yml,WES_Germany_military_support_2_desc,ドイツのドクトリンと装甲技術によって我が国は勝利を収めるだろう。より進化したそれらを入手するべきだ。
english,replace/bakasekai/focustree_wes-2_l_japanese.yml,WES_Germany_military_support_desc,ドイツの考案した電撃戦と装甲技術があれば多くの戦争に勝利することができるだろう。
english,replace/bakasekai/focustree_wes-2_l_japanese.yml,WES_Industrialization_Central_Africa,§Y中央アフリカ周辺のステート§!に§G軍需工場§!を建設する
english,replace/bakasekai/focustree_wes-2_l_japanese.yml,WES_Industrialization_Victoria,§Yヴィクトリア湖周辺のステート§!に§G民需工場§!を建設する
english,replace/bakasekai/focustree_wes-2_l_japanese.yml,WES_Industrialization_desert_areas,§Y砂漠地域のステート§!に§G軍需工場§!を建設する
english,replace/bakasekai/focustree_wes-2_l_japanese.yml,WES_Industrialization_of_Central_Africa,中央アフリカの工業化
english,replace/bakasekai/focustree_wes-2_l_japanese.yml,WES_Industrialization_of_Central_Africa_desc,
english,replace/bakasekai/focustree_wes-2_l_japanese.yml,WES_Industrialization_of_Lake_Victoria,ヴィクトリア湖の工業化
english,replace/bakasekai/focustree_wes-2_l_japanese.yml,WES_Industrialization_of_Lake_Victoria_desc,
english,replace/bakasekai/focustree_wes-2_l_japanese.yml,WES_Industrialization_of_desert_areas,砂漠地域の工業化
english,replace/bakasekai/focustree_wes-2_l_japanese.yml,WES_Industrialization_of_desert_areas_desc,
english,replace/bakasekai/focustree_wes-2_l_japanese.yml,WES_Infrastructure_Central_Africa,§Y中央アフリカ周辺のステート§!に§Gインフラ§!を建設する
english,replace/bakasekai/focustree_wes-2_l_japanese.yml,WES_Infrastructure_Victoria,§Yヴィクトリア湖周辺のステート§!に§Gインフラ§!を建設する
english,replace/bakasekai/focustree_wes-2_l_japanese.yml,WES_Infrastructure_desert_areas,§Y砂漠地域のステート§!に§Gインフラ§!を建設する
english,replace/bakasekai/focustree_wes-2_l_japanese.yml,WES_Infrastructure_in_Central_Africa,中央アフリカのインフラ
english,replace/bakasekai/focustree_wes-2_l_japanese.yml,WES_Infrastructure_in_Central_Africa_desc,
english,replace/bakasekai/focustree_wes-2_l_japanese.yml,WES_Infrastructure_in_Lake_Victoria,ヴィクトリア湖のインフラ
english,replace/bakasekai/focustree_wes-2_l_japanese.yml,WES_Infrastructure_in_Lake_Victoria_desc,
english,replace/bakasekai/focustree_wes-2_l_japanese.yml,WES_Infrastructure_in_desert_areas,砂漠地域のインフラ
english,replace/bakasekai/focustree_wes-2_l_japanese.yml,WES_Infrastructure_in_desert_areas_desc,
english,replace/bakasekai/focustree_wes-2_l_japanese.yml,WES_Irrigation_in_various_locations,各地での灌漑
english,replace/bakasekai/focustree_wes-2_l_japanese.yml,WES_Irrigation_in_various_locations_desc,
english,replace/bakasekai/focustree_wes-2_l_japanese.yml,WES_Munitions_factory_at_Central_Africa,中央アフリカの軍需工業
english,replace/bakasekai/focustree_wes-2_l_japanese.yml,WES_Munitions_factory_at_Central_Africa_desc,
english,replace/bakasekai/focustree_wes-2_l_japanese.yml,WES_Munitions_factory_at_Lake_Victoria,ヴィクトリア湖の軍需工場
english,replace/bakasekai/focustree_wes-2_l_japanese.yml,WES_Munitions_factory_at_Lake_Victoria_desc,
english,replace/bakasekai/focustree_wes-2_l_japanese.yml,WES_Munitions_factory_at_desert_areas,砂漠地域の軍事工場
english,replace/bakasekai/focustree_wes-2_l_japanese.yml,WES_Munitions_factory_at_desert_areas_desc,
english,replace/bakasekai/focustree_wes-2_l_japanese.yml,WES_NAV_effort,海軍への注力
english,replace/bakasekai/focustree_wes-2_l_japanese.yml,WES_NAV_effort_desc,新しい海の戦いは水上はもちろん、空中にも水面下にもその場を広げていくだろう。
english,replace/bakasekai/focustree_wes-2_l_japanese.yml,WES_New_machine_tool,工作機械の新調
english,replace/bakasekai/focustree_wes-2_l_japanese.yml,WES_New_machine_tool_desc,
english,replace/bakasekai/focustree_wes-2_l_japanese.yml,WES_Not_Sawara,佐原（さわら）ではない。
english,replace/bakasekai/focustree_wes-2_l_japanese.yml,WES_Not_Sawara_desc,佐原（さわら）ではないのになぜまだ間違える人がいるのだ？
english,replace/bakasekai/focustree_wes-2_l_japanese.yml,WES_PRM_ji_jia_bu_dui_henozhu_li_,機甲部隊への注力
english,replace/bakasekai/focustree_wes-2_l_japanese.yml,WES_PRM_ji_jia_bu_dui_henozhu_li__desc,歩兵の機械化で学んだことを生かし、装甲車両をより良く改善できるだろう。
english,replace/bakasekai/focustree_wes-2_l_japanese.yml,WES_PRM_undefined,装備への注力 II
english,replace/bakasekai/focustree_wes-2_l_japanese.yml,WES_PRM_undefined_desc,歩兵と支援部隊が可能な限り最高の装備を持てるよう、不断の努力を行わねばならない。
english,replace/bakasekai/focustree_wes-2_l_japanese.yml,WES_PRM_zhuang_bei_henozhu_li_iii,装備への注力 III
english,replace/bakasekai/focustree_wes-2_l_japanese.yml,WES_PRM_zhuang_bei_henozhu_li_iii_desc,外国製装備の模倣や購入よりも、歩兵用武器で世界の最先端になることを目指すべきである。
english,replace/bakasekai/focustree_wes-2_l_japanese.yml,WES_Presidential_Continuation,大統領の続投
english,replace/bakasekai/focustree_wes-2_l_japanese.yml,WES_Reinforcement_of_land_transportation,陸上輸送の強化
english,replace/bakasekai/focustree_wes-2_l_japanese.yml,WES_Reinforcement_of_land_transportation_2,陸上輸送の強化2
english,replace/bakasekai/focustree_wes-2_l_japanese.yml,WES_Reinforcement_of_land_transportation_2_desc,
english,replace/bakasekai/focustree_wes-2_l_japanese.yml,WES_Reinforcement_of_land_transportation_desc,
english,replace/bakasekai/focustree_wes-2_l_japanese.yml,WES_Resource_Development,資源の開発
english,replace/bakasekai/focustree_wes-2_l_japanese.yml,WES_Resource_Development_desc,
english,replace/bakasekai/focustree_wes-2_l_japanese.yml,WES_Return_to_Sayama,佐山への帰還
english,replace/bakasekai/focustree_wes-2_l_japanese.yml,WES_Sahara_prefecture_of_Japan,佐原県
english,replace/bakasekai/focustree_wes-2_l_japanese.yml,WES_Sahara_prefecture_of_Japan_desc,佐山県じゃない、佐原県だ!
english,replace/bakasekai/focustree_wes-2_l_japanese.yml,WES_Secured_construction_site_in_Sayama_Pref,佐山県建設地確保
english,replace/bakasekai/focustree_wes-2_l_japanese.yml,WES_Strengthen_shipbuilding_capacity,造船能力の強化
english,replace/bakasekai/focustree_wes-2_l_japanese.yml,WES_Strengthen_shipbuilding_capacity_2,造船能力の強化
english,replace/bakasekai/focustree_wes-2_l_japanese.yml,WES_Strengthen_shipbuilding_capacity_2_desc,
english,replace/bakasekai/focustree_wes-2_l_japanese.yml,WES_Strengthen_shipbuilding_capacity_desc,
english,replace/bakasekai/focustree_wes-2_l_japanese.yml,WES_Strengthening_Construction_Capabilities,建設力の強化
english,replace/bakasekai/focustree_wes-2_l_japanese.yml,WES_Strengthening_Construction_Capabilities_desc,
english,replace/bakasekai/focustree_wes-2_l_japanese.yml,WES_Technology_sharing_SGC,SGCでの技術共有
english,replace/bakasekai/focustree_wes-2_l_japanese.yml,WES_Technology_sharing_SGC_desc,SGCで技術共有をすることで我々は更なる技術発展を行える。
english,replace/bakasekai/focustree_wes-2_l_japanese.yml,WES_Toward_Integration,統合に向けて
english,replace/bakasekai/focustree_wes-2_l_japanese.yml,WES_World_Capital_Sayamania,世界首都サヤマニア
english,replace/bakasekai/focustree_wes-2_l_japanese.yml,WES_achievement_of_major_project,一大事業の達成
english,replace/bakasekai/focustree_wes-2_l_japanese.yml,WES_add_core_of_afirca,アフリカ全土の中核化
english,replace/bakasekai/focustree_wes-2_l_japanese.yml,WES_african_unification,アフリカ統一
english,replace/bakasekai/focustree_wes-2_l_japanese.yml,WES_african_unification_desc,サハラはアフリカを統一し、アフリカ人のための楽園を作り出す。そのためにはどんな手段も厭わない。
english,replace/bakasekai/focustree_wes-2_l_japanese.yml,WES_agreement_with_Germany,ドイツからの支援
english,replace/bakasekai/focustree_wes-2_l_japanese.yml,WES_agreement_with_Germany_desc,ドイツからの支援を受けてこの国は発展する!
english,replace/bakasekai/focustree_wes-2_l_japanese.yml,WES_air_force_development,空軍の開発
english,replace/bakasekai/focustree_wes-2_l_japanese.yml,WES_allied_technical_cooperation,連合国との技術協力
english,replace/bakasekai/focustree_wes-2_l_japanese.yml,WES_allied_technical_cooperation_desc,高い技術力を持つ連合国との協力で上位の国に躍り出るのだ!
english,replace/bakasekai/focustree_wes-2_l_japanese.yml,WES_arms_factory_Victoria,§Yヴィクトリア湖周辺のステート§!に§G軍需工場§!を建設する
english,replace/bakasekai/focustree_wes-2_l_japanese.yml,WES_army_effort,陸軍への注力
english,replace/bakasekai/focustree_wes-2_l_japanese.yml,WES_army_effort_desc,空戦や海戦がどれだけ進歩しても、陸上戦闘は将来の戦争でも鍵であり続ける。備えることで、塹壕の地獄へ舞い戻ることを回避できるのだ。
english,replace/bakasekai/focustree_wes-2_l_japanese.yml,WES_aviation_effort,空軍力への注力
english,replace/bakasekai/focustree_wes-2_l_japanese.yml,WES_aviation_effort_2,空軍力への注力 II
english,replace/bakasekai/focustree_wes-2_l_japanese.yml,WES_aviation_effort_2_desc,空軍力を他部門の軍とうまく統合するには、航空機のさらなる進歩が必要だろう。
english,replace/bakasekai/focustree_wes-2_l_japanese.yml,WES_aviation_effort_desc,空の戦いにおいての技術的進化ほど速いものは他にない。近代国家なら熟達せねばならない分野が空軍力である。
english,replace/bakasekai/focustree_wes-2_l_japanese.yml,WES_aviation_effort_tt,§Y航空基地§!用の建築スロットが不十分
english,replace/bakasekai/focustree_wes-2_l_japanese.yml,WES_aviation_industry_with_UK_and_US,英米との航空産業
english,replace/bakasekai/focustree_wes-2_l_japanese.yml,WES_aviation_industry_with_UK_and_US_2,英米との航空産業2
english,replace/bakasekai/focustree_wes-2_l_japanese.yml,WES_aviation_industry_with_UK_and_US_2_desc,英米の航空技術を取り入れたことで我が国の航空技術は向上した。再び協力を要請しよう。
english,replace/bakasekai/focustree_wes-2_l_japanese.yml,WES_aviation_industry_with_UK_and_US_desc,英米の航空技術は造船技術とともに優れている。協力を要請しよう。
english,replace/bakasekai/focustree_wes-2_l_japanese.yml,WES_awakening_to_geopolitics,地政学への目覚め
english,replace/bakasekai/focustree_wes-2_l_japanese.yml,WES_awakening_to_geopolitics_desc,我々は地政学という学問を知った。これを研究すれば正しい国家運営を知ることができるのではないだろうか…
english,replace/bakasekai/focustree_wes-2_l_japanese.yml,WES_become_a_prefecture_of_Japan,都道府県となる
english,replace/bakasekai/focustree_wes-2_l_japanese.yml,WES_become_a_prefecture_of_Japan_desc,佐原県は名実ともに日本の都道府県となるのだ!
english,replace/bakasekai/focustree_wes-2_l_japanese.yml,WES_bicycle_battalions,銀輪部隊
english,replace/bakasekai/focustree_wes-2_l_japanese.yml,WES_bicycle_battalions_desc,日本では自転車部隊が導入されているそうだ。我が国でも導入してみよう。
english,replace/bakasekai/focustree_wes-2_l_japanese.yml,WES_bomber_focus,爆撃機重視
english,replace/bakasekai/focustree_wes-2_l_japanese.yml,WES_bomber_focus_desc,人々は将来、今日の戦争の恐怖について、それを空から降り注ぐ猛火の雨にたとえるだろう。敵にこの物語を語らせるために、最善を尽くそう。
english,replace/bakasekai/focustree_wes-2_l_japanese.yml,WES_capital_ships_effort,主力艦への注力
english,replace/bakasekai/focustree_wes-2_l_japanese.yml,WES_capital_ships_effort_desc,最も戦艦を多く保有する国家が海を支配するだろう。空母と戦艦はそれぞれ海軍の優越性における新旧を象徴している。
english,replace/bakasekai/focustree_wes-2_l_japanese.yml,WES_conquest_of_egypt,ｴｼﾞﾌﾟﾄ征服
english,replace/bakasekai/focustree_wes-2_l_japanese.yml,WES_conquest_of_egypt_desc,数千年前の古都を持つｴｼﾞﾌﾟﾄを征服すれば自ずと我々の正当性は高まるだろう。
english,replace/bakasekai/focustree_wes-2_l_japanese.yml,WES_construction_effort,建設への注力
english,replace/bakasekai/focustree_wes-2_l_japanese.yml,WES_construction_effort_2,建設への注力 II
english,replace/bakasekai/focustree_wes-2_l_japanese.yml,WES_construction_effort_2_desc,工場を拡張し続けることは、貿易や更なる建設の取り組みのための物資生産のスピードアップを可能にする。
english,replace/bakasekai/focustree_wes-2_l_japanese.yml,WES_construction_effort_3,建設への注力 III
english,replace/bakasekai/focustree_wes-2_l_japanese.yml,WES_construction_effort_3_desc,インフラ網の拡大は建設能力を大きく向上させてきた。
english,replace/bakasekai/focustree_wes-2_l_japanese.yml,WES_construction_effort_desc,例え戦争が世界中で勃発しようと、民間の生産能力を過小評価してはならない。
english,replace/bakasekai/focustree_wes-2_l_japanese.yml,WES_construction_effort_tt,§Y民需工場§!用の建築スロットが不十分
english,replace/bakasekai/focustree_wes-2_l_japanese.yml,WES_continue_the_SGC_route,独自路線を貫く
english,replace/bakasekai/focustree_wes-2_l_japanese.yml,WES_continue_the_SGC_route_desc,他の陣営に加盟せず、サハラ緑化委員会を保つべきた。
english,replace/bakasekai/focustree_wes-2_l_japanese.yml,WES_cooperation_in_aircraft_carrier_development,空母開発の協力
english,replace/bakasekai/focustree_wes-2_l_japanese.yml,WES_cooperation_in_aircraft_carrier_development_desc,日本の協力を受けて次世代の空母を研究する。
english,replace/bakasekai/focustree_wes-2_l_japanese.yml,WES_cruiser_effort,巡洋艦への注力
english,replace/bakasekai/focustree_wes-2_l_japanese.yml,WES_cruiser_effort_desc,先進的な戦艦の研究に着手する前に、小型巡洋艦の更新が必要である。
english,replace/bakasekai/focustree_wes-2_l_japanese.yml,WES_desert_development,砂漠の開発
english,replace/bakasekai/focustree_wes-2_l_japanese.yml,WES_desert_development_desc,砂漠は我が国の将来が詰まっている。この広大な土地を有効活用することが我が国に幸福をもたらすだろう。
english,replace/bakasekai/focustree_wes-2_l_japanese.yml,WES_destroyer_effort,駆逐艦への注力
english,replace/bakasekai/focustree_wes-2_l_japanese.yml,WES_destroyer_effort_desc,潜水艦の設計、戦略的利用を研究する間に、こうした戦略にどう反撃すべきかを学習した。すなわち、駆逐艦をもってする反撃である。
english,replace/bakasekai/focustree_wes-2_l_japanese.yml,WES_determination_of_policy,方針の決定
english,replace/bakasekai/focustree_wes-2_l_japanese.yml,WES_development_in_marine_transportation,海上輸送による発展
english,replace/bakasekai/focustree_wes-2_l_japanese.yml,WES_development_in_marine_transportation_desc,海上輸送は陸上輸送よりも非常に多くの物品を輸送することができる。これを活用し我が国は更なる産業発展を遂げるのだ!
english,replace/bakasekai/focustree_wes-2_l_japanese.yml,WES_development_of_democratic_politics,民主政治の発展
english,replace/bakasekai/focustree_wes-2_l_japanese.yml,WES_development_of_democratic_politics_desc,民主化を行うのであれば正しく国民を「教育」し、彼らを敬虔な民主主義の信徒とせねばならない。
english,replace/bakasekai/focustree_wes-2_l_japanese.yml,WES_development_of_oxygen_torpedoes,酸素魚雷の開発
english,replace/bakasekai/focustree_wes-2_l_japanese.yml,WES_development_of_oxygen_torpedoes_desc,日本の酸素魚雷を導入して海戦で勝利を収められるようにするべきだ。
english,replace/bakasekai/focustree_wes-2_l_japanese.yml,WES_doctrine_effort,ドクトリンへの注力
english,replace/bakasekai/focustree_wes-2_l_japanese.yml,WES_doctrine_effort_2,ドクトリンへの注力 II
english,replace/bakasekai/focustree_wes-2_l_japanese.yml,WES_doctrine_effort_2_desc,戦場は戦間期のみならず、最近の紛争の経過を通して変化している。このことを反映するためにドクトリンを絶えず再評価せねばならない。
english,replace/bakasekai/focustree_wes-2_l_japanese.yml,WES_doctrine_effort_desc,先の大戦の陸戦ドクトリンは、すでに時代遅れである。明日の軍事思想を成形する任務に対して最高の頭脳を割かなければならない。
english,replace/bakasekai/focustree_wes-2_l_japanese.yml,WES_doctrine_enhancement,ドクトリンの強化
english,replace/bakasekai/focustree_wes-2_l_japanese.yml,WES_economic_community,経済共同体
english,replace/bakasekai/focustree_wes-2_l_japanese.yml,WES_encourage_military_research,軍事研究の奨励
english,replace/bakasekai/focustree_wes-2_l_japanese.yml,WES_encourage_military_research_desc,軍事研究は国防上で重要であり、民間にも良い影響がある。
english,replace/bakasekai/focustree_wes-2_l_japanese.yml,WES_equipment_development,装備開発
english,replace/bakasekai/focustree_wes-2_l_japanese.yml,WES_equipment_effort,装備への注力
english,replace/bakasekai/focustree_wes-2_l_japanese.yml,WES_equipment_effort_2,装備への注力2
english,replace/bakasekai/focustree_wes-2_l_japanese.yml,WES_equipment_effort_2_desc,歩兵が持ち運べる装備の限界は絶え間なく押し上げられている。我々は可能な限り最高の装備を部隊に与えることを重視しよう。
english,replace/bakasekai/focustree_wes-2_l_japanese.yml,WES_equipment_effort_3,装備への注力3
english,replace/bakasekai/focustree_wes-2_l_japanese.yml,WES_equipment_effort_3_desc,歩兵が持ち運べる装備の限界は絶え間なく押し上げられている。我々は可能な限り最高の装備を部隊に与えることを重視しよう。
english,replace/bakasekai/focustree_wes-2_l_japanese.yml,WES_equipment_effort_desc,歩兵が持ち運べる装備の限界は絶え間なく押し上げられている。我々は可能な限り最高の装備を部隊に与えることを重視しよう。
english,replace/bakasekai/focustree_wes-2_l_japanese.yml,WES_establishment_of_General_Staff_Headquarters,参謀本部の設立
english,replace/bakasekai/focustree_wes-2_l_japanese.yml,WES_establishment_of_MSD,MSDの設立
english,replace/bakasekai/focustree_wes-2_l_japanese.yml,WES_establishment_of_MSD_desc,Ministry Saharan Development(サハラ開発省) \nこれを設立し国土を開発することで我が国を成長させるべきだ。
english,replace/bakasekai/focustree_wes-2_l_japanese.yml,WES_establishment_of_municipalities,市町村の設置
english,replace/bakasekai/focustree_wes-2_l_japanese.yml,WES_establishment_of_municipalities_desc,日本の市町村の機能を利用し、効率的に国家…いや、県の運営を行う。
english,replace/bakasekai/focustree_wes-2_l_japanese.yml,WES_expansion_of_human_resources,人材の拡充
english,replace/bakasekai/focustree_wes-2_l_japanese.yml,WES_expansion_of_trade,通商の拡大
english,replace/bakasekai/focustree_wes-2_l_japanese.yml,WES_expansion_of_trade_desc,通称を拡大して我々の経済圏を広げるのだ。
english,replace/bakasekai/focustree_wes-2_l_japanese.yml,WES_exploration_of_equipment,装備の探求
english,replace/bakasekai/focustree_wes-2_l_japanese.yml,WES_extra_tech_slot,追加の研究枠
english,replace/bakasekai/focustree_wes-2_l_japanese.yml,WES_extra_tech_slot_2,研究枠の追加2
english,replace/bakasekai/focustree_wes-2_l_japanese.yml,WES_extra_tech_slot_2_desc,我が国の急速な工業化によって、追求すべき研究開発の新たな局面が拓けた。
english,replace/bakasekai/focustree_wes-2_l_japanese.yml,WES_extra_tech_slot_desc,産業拡張およびその他の最近の進歩は、並行して複数の研究開発を実施することを可能にするかもしれない。
english,replace/bakasekai/focustree_wes-2_l_japanese.yml,WES_fighter_focus,戦闘機重視
english,replace/bakasekai/focustree_wes-2_l_japanese.yml,WES_fighter_focus_desc,世界大戦以来、我々は空中戦を目にしていない。戦闘機の開発を先行し続けることは将来、我々を優位に立たせるだろう。
english,replace/bakasekai/focustree_wes-2_l_japanese.yml,WES_flexible_navy,柔軟性のある海軍
english,replace/bakasekai/focustree_wes-2_l_japanese.yml,WES_flexible_navy_desc,潜水艦技術の進歩による海軍戦闘の改革によって、敵輸送船団の効率的な撃滅が可能になるだろう。
english,replace/bakasekai/focustree_wes-2_l_japanese.yml,WES_formation_of_the_Saharan_Union,サハラ連合の形成
english,replace/bakasekai/focustree_wes-2_l_japanese.yml,WES_formation_of_the_Saharan_Union_desc,サハラ連合----実態は傀儡体制だが----を形成しより各地の国民に利益がもたらされるだろう。
english,replace/bakasekai/focustree_wes-2_l_japanese.yml,WES_generalization_in_the_military,一般化
english,replace/bakasekai/focustree_wes-2_l_japanese.yml,WES_industrial_effort,工業への注力
english,replace/bakasekai/focustree_wes-2_l_japanese.yml,WES_industrial_effort_2,工業への注力 II
english,replace/bakasekai/focustree_wes-2_l_japanese.yml,WES_industrial_effort_2_desc,鉄の意志と苛酷な労働倫理により、国民をその他の偉大なる産業に動員できるのだ。
english,replace/bakasekai/focustree_wes-2_l_japanese.yml,WES_industrial_effort_desc,あらゆる政治的取り組みを民需産業の飛躍的増強のために注力する。
english,replace/bakasekai/focustree_wes-2_l_japanese.yml,WES_industry_support_in_Germany,ドイツの産業支援
english,replace/bakasekai/focustree_wes-2_l_japanese.yml,WES_industry_support_in_Germany_2,ドイツの産業支援2
english,replace/bakasekai/focustree_wes-2_l_japanese.yml,WES_industry_support_in_Germany_2_desc,ドイツの工作機械は我が国の生産事情に改善をもたらしている。ドイツのより優秀な工作機械を我が国は導入する。
english,replace/bakasekai/focustree_wes-2_l_japanese.yml,WES_industry_support_in_Germany_desc,ドイツの優秀な工作機械を導入することで我が国の生産効率は上昇するだろう。
english,replace/bakasekai/focustree_wes-2_l_japanese.yml,WES_infrastructure_effort,インフラへの注力
english,replace/bakasekai/focustree_wes-2_l_japanese.yml,WES_infrastructure_effort_2,インフラへの注力 II
english,replace/bakasekai/focustree_wes-2_l_japanese.yml,WES_infrastructure_effort_2_desc,さらなるインフラ拡張によって、高度な秘密計画には必須となる輸送や通信が可能になるだろう。
english,replace/bakasekai/focustree_wes-2_l_japanese.yml,WES_infrastructure_effort_desc,適切なインフラのない国は先進的な事業計画も建築も追及できない。
english,replace/bakasekai/focustree_wes-2_l_japanese.yml,WES_infrastructure_effort_tt,§Yインフラ§!用の建築スロットが不十分
english,replace/bakasekai/focustree_wes-2_l_japanese.yml,WES_invasion_of_kenya,ケニア侵攻
english,replace/bakasekai/focustree_wes-2_l_japanese.yml,WES_invasion_of_kenya_desc,ケニアを侵攻しアフリカ統一に一歩近づくのだ。
english,replace/bakasekai/focustree_wes-2_l_japanese.yml,WES_investing_in_the_UK_and_US,英米からの投資
english,replace/bakasekai/focustree_wes-2_l_japanese.yml,WES_investing_in_the_UK_and_US_desc,英米からの投資を受ければ我が国に大きな利益をもたらすだろう。
english,replace/bakasekai/focustree_wes-2_l_japanese.yml,WES_investment_from_Japan,日本からの投資
english,replace/bakasekai/focustree_wes-2_l_japanese.yml,WES_investment_from_Japan_desc,日本からの投資を受けて我が国は発展する。
english,replace/bakasekai/focustree_wes-2_l_japanese.yml,WES_investment_in_resource_development,資源開発への投資
english,replace/bakasekai/focustree_wes-2_l_japanese.yml,WES_investment_in_resource_development_desc,資源開発を行い双方に利益をもたらすのだ
english,replace/bakasekai/focustree_wes-2_l_japanese.yml,WES_investment_in_the_military_industry,軍需産業への出資
english,replace/bakasekai/focustree_wes-2_l_japanese.yml,WES_investment_in_the_military_industry_2,軍需産業への出資2
english,replace/bakasekai/focustree_wes-2_l_japanese.yml,WES_investment_in_the_military_industry_2_desc,我々は国防のために更なる軍拡を行う。
english,replace/bakasekai/focustree_wes-2_l_japanese.yml,WES_investment_in_the_military_industry_desc,民間の経済力も向上させたため今度は軍拡に入る。
english,replace/bakasekai/focustree_wes-2_l_japanese.yml,WES_join_Greater_East_Asia_Co_Prosperity_Sphere,大東亜共栄圏への加盟
english,replace/bakasekai/focustree_wes-2_l_japanese.yml,WES_join_Greater_East_Asia_Co_Prosperity_Sphere_desc,我が国の友好国である日本との関係をより強化するために陣営に加盟するべきだ。
english,replace/bakasekai/focustree_wes-2_l_japanese.yml,WES_joined_Axis_powers,枢軸国へ加盟
english,replace/bakasekai/focustree_wes-2_l_japanese.yml,WES_joined_Axis_powers_desc,ドイツの支援に感謝を表し、枢軸国に加盟してドイツの支援を行うべきだ。
english,replace/bakasekai/focustree_wes-2_l_japanese.yml,WES_joining_the_United_Nations,連合国への加盟
english,replace/bakasekai/focustree_wes-2_l_japanese.yml,WES_joining_the_United_Nations_desc,民主主義国家との同盟を行い、独裁国家へと立ち向かうべきだ。
english,replace/bakasekai/focustree_wes-2_l_japanese.yml,WES_large_navy,大規模な海軍
english,replace/bakasekai/focustree_wes-2_l_japanese.yml,WES_large_navy_desc,大型艦による輸送船団の安全確保へ海軍ドクトリンを最適化させることで、どのような艦艇を必要としているかよく分かるようになるだろう。
english,replace/bakasekai/focustree_wes-2_l_japanese.yml,WES_large_scale_manoeuvres,大演習
english,replace/bakasekai/focustree_wes-2_l_japanese.yml,WES_last_investment,最後の投資
english,replace/bakasekai/focustree_wes-2_l_japanese.yml,WES_last_investment_desc,ついに最後の投資を行い非常に効率的な採掘を行えるだろう。
english,replace/bakasekai/focustree_wes-2_l_japanese.yml,WES_liberation_from_south_africa,南アフリカからの解放
english,replace/bakasekai/focustree_wes-2_l_japanese.yml,WES_liberation_from_south_africa_desc,アフリカ人は西欧列強の作った南アフリカによって苦しめられている…我々が解放しなければ…
english,replace/bakasekai/focustree_wes-2_l_japanese.yml,WES_maintaining_own_territory,自国領土の保持
english,replace/bakasekai/focustree_wes-2_l_japanese.yml,WES_maintaining_own_territory_desc,あの島は我が国が確保すれば非常に国防上の利益があると分かった。確保しない手はないだろう。\nところで、あの島の名前はタイなのか？台湾なのか？マダガスカルなのか？
english,replace/bakasekai/focustree_wes-2_l_japanese.yml,WES_make_Japanese_an_official_language,日本語を公用語に
english,replace/bakasekai/focustree_wes-2_l_japanese.yml,WES_make_Japanese_an_official_language_desc,我が国は日本語を公用語にするべきだ。理由は思いつかないが、とにかくするべきである。
english,replace/bakasekai/focustree_wes-2_l_japanese.yml,WES_make_further_investments,更なる投資を行う
english,replace/bakasekai/focustree_wes-2_l_japanese.yml,WES_make_further_investments_desc,今までの投資は効果があったようだ。これからも進めるべきだ。
english,replace/bakasekai/focustree_wes-2_l_japanese.yml,WES_manufacture_of_infantry_rifles,歩兵銃の製造
english,replace/bakasekai/focustree_wes-2_l_japanese.yml,WES_mastering_the_Japanese_Doctrine,日本のドクトリンを習得する
english,replace/bakasekai/focustree_wes-2_l_japanese.yml,WES_mastering_the_Japanese_Doctrine_desc,日本で用いられているドクトリンの良い点をを我が国でも導入する。
english,replace/bakasekai/focustree_wes-2_l_japanese.yml,WES_mechanization_effort,機械化への注力
english,replace/bakasekai/focustree_wes-2_l_japanese.yml,WES_mechanization_effort_desc,自動車化歩兵の可能性を再考することで、今日の自動車両の可能性の限界を突破することができる。
english,replace/bakasekai/focustree_wes-2_l_japanese.yml,WES_motorization_effort,自動車化への注力
english,replace/bakasekai/focustree_wes-2_l_japanese.yml,WES_motorization_effort_desc,機動力と防御力は歩兵を安全に戦場へ輸送、また撤退させる上で必要不可欠だ。この分野への注力は我々の迅速な対応を可能にするだろう。
english,replace/bakasekai/focustree_wes-2_l_japanese.yml,WES_national_treasury_expenses,国庫支出金
english,replace/bakasekai/focustree_wes-2_l_japanese.yml,WES_national_treasury_expenses_desc,日本の国庫支出金制度を利用する。
english,replace/bakasekai/focustree_wes-2_l_japanese.yml,WES_naval_effort,海軍への注力
english,replace/bakasekai/focustree_wes-2_l_japanese.yml,WES_naval_effort_desc,海軍の拡充を、最優先事項とせねばならない。造船所に可能な資源を全て投入し、小型水上艦を研究するのだ。
english,replace/bakasekai/focustree_wes-2_l_japanese.yml,WES_naval_effort_tt,§Y海軍造船所§!用の建築スロットが不十分
english,replace/bakasekai/focustree_wes-2_l_japanese.yml,WES_normalization_of_organization,組織の正常化
english,replace/bakasekai/focustree_wes-2_l_japanese.yml,WES_nuclear_effort,核兵器への注力
english,replace/bakasekai/focustree_wes-2_l_japanese.yml,WES_nuclear_effort_desc,世界を変える歴史の分岐点において、地球を一日で滅ぼしてしまうような火を、他国に灯されてはならないのだ。
english,replace/bakasekai/focustree_wes-2_l_japanese.yml,WES_optimization_to_doctrine,ドクトリンへの最適化
english,replace/bakasekai/focustree_wes-2_l_japanese.yml,WES_preparing_for_a_War_Economy,戦争経済への準備
english,replace/bakasekai/focustree_wes-2_l_japanese.yml,WES_preparing_for_a_War_Economy_desc,民間の経済力を高くすることは長期的な視点において非常に重要である。
english,replace/bakasekai/focustree_wes-2_l_japanese.yml,WES_proceed_with_investment,投資を進める
english,replace/bakasekai/focustree_wes-2_l_japanese.yml,WES_proceed_with_investment_desc,各国への投資をさらに投資を進めよう。
english,replace/bakasekai/focustree_wes-2_l_japanese.yml,WES_production_effort,武装化への注力
english,replace/bakasekai/focustree_wes-2_l_japanese.yml,WES_production_effort_2,武装化への注力 II
english,replace/bakasekai/focustree_wes-2_l_japanese.yml,WES_production_effort_2_desc,民間工場で軍装品を生産させようというのは能率的でない。今は軍需生産に注力すべきだ。
english,replace/bakasekai/focustree_wes-2_l_japanese.yml,WES_production_effort_3,武装化への注力 III
english,replace/bakasekai/focustree_wes-2_l_japanese.yml,WES_production_effort_3_desc,新たな装備の需要を満たすためには、継続した軍需工場拡大の努力が必要である。
english,replace/bakasekai/focustree_wes-2_l_japanese.yml,WES_production_effort_desc,トラクターが作れるのなら、戦車だって作れるはずだ!軍事的生産力の立ち遅れは決して許されない。
english,replace/bakasekai/focustree_wes-2_l_japanese.yml,WES_production_effort_tt,§Y軍需工場§!用の建築スロットが不十分
english,replace/bakasekai/focustree_wes-2_l_japanese.yml,WES_progress_toward_a_nation_of_defense,国防国家への歩み
english,replace/bakasekai/focustree_wes-2_l_japanese.yml,WES_progress_toward_a_nation_of_defense_desc,国防自立国家の建設のために産業を強化する。
english,replace/bakasekai/focustree_wes-2_l_japanese.yml,WES_promotion_of_military_industry,軍需産業の振興
english,replace/bakasekai/focustree_wes-2_l_japanese.yml,WES_promotion_of_science_and_technology,科学技術振興
english,replace/bakasekai/focustree_wes-2_l_japanese.yml,WES_promotion_of_science_and_technology_desc,研究は我が国の血である。そしてそれを回し続けなければならない。
english,replace/bakasekai/focustree_wes-2_l_japanese.yml,WES_promotion_of_shipbuilding_industry,造船業の振興
english,replace/bakasekai/focustree_wes-2_l_japanese.yml,WES_promotion_of_the_aircraft_industry,航空機産業の振興
english,replace/bakasekai/focustree_wes-2_l_japanese.yml,WES_reorganization,再編成
english,replace/bakasekai/focustree_wes-2_l_japanese.yml,WES_republic_of_the_sahara,サハラ共和国
english,replace/bakasekai/focustree_wes-2_l_japanese.yml,WES_republic_of_the_sahara_desc,サハラ砂漠は長年混乱状態にあったが改善したため民主化を行う。
english,replace/bakasekai/focustree_wes-2_l_japanese.yml,WES_request_other_countries_to_join_the_SGC,SGCへの加盟を要請
english,replace/bakasekai/focustree_wes-2_l_japanese.yml,WES_request_other_countries_to_join_the_SGC_desc,SGCへアフリカ・中東の国々を招待しよう。これは我々の利益につながる。
english,replace/bakasekai/focustree_wes-2_l_japanese.yml,WES_rocket_effort,ロケットへの注力
english,replace/bakasekai/focustree_wes-2_l_japanese.yml,WES_rocket_effort_desc,ロケットエンジンとジェットエンジンは有人・無人を問わず、機体に前代未聞のスピードをもたらす。この技術の先駆者は、敵に驚異を与えるだろう。
english,replace/bakasekai/focustree_wes-2_l_japanese.yml,WES_sayama_letter_to_japan_tt,日本へ佐山建設地を要求する
english,replace/bakasekai/focustree_wes-2_l_japanese.yml,WES_sayama_tt,§R何かが起こってしまうかもしれない§!
english,replace/bakasekai/focustree_wes-2_l_japanese.yml,WES_secret_weapons,秘密兵器
english,replace/bakasekai/focustree_wes-2_l_japanese.yml,WES_secret_weapons_desc,余力をみな戦車と航空機の開発に注ぎこんでしまうのは魅力的な提案だが、戦争勝利の秘訣は新たな科学の領域－電子工学、ロケット工学、核研究－その全てにあるのだ。
english,replace/bakasekai/focustree_wes-2_l_japanese.yml,WES_shipbuilding_technology_from_UK_and_US,英米からの造船技術
english,replace/bakasekai/focustree_wes-2_l_japanese.yml,WES_shipbuilding_technology_from_UK_and_US_2,英米からの造船技術2
english,replace/bakasekai/focustree_wes-2_l_japanese.yml,WES_shipbuilding_technology_from_UK_and_US_2_desc,英米の造船技術を取り入れたところ非常に効果があった。再び技術協力を申し込もう。
english,replace/bakasekai/focustree_wes-2_l_japanese.yml,WES_shipbuilding_technology_from_UK_and_US_desc,英米の造船技術は非常に優れている。これは取り入れない他ない。
english,replace/bakasekai/focustree_wes-2_l_japanese.yml,WES_special_forces,特殊部隊
english,replace/bakasekai/focustree_wes-2_l_japanese.yml,WES_special_forces_desc,我々には特殊部隊が必要である。よって、山岳部隊と空挺部隊を優先事項とせねばならない。
english,replace/bakasekai/focustree_wes-2_l_japanese.yml,WES_strengthen_domestic_industry,国内産業の強化
english,replace/bakasekai/focustree_wes-2_l_japanese.yml,WES_strengthen_domestic_industry_2,国内産業の強化2
english,replace/bakasekai/focustree_wes-2_l_japanese.yml,WES_strengthen_domestic_industry_2_desc,我々はさらに産業の強化を行う。
english,replace/bakasekai/focustree_wes-2_l_japanese.yml,WES_strengthen_domestic_industry_desc,将来の発展のために産業を強化するべきだ。
english,replace/bakasekai/focustree_wes-2_l_japanese.yml,WES_strengthen_the_military_industry,軍需産業の強化
english,replace/bakasekai/focustree_wes-2_l_japanese.yml,WES_strengthen_the_military_industry_desc,ついに国内の産業は十分に発展した。これからはこれからは軍拡を行うべきだ。
english,replace/bakasekai/focustree_wes-2_l_japanese.yml,WES_strengthening_cooperation,協力の強化
english,replace/bakasekai/focustree_wes-2_l_japanese.yml,WES_strengthening_cooperation_desc,SGCでの協力を強化し経済上でより良い枠組みにしよう。
english,replace/bakasekai/focustree_wes-2_l_japanese.yml,WES_submarine_effort,潜水艦への注力
english,replace/bakasekai/focustree_wes-2_l_japanese.yml,WES_submarine_effort_desc,魚雷艇を開発して以来、潜水艦戦は最も関心の高い海軍の革新である。潜水艦対策のみならず、敵艦対策に潜水艦を利用することが上手くなるだろう。
english,replace/bakasekai/focustree_wes-2_l_japanese.yml,WES_synth_oil_effort_tt,§Y合成精製所§!用の建築スロットが不十分
english,replace/bakasekai/focustree_wes-2_l_japanese.yml,WES_technology_sharing,技術の共有
english,replace/bakasekai/focustree_wes-2_l_japanese.yml,WES_technology_sharing_desc,同盟国と技術の進歩を共有することで、陣営全体で戦時の研究開発をより効率的に遂行できるようになるだろう。
english,replace/bakasekai/focustree_wes-2_l_japanese.yml,WES_the_founding_of_the_saharan_african_empire,サハラ・アフリカ帝国の建国
english,replace/bakasekai/focustree_wes-2_l_japanese.yml,WES_the_founding_of_the_saharan_african_empire_desc,現在サハラはアフリカの非常に多くの地域を保持している。我々がアフリカを統一するのは極めて自然なことだろう。
english,replace/bakasekai/focustree_wes-2_l_japanese.yml,WES_the_second_America,第二のアメリカ
english,replace/bakasekai/focustree_wes-2_l_japanese.yml,WES_the_second_America_desc,我が国は海上輸送に特化した大陸国家となった。これはもはや第二のアメリカと名乗っても良いのではないだろうか。
english,replace/bakasekai/focustree_wes-2_l_japanese.yml,WES_train_decision_available,§G大陸横断鉄道§!建設デシジョンを開放する
english,replace/bakasekai/focustree_wes-sahara_l_japanese.yml,WES_African_unification,アフリカ統一
english,replace/bakasekai/focustree_wes-sahara_l_japanese.yml,WES_African_unification_desc,世界砂漠化計画の第一歩としてアフリカ全土を砂漠化させるべきだろう。進め!進み続けろ!砂漠化せよ!
english,replace/bakasekai/focustree_wes-sahara_l_japanese.yml,WES_anarchic_consolidation,無政府の統合
english,replace/bakasekai/focustree_wes-sahara_l_japanese.yml,WES_anarchic_consolidation_desc,なかよくなれた!うれしい!ナカヨシナカヨシウフフフフ ナカヨシナカヨシウフフフフ ナカヨシナカヨシウフフフフ フフフ
english,replace/bakasekai/focustree_wes-sahara_l_japanese.yml,WES_anarchic_struggle,無政府闘争
english,replace/bakasekai/focustree_wes-sahara_l_japanese.yml,WES_anarchic_struggle_desc,闘争!闘争!闘争!闘争!トウソウ!トウソウ!トウソウ!トウソウ!tousousoususousou!!!!!!!
english,replace/bakasekai/focustree_wes-sahara_l_japanese.yml,WES_civil_struggle,市民闘争
english,replace/bakasekai/focustree_wes-sahara_l_japanese.yml,WES_civil_struggle_desc,シミン、トウソウ、アカイ、カガヤキ、キイロ、ソメル、トウトツトウtソウそうソウトウtousouソウtousousoutou!!!!!
english,replace/bakasekai/focustree_wes-sahara_l_japanese.yml,WES_create_wespon_available,装備錬成デシジョンを解放する
english,replace/bakasekai/focustree_wes-sahara_l_japanese.yml,WES_desert_research_lab,砂漠研究室
english,replace/bakasekai/focustree_wes-sahara_l_japanese.yml,WES_desert_research_lab_desc,砂についての研究室が完成した!これを利用して更なる砂漠化を進めるのだ!
english,replace/bakasekai/focustree_wes-sahara_l_japanese.yml,WES_desertification_of_the_nile_and_suez,ナイルとスエズの砂漠化
english,replace/bakasekai/focustree_wes-sahara_l_japanese.yml,WES_desertification_of_the_nile_and_suez_desc,我々はアフリカに巣食うナイルの悪魔とスエズの人工悪魔を砂漠化し、アフリカの砂々の平穏を手に入れなければならない。
english,replace/bakasekai/focustree_wes-sahara_l_japanese.yml,WES_destruction_of_authority,権威の破壊
english,replace/bakasekai/focustree_wes-sahara_l_japanese.yml,WES_destruction_of_authority_desc,私はできた、破壊を。そう地方政治の!忌まわしき権威主義者どもを破壊し…
english,replace/bakasekai/focustree_wes-sahara_l_japanese.yml,WES_destruction_of_local_politics,地方政治の破壊
english,replace/bakasekai/focustree_wes-sahara_l_japanese.yml,WES_destruction_of_local_politics_desc,まずは政府を破壊することができた。Nextは地方政府のdestrictionで良いだろう。
english,replace/bakasekai/focustree_wes-sahara_l_japanese.yml,WES_destruction_of_the_government,政府の破壊
english,replace/bakasekai/focustree_wes-sahara_l_japanese.yml,WES_destruction_of_the_government_desc,サハラ全土をAnarchyにするにはまずは政府を破壊するべきだろう。
english,replace/bakasekai/focustree_wes-sahara_l_japanese.yml,WES_dismantling_the_state,国家の消滅
english,replace/bakasekai/focustree_wes-sahara_l_japanese.yml,WES_dismantling_the_state_desc,ぼくらのねがいはかなったnnnnnnnnnnnnnnnnnnnnnnnnnnneeeeeeeee!!!!!!!!!!!!
english,replace/bakasekai/focustree_wes-sahara_l_japanese.yml,WES_establishment_of_the_sgc,SGCの設立
english,replace/bakasekai/focustree_wes-sahara_l_japanese.yml,WES_establishment_of_the_sgc_desc,Sahara Greening Committee(サハラ緑化委員会) \nこれを設立し、砂漠の国土を緑化させ、我が国を成長させるべきだ。
english,replace/bakasekai/focustree_wes-sahara_l_japanese.yml,WES_found_sandsand_stan_available,スナスナスタン建国デシジョンを開放する
english,replace/bakasekai/focustree_wes-sahara_l_japanese.yml,WES_founding_of_sandsand_stan,スナスナスタンの建国
english,replace/bakasekai/focustree_wes-sahara_l_japanese.yml,WES_founding_of_sandsand_stan_desc,ナントカスタンなどと言うショボい名前など変えさせて、ナントカスタンはスナスナスタンとなるべきだ!
english,replace/bakasekai/focustree_wes-sahara_l_japanese.yml,WES_gone_with_the_sand,Gone with the sand
english,replace/bakasekai/focustree_wes-sahara_l_japanese.yml,WES_gone_with_the_sand_desc,Gone with the sand\n〜〜砂と共に去りぬ〜〜\n「我らは砂となり、消えて、この世界を支配するのです!」
english,replace/bakasekai/focustree_wes-sahara_l_japanese.yml,WES_march_of_the_sand_division,砂師団の行進
english,replace/bakasekai/focustree_wes-sahara_l_japanese.yml,WES_march_of_the_sand_division_desc,砂の軍は軍靴の音を立てて敵国に侵攻し、砂漠化させて行くだろう。
english,replace/bakasekai/focustree_wes-sahara_l_japanese.yml,WES_military_destruction,軍の破壊
english,replace/bakasekai/focustree_wes-sahara_l_japanese.yml,WES_military_destruction_desc,心を震わす軍靴の音は…、ハカイ、スバラシイ、、…、あゝうruわshき
english,replace/bakasekai/focustree_wes-sahara_l_japanese.yml,WES_progress_of_desertification,砂漠化の進行
english,replace/bakasekai/focustree_wes-sahara_l_japanese.yml,WES_progress_of_desertification_desc,我が国の砂漠化は進行している。我が国の全ては砂と化すだろう。砂漠化せよ!砂漠化せよ!砂漠化せよ!砂漠!砂漠!砂漠!砂漠!砂漠!砂漠!砂漠!砂漠!砂漠!
english,replace/bakasekai/focustree_wes-sahara_l_japanese.yml,WES_rule_by_sand,砂による統治
english,replace/bakasekai/focustree_wes-sahara_l_japanese.yml,WES_rule_by_sand_desc,砂の法に従い、占領地の人々は砂となるべきだ。彼らが砂う砂化させる教育を行うことでことで統治コストは減少するだろう。
english,replace/bakasekai/focustree_wes-sahara_l_japanese.yml,WES_sand_boat,砂のお船
english,replace/bakasekai/focustree_wes-sahara_l_japanese.yml,WES_sand_boat_desc,砂で船を作るぞ!!!沈んでも問題ない!
english,replace/bakasekai/focustree_wes-sahara_l_japanese.yml,WES_sand_car,砂車
english,replace/bakasekai/focustree_wes-sahara_l_japanese.yml,WES_sand_car_desc,砂の車を錬成できたが、きちんと走るのだろうか………………\nいや、砂は万能である故に全く問題ないであろう!
english,replace/bakasekai/focustree_wes-sahara_l_japanese.yml,WES_sand_plane,砂飛行機
english,replace/bakasekai/focustree_wes-sahara_l_japanese.yml,WES_sand_plane_desc,我らは砂飛行機を開発した!順次生産体制に入る予定になっている。
english,replace/bakasekai/focustree_wes-sahara_l_japanese.yml,WES_sand_rifle,砂弾銃
english,replace/bakasekai/focustree_wes-sahara_l_japanese.yml,WES_sand_rifle_desc,砂から銃を錬成し、運用することで使い物にならなくなった生産ラインの代わりに銃を生産することができるのだ。
english,replace/bakasekai/focustree_wes-sahara_l_japanese.yml,WES_spread_of_anarchy,無政府の広がり
english,replace/bakasekai/focustree_wes-sahara_l_japanese.yml,WES_spread_of_anarchy_desc,とうそうを、みんなでなかよく、わかちあい、へいわをてにし、とてもうれしい
english,replace/bakasekai/focustree_wes-sahara_l_japanese.yml,WES_war_of_sands,砂戦争
english,replace/bakasekai/focustree_wes-sahara_l_japanese.yml,WES_war_of_sands_desc,我々は世界を砂漠化させるための最終戦争を行う!砂師団の軍靴の音は世界中で鳴り響くだろう。万国の砂達よ、団結せよ!砂漠化せよ!進み続けよ!この先には我々のユートピアが待っている!
english,replace/bakasekai/focustree_wes-sahara_l_japanese.yml,WES_welcoming_the_sands_of_the_middle_east,中東の砂を迎え入れる
english,replace/bakasekai/focustree_wes-sahara_l_japanese.yml,WES_welcoming_the_sands_of_the_middle_east_desc,中東の砂も我々と共に世界を砂漠化するべきだ!万国の砂たちよ、団結せよ!
english,replace/bakasekai/macdonald_l_japanese.yml,Buns,バンズ
english,replace/bakasekai/macdonald_l_japanese.yml,Burger,バーガー
english,replace/bakasekai/macdonald_l_japanese.yml,Burger_4,バーガー4個
english,replace/bakasekai/macdonald_l_japanese.yml,Construction_of_shops,店舗の建設
english,replace/bakasekai/macdonald_l_japanese.yml,Determination_of_policy,方針の決定
english,replace/bakasekai/macdonald_l_japanese.yml,Dieting_1,ダイエット
english,replace/bakasekai/macdonald_l_japanese.yml,Dieting_1_2,ダイエット
english,replace/bakasekai/macdonald_l_japanese.yml,Dieting_1_decision,短期のダイエット
english,replace/bakasekai/macdonald_l_japanese.yml,Dieting_2,ダイエット
english,replace/bakasekai/macdonald_l_japanese.yml,Dieting_2_2,ダイエット
english,replace/bakasekai/macdonald_l_japanese.yml,Dieting_2_decision,中期のダイエット
english,replace/bakasekai/macdonald_l_japanese.yml,Dieting_3,ダイエット
english,replace/bakasekai/macdonald_l_japanese.yml,Dieting_3_decisiont,長期のダイエット
english,replace/bakasekai/macdonald_l_japanese.yml,Dieting_decision,ダイエット
english,replace/bakasekai/macdonald_l_japanese.yml,Donald_meme,ドナルドのミーム化
english,replace/bakasekai/macdonald_l_japanese.yml,Donald_meme_2,ドナルドのミーム化
english,replace/bakasekai/macdonald_l_japanese.yml,Expansion_of_economic_zones,経済圏の拡大
english,replace/bakasekai/macdonald_l_japanese.yml,Expansion_of_economic_zones_desc,我々の店舗を各州に建設することでその州での我々の勢力を強めなければならない!
english,replace/bakasekai/macdonald_l_japanese.yml,Finishing_the_Burgers,ハンバーガーの完成
english,replace/bakasekai/macdonald_l_japanese.yml,Getting_Buns,バンズの獲得
english,replace/bakasekai/macdonald_l_japanese.yml,Getting_Lettuce,レタスの獲得
english,replace/bakasekai/macdonald_l_japanese.yml,Getting_Patty,パティの獲得
english,replace/bakasekai/macdonald_l_japanese.yml,Lettuce,レタス
english,replace/bakasekai/macdonald_l_japanese.yml,MAC_CAS_effort,CASへの注力
english,replace/bakasekai/macdonald_l_japanese.yml,MAC_CAS_effort_desc,現代的な軍隊が求める支援は、地上車両だけでなく、空から共に行われねばならない。
english,replace/bakasekai/macdonald_l_japanese.yml,MAC_Cessation_of_Conflict,論争の中止
english,replace/bakasekai/macdonald_l_japanese.yml,MAC_Cessation_of_Conflict_forever,論争の完全終了
english,replace/bakasekai/macdonald_l_japanese.yml,MAC_Determination_of_bevarages,飲料の決定
english,replace/bakasekai/macdonald_l_japanese.yml,MAC_Determination_of_official_abbreviation_MAC,公式略称をマックに決定
english,replace/bakasekai/macdonald_l_japanese.yml,MAC_Determination_of_official_abbreviation_MCD,公式略称をマックに決定
english,replace/bakasekai/macdonald_l_japanese.yml,MAC_Dieting_1_tt,§Yダイエット§!を行う 成功確率は§R低い§!
english,replace/bakasekai/macdonald_l_japanese.yml,MAC_Dieting_2_tt,§Yダイエット§!を行う 成功確率は§Y通常§!
english,replace/bakasekai/macdonald_l_japanese.yml,MAC_Dieting_3_tt,§Yダイエット§!を行う 成功確率は§G高い§!
english,replace/bakasekai/macdonald_l_japanese.yml,MAC_Donald_memeing,ドナルドのミーム化
english,replace/bakasekai/macdonald_l_japanese.yml,MAC_Donald_memeing_desc,ドナルドをミーム化することでさらにドナルド教を広めることができる。
english,replace/bakasekai/macdonald_l_japanese.yml,MAC_Governance_by_corporations,企業による統治
english,replace/bakasekai/macdonald_l_japanese.yml,MAC_Governance_by_corporations_desc,マクドナルドによる明国の統治をさらに強めることで、より大きい成長を我が国にもたらすことができるだろう。
english,replace/bakasekai/macdonald_l_japanese.yml,MAC_Is_MC_Donald,M.C.ドナルドはダンスに夢中なのか？最終鬼畜道化師ドナルド・Ｍ
english,replace/bakasekai/macdonald_l_japanese.yml,MAC_Is_MC_Donald_desc,♪♪♪♪♪
english,replace/bakasekai/macdonald_l_japanese.yml,MAC_MAC_decide,略称をマックに決定する
english,replace/bakasekai/macdonald_l_japanese.yml,MAC_MCD_decide,略称をマクドに決定する
english,replace/bakasekai/macdonald_l_japanese.yml,MAC_NAV_effort,海軍への注力
english,replace/bakasekai/macdonald_l_japanese.yml,MAC_NAV_effort_desc,新しい海の戦いは水上はもちろん、空中にも水面下にもその場を広げていくだろう。
english,replace/bakasekai/macdonald_l_japanese.yml,MAC_Overseas_shop_openings,海外出店
english,replace/bakasekai/macdonald_l_japanese.yml,MAC_Overseas_shop_openings_desc,十分に資金も集まったため海外へ出店する
english,replace/bakasekai/macdonald_l_japanese.yml,MAC_PRM_ji_jia_bu_dui_henozhu_li_,機甲部隊への注力
english,replace/bakasekai/macdonald_l_japanese.yml,MAC_PRM_ji_jia_bu_dui_henozhu_li__desc,歩兵の機械化で学んだことを生かし、装甲車両をより良く改善できるだろう。
english,replace/bakasekai/macdonald_l_japanese.yml,MAC_PRM_undefined,装備への注力 II
english,replace/bakasekai/macdonald_l_japanese.yml,MAC_PRM_undefined_desc,歩兵と支援部隊が可能な限り最高の装備を持てるよう、不断の努力を行わねばならない。
english,replace/bakasekai/macdonald_l_japanese.yml,MAC_PRM_zhuang_bei_henozhu_li_iii,装備への注力 III
english,replace/bakasekai/macdonald_l_japanese.yml,MAC_PRM_zhuang_bei_henozhu_li_iii_desc,外国製装備の模倣や購入よりも、歩兵用武器で世界の最先端になることを目指すべきである。
english,replace/bakasekai/macdonald_l_japanese.yml,MAC_Perfection_of_Donaldism,ドナルド教の完成
english,replace/bakasekai/macdonald_l_japanese.yml,MAC_Perfection_of_Donaldism_desc,我々はドナルド教を完成させた。これを広げていこう。
english,replace/bakasekai/macdonald_l_japanese.yml,MAC_USA_create,アメリカ合衆国を形成する
english,replace/bakasekai/macdonald_l_japanese.yml,MAC_What_is_a_ranranru,らんらんルーってなんなんだ？
english,replace/bakasekai/macdonald_l_japanese.yml,MAC_What_is_a_ranranru_desc,ドナルドは嬉しくなると、ついやっちゃうんだ☆みんなも一緒にやってみようよ
english,replace/bakasekai/macdonald_l_japanese.yml,MAC_What_size_are_shoes_of_Donald,ドナルドの靴って何センチ？
english,replace/bakasekai/macdonald_l_japanese.yml,MAC_What_size_are_shoes_of_Donald_desc,ドナルドの靴はね、うーん…これくらい。ハンバーガーが、4個分くらいかな
english,replace/bakasekai/macdonald_l_japanese.yml,MAC_army_effort,陸軍への注力
english,replace/bakasekai/macdonald_l_japanese.yml,MAC_army_effort_desc,空戦や海戦がどれだけ進歩しても、陸上戦闘は将来の戦争でも鍵であり続ける。備えることで、塹壕の地獄へ舞い戻ることを回避できるのだ。
english,replace/bakasekai/macdonald_l_japanese.yml,MAC_aviation_effort,空軍力への注力
english,replace/bakasekai/macdonald_l_japanese.yml,MAC_aviation_effort_2,空軍力への注力 II
english,replace/bakasekai/macdonald_l_japanese.yml,MAC_aviation_effort_2_desc,空軍力を他部門の軍とうまく統合するには、航空機のさらなる進歩が必要だろう。
english,replace/bakasekai/macdonald_l_japanese.yml,MAC_aviation_effort_desc,空の戦いにおいての技術的進化ほど速いものは他にない。近代国家なら熟達せねばならない分野が空軍力である。
english,replace/bakasekai/macdonald_l_japanese.yml,MAC_aviation_effort_tt,§Y航空基地§!用の建築スロットが不十分
english,replace/bakasekai/macdonald_l_japanese.yml,MAC_balance_of_power_category,勢力均衡
english,replace/bakasekai/macdonald_l_japanese.yml,MAC_bomber_focus,爆撃機重視
english,replace/bakasekai/macdonald_l_japanese.yml,MAC_bomber_focus_desc,人々は将来、今日の戦争の恐怖について、それを空から降り注ぐ猛火の雨にたとえるだろう。敵にこの物語を語らせるために、最善を尽くそう。
english,replace/bakasekai/macdonald_l_japanese.yml,MAC_cancel_mefos,店舗営業の停止
english,replace/bakasekai/macdonald_l_japanese.yml,MAC_cancel_tt,営業を§R停止する§!
english,replace/bakasekai/macdonald_l_japanese.yml,MAC_capital_ships_effort,主力艦への注力
english,replace/bakasekai/macdonald_l_japanese.yml,MAC_capital_ships_effort_desc,最も戦艦を多く保有する国家が海を支配するだろう。空母と戦艦はそれぞれ海軍の優越性における新旧を象徴している。
english,replace/bakasekai/macdonald_l_japanese.yml,MAC_cokist_expansion_within_bureaucracy,官僚内部でのコーク主義者の拡大
english,replace/bakasekai/macdonald_l_japanese.yml,MAC_cokist_expansion_within_military,軍内部でのコーク主義者の拡大
english,replace/bakasekai/macdonald_l_japanese.yml,MAC_cokist_propaganda,コーク主義者のプロパガンダ
english,replace/bakasekai/macdonald_l_japanese.yml,MAC_congress_directe_support_amount,§G[?MAC.directors_support]§! / §Y[?MAC.directors_total]§!
english,replace/bakasekai/macdonald_l_japanese.yml,MAC_congress_directe_support_header,取締役会
english,replace/bakasekai/macdonald_l_japanese.yml,MAC_congress_house_support_amount,§G[?MAC.representatives_support]§! / §Y[?MAC.representatives_total]§!
english,replace/bakasekai/macdonald_l_japanese.yml,MAC_congress_house_support_header,株主総会
english,replace/bakasekai/macdonald_l_japanese.yml,MAC_construction_effort,建設への注力
english,replace/bakasekai/macdonald_l_japanese.yml,MAC_construction_effort_2,建設への注力 II
english,replace/bakasekai/macdonald_l_japanese.yml,MAC_construction_effort_2_desc,工場を拡張し続けることは、貿易や更なる建設の取り組みのための物資生産のスピードアップを可能にする。
english,replace/bakasekai/macdonald_l_japanese.yml,MAC_construction_effort_3,建設への注力 III
english,replace/bakasekai/macdonald_l_japanese.yml,MAC_construction_effort_3_desc,インフラ網の拡大は建設能力を大きく向上させてきた。
english,replace/bakasekai/macdonald_l_japanese.yml,MAC_construction_effort_desc,例え戦争が世界中で勃発しようと、民間の生産能力を過小評価してはならない。
english,replace/bakasekai/macdonald_l_japanese.yml,MAC_construction_effort_tt,§Y民需工場§!用の建築スロットが不十分
english,replace/bakasekai/macdonald_l_japanese.yml,MAC_cruiser_effort,巡洋艦への注力
english,replace/bakasekai/macdonald_l_japanese.yml,MAC_cruiser_effort_desc,先進的な戦艦の研究に着手する前に、小型巡洋艦の更新が必要である。
english,replace/bakasekai/macdonald_l_japanese.yml,MAC_destroyer_effort,駆逐艦への注力
english,replace/bakasekai/macdonald_l_japanese.yml,MAC_destroyer_effort_desc,潜水艦の設計、戦略的利用を研究する間に、こうした戦略にどう反撃すべきかを学習した。すなわち、駆逐艦をもってする反撃である。
english,replace/bakasekai/macdonald_l_japanese.yml,MAC_determination_tt,§Y今後の方針を決定する§!
english,replace/bakasekai/macdonald_l_japanese.yml,MAC_doctrine_effort,ドクトリンへの注力
english,replace/bakasekai/macdonald_l_japanese.yml,MAC_doctrine_effort_2,ドクトリンへの注力 II
english,replace/bakasekai/macdonald_l_japanese.yml,MAC_doctrine_effort_2_desc,戦場は戦間期のみならず、最近の紛争の経過を通して変化している。このことを反映するためにドクトリンを絶えず再評価せねばならない。
english,replace/bakasekai/macdonald_l_japanese.yml,MAC_doctrine_effort_desc,先の大戦の陸戦ドクトリンは、すでに時代遅れである。明日の軍事思想を成形する任務に対して最高の頭脳を割かなければならない。
english,replace/bakasekai/macdonald_l_japanese.yml,MAC_donaldism,ドナルド教
english,replace/bakasekai/macdonald_l_japanese.yml,MAC_donaldism_desc,
english,replace/bakasekai/macdonald_l_japanese.yml,MAC_equipment_effort,装備への注力
english,replace/bakasekai/macdonald_l_japanese.yml,MAC_equipment_effort_2,装備への注力2
english,replace/bakasekai/macdonald_l_japanese.yml,MAC_equipment_effort_2_desc,歩兵が持ち運べる装備の限界は絶え間なく押し上げられている。我々は可能な限り最高の装備を部隊に与えることを重視しよう。
english,replace/bakasekai/macdonald_l_japanese.yml,MAC_equipment_effort_3,装備への注力3
english,replace/bakasekai/macdonald_l_japanese.yml,MAC_equipment_effort_3_desc,歩兵が持ち運べる装備の限界は絶え間なく押し上げられている。我々は可能な限り最高の装備を部隊に与えることを重視しよう。
english,replace/bakasekai/macdonald_l_japanese.yml,MAC_equipment_effort_desc,歩兵が持ち運べる装備の限界は絶え間なく押し上げられている。我々は可能な限り最高の装備を部隊に与えることを重視しよう。
english,replace/bakasekai/macdonald_l_japanese.yml,MAC_extra_tech_slot,追加の研究枠
english,replace/bakasekai/macdonald_l_japanese.yml,MAC_extra_tech_slot_2,追加の研究枠 II
english,replace/bakasekai/macdonald_l_japanese.yml,MAC_extra_tech_slot_2_desc,我が国の急速な工業化によって、追求すべき研究開発の新たな局面が拓けた。
english,replace/bakasekai/macdonald_l_japanese.yml,MAC_extra_tech_slot_3,追加の研究枠 III
english,replace/bakasekai/macdonald_l_japanese.yml,MAC_extra_tech_slot_3_desc,我が国の急速な工業化によって、追求すべき研究開発の新たな局面が拓けた。
english,replace/bakasekai/macdonald_l_japanese.yml,MAC_extra_tech_slot_desc,産業拡張およびその他の最近の進歩は、並行して複数の研究開発を実施することを可能にするかもしれない。
english,replace/bakasekai/macdonald_l_japanese.yml,MAC_fighter_focus,戦闘機重視
english,replace/bakasekai/macdonald_l_japanese.yml,MAC_fighter_focus_desc,世界大戦以来、我々は空中戦を目にしていない。戦闘機の開発を先行し続けることは将来、我々を優位に立たせるだろう。
english,replace/bakasekai/macdonald_l_japanese.yml,MAC_finish_MAC_MCD_bop,論争を終了する。
english,replace/bakasekai/macdonald_l_japanese.yml,MAC_flexible_navy,柔軟性のある海軍
english,replace/bakasekai/macdonald_l_japanese.yml,MAC_flexible_navy_desc,潜水艦技術の進歩による海軍戦闘の改革によって、敵輸送船団の効率的な撃滅が可能になるだろう。
english,replace/bakasekai/macdonald_l_japanese.yml,MAC_further_expansion_of_Donaldism,ドナルド教の更なる拡大
english,replace/bakasekai/macdonald_l_japanese.yml,MAC_further_expansion_of_Donaldism_desc,
english,replace/bakasekai/macdonald_l_japanese.yml,MAC_industrial_effort,工業への注力
english,replace/bakasekai/macdonald_l_japanese.yml,MAC_industrial_effort_2,工業への注力 II
english,replace/bakasekai/macdonald_l_japanese.yml,MAC_industrial_effort_2_desc,鉄の意志と苛酷な労働倫理により、国民をその他の偉大なる産業に動員できるのだ。
english,replace/bakasekai/macdonald_l_japanese.yml,MAC_industrial_effort_desc,あらゆる政治的取り組みを民需産業の飛躍的増強のために注力する。
english,replace/bakasekai/macdonald_l_japanese.yml,MAC_infrastructure_effort,インフラへの注力
english,replace/bakasekai/macdonald_l_japanese.yml,MAC_infrastructure_effort_2,インフラへの注力 II
english,replace/bakasekai/macdonald_l_japanese.yml,MAC_infrastructure_effort_2_desc,さらなるインフラ拡張によって、高度な秘密計画には必須となる輸送や通信が可能になるだろう。
english,replace/bakasekai/macdonald_l_japanese.yml,MAC_infrastructure_effort_3,インフラへの注力 III
english,replace/bakasekai/macdonald_l_japanese.yml,MAC_infrastructure_effort_3_desc,さらなるインフラ拡張によって、高度な秘密計画には必須となる輸送や通信が可能になるだろう。
english,replace/bakasekai/macdonald_l_japanese.yml,MAC_infrastructure_effort_desc,適切なインフラのない国は先進的な事業計画も建築も追及できない。
english,replace/bakasekai/macdonald_l_japanese.yml,MAC_infrastructure_effort_tt,§Yインフラ§!用の建築スロットが不十分
english,replace/bakasekai/macdonald_l_japanese.yml,MAC_large_navy,大規模な海軍
english,replace/bakasekai/macdonald_l_japanese.yml,MAC_large_navy_desc,大型艦による輸送船団の安全確保へ海軍ドクトリンを最適化させることで、どのような艦艇を必要としているかよく分かるようになるだろう。
english,replace/bakasekai/macdonald_l_japanese.yml,MAC_macist_expansion_within_bureaucracy,マック主義の官僚機構での拡大
english,replace/bakasekai/macdonald_l_japanese.yml,MAC_macist_expansion_within_military,マック主義の軍での拡大
english,replace/bakasekai/macdonald_l_japanese.yml,MAC_macist_propaganda,マック主義者のプロパガンダ
english,replace/bakasekai/macdonald_l_japanese.yml,MAC_may_start_civil_war_bop,支持勢力がまだ少ないため§R内戦§!が起こる可能性が高い
english,replace/bakasekai/macdonald_l_japanese.yml,MAC_mcdist_expansion_within_bureaucracy,マクド主義の官僚機構での拡大
english,replace/bakasekai/macdonald_l_japanese.yml,MAC_mcdist_expansion_within_military,マクド主義の軍での拡大
english,replace/bakasekai/macdonald_l_japanese.yml,MAC_mcdist_propaganda,マクド主義者のプロパガンダ
english,replace/bakasekai/macdonald_l_japanese.yml,MAC_mechanization_effort,機械化への注力
english,replace/bakasekai/macdonald_l_japanese.yml,MAC_mechanization_effort_desc,自動車化歩兵の可能性を再考することで、今日の自動車両の可能性の限界を突破することができる。
english,replace/bakasekai/macdonald_l_japanese.yml,MAC_mefo_bills_mission,肥満の進行
english,replace/bakasekai/macdonald_l_japanese.yml,MAC_motorization_effort,自動車化への注力
english,replace/bakasekai/macdonald_l_japanese.yml,MAC_motorization_effort_desc,機動力と防御力は歩兵を安全に戦場へ輸送、また撤退させる上で必要不可欠だ。この分野への注力は我々の迅速な対応を可能にするだろう。
english,replace/bakasekai/macdonald_l_japanese.yml,MAC_naval_effort,海軍への注力
english,replace/bakasekai/macdonald_l_japanese.yml,MAC_naval_effort_2,造船所設備の拡大
english,replace/bakasekai/macdonald_l_japanese.yml,MAC_naval_effort_2_desc,真に注目に値する海軍に創り直すため、造船能力を大いに拡大しなければならない。
english,replace/bakasekai/macdonald_l_japanese.yml,MAC_naval_effort_desc,海軍の拡充を、最優先事項とせねばならない。造船所に可能な資源を全て投入し、小型水上艦を研究するのだ。
english,replace/bakasekai/macdonald_l_japanese.yml,MAC_naval_effort_tt,§Y海軍造船所§!用の建築スロットが不十分
english,replace/bakasekai/macdonald_l_japanese.yml,MAC_niconico_douga,ニコニコ動画
english,replace/bakasekai/macdonald_l_japanese.yml,MAC_niconico_douga_desc,ニコニコ動画でドナルド教を広めるのだ。
english,replace/bakasekai/macdonald_l_japanese.yml,MAC_nuclear_effort,核兵器への注力
english,replace/bakasekai/macdonald_l_japanese.yml,MAC_nuclear_effort_2,核兵器への注力 II
english,replace/bakasekai/macdonald_l_japanese.yml,MAC_nuclear_effort_2_desc,さらなる核兵器の研究によって、この破滅の力を他国に先んじて手に入れるのだ。
english,replace/bakasekai/macdonald_l_japanese.yml,MAC_nuclear_effort_desc,世界を変える歴史の分岐点において、地球を一日で滅ぼしてしまうような火を、他国に灯されてはならないのだ。
english,replace/bakasekai/macdonald_l_japanese.yml,MAC_pepsi_charange,ペプシチャレンジ!
english,replace/bakasekai/macdonald_l_japanese.yml,MAC_pepsist_expansion_within_bureaucracy,官僚内部でのペプシ主義者の拡大
english,replace/bakasekai/macdonald_l_japanese.yml,MAC_pepsist_expansion_within_military,軍内部でのペプシ主義者の拡大
english,replace/bakasekai/macdonald_l_japanese.yml,MAC_pepsist_propaganda,ペプシ主義者のプロパガンダ
english,replace/bakasekai/macdonald_l_japanese.yml,MAC_production_effort,武装化への注力
english,replace/bakasekai/macdonald_l_japanese.yml,MAC_production_effort_2,武装化への注力 II
english,replace/bakasekai/macdonald_l_japanese.yml,MAC_production_effort_2_desc,民間工場で軍装品を生産させようというのは能率的でない。今は軍需生産に注力すべきだ。
english,replace/bakasekai/macdonald_l_japanese.yml,MAC_production_effort_3,武装化への注力 III
english,replace/bakasekai/macdonald_l_japanese.yml,MAC_production_effort_3_desc,新たな装備の需要を満たすためには、継続した軍需工場拡大の努力が必要である。
english,replace/bakasekai/macdonald_l_japanese.yml,MAC_production_effort_desc,トラクターが作れるのなら、戦車だって作れるはずだ!軍事的生産力の立ち遅れは決して許されない。
english,replace/bakasekai/macdonald_l_japanese.yml,MAC_production_effort_tt,§Y軍需工場§!用の建築スロットが不十分
english,replace/bakasekai/macdonald_l_japanese.yml,MAC_renew_mefos,店舗営業の再開
english,replace/bakasekai/macdonald_l_japanese.yml,MAC_renew_tt,営業を§G再開する§!
english,replace/bakasekai/macdonald_l_japanese.yml,MAC_restart_MAC_MCD_bop,論争を再開する
english,replace/bakasekai/macdonald_l_japanese.yml,MAC_restart_of_Conflict,論争の再開
english,replace/bakasekai/macdonald_l_japanese.yml,MAC_rocket_effort,ロケットへの注力
english,replace/bakasekai/macdonald_l_japanese.yml,MAC_rocket_effort_desc,ロケットエンジンとジェットエンジンは有人・無人を問わず、機体に前代未聞のスピードをもたらす。この技術の先駆者は、敵に驚異を与えるだろう。
english,replace/bakasekai/macdonald_l_japanese.yml,MAC_rumor_of_Donald,ドナルドのウワサ
english,replace/bakasekai/macdonald_l_japanese.yml,MAC_rumor_of_Donald_desc,ドナルドってしゃべるの？
english,replace/bakasekai/macdonald_l_japanese.yml,MAC_sales_start_in_the_USA,アメリカでの販売
english,replace/bakasekai/macdonald_l_japanese.yml,MAC_sales_start_in_the_USA_desc,まずはアメリカで商売を行うべきだ
english,replace/bakasekai/macdonald_l_japanese.yml,MAC_secret_weapons,秘密兵器
english,replace/bakasekai/macdonald_l_japanese.yml,MAC_secret_weapons_desc,余力をみな戦車と航空機の開発に注ぎこんでしまうのは魅力的な提案だが、戦争勝利の秘訣は新たな科学の領域－電子工学、ロケット工学、核研究－その全てにあるのだ。
english,replace/bakasekai/macdonald_l_japanese.yml,MAC_special_forces,特殊部隊
english,replace/bakasekai/macdonald_l_japanese.yml,MAC_special_forces_desc,我々には特殊部隊が必要である。よって、山岳部隊と空挺部隊を優先事項とせねばならない。
english,replace/bakasekai/macdonald_l_japanese.yml,MAC_stop_MAC_MCD_bop,論争を一時中止とする
english,replace/bakasekai/macdonald_l_japanese.yml,MAC_submarine_effort,潜水艦への注力
english,replace/bakasekai/macdonald_l_japanese.yml,MAC_submarine_effort_desc,魚雷艇を開発して以来、潜水艦戦は最も関心の高い海軍の革新である。潜水艦対策のみならず、敵艦対策に潜水艦を利用することが上手くなるだろう。
english,replace/bakasekai/macdonald_l_japanese.yml,MAC_synth_oil_effort_tt,§Y合成精製所§!用の建築スロットが不十分
english,replace/bakasekai/macdonald_l_japanese.yml,MAC_technology_sharing,技術の共有
english,replace/bakasekai/macdonald_l_japanese.yml,MAC_technology_sharing_desc,同盟国と技術の進歩を共有することで、陣営全体で戦時の研究開発をより効率的に遂行できるようになるだろう。
english,replace/bakasekai/macdonald_l_japanese.yml,MAC_the_expansion_of_donaldism,ドナルド主義の広がり
english,replace/bakasekai/macdonald_l_japanese.yml,MAC_the_expansion_of_donaldism_desc,ドナルド教はさらなる広がりを見せている。このまま続けて我々の仲間を増やしていこう。
english,replace/bakasekai/macdonald_l_japanese.yml,MCD.1.a,よくやった!
english,replace/bakasekai/macdonald_l_japanese.yml,MCD.1.d,ダイエットの成功によって我々の肥満度を1段階下げることができた。これからもダイエットをするのか、再びハンバーガーを食べるかは我々次第だ。
english,replace/bakasekai/macdonald_l_japanese.yml,MCD.1.t,ダイエットの成功
english,replace/bakasekai/macdonald_l_japanese.yml,MCD.10.a,やはりペプシコの方が美味しいのだ
english,replace/bakasekai/macdonald_l_japanese.yml,MCD.10.b,味の研究をしなければ…
english,replace/bakasekai/macdonald_l_japanese.yml,MCD.10.d,回答者はペプシの方が美味しいと選択した。
english,replace/bakasekai/macdonald_l_japanese.yml,MCD.10.t,ペプシチャレンジ！
english,replace/bakasekai/macdonald_l_japanese.yml,MCD.11.a,コーラ戦争の開始.説明
english,replace/bakasekai/macdonald_l_japanese.yml,MCD.11.d,コーラ戦争は勢力均衡システムを軸に議会システムも用いて展開されます。7日毎に取締役会・株主総会での支持率を参照してある一定の割合でBoPの割合が変化します。BoP自体に気を配りながら取締役会・株主総会での支持を増やし自らの支持する飲料を採用しよう！
english,replace/bakasekai/macdonald_l_japanese.yml,MCD.11.t,コーラ戦争の開始.説明
english,replace/bakasekai/macdonald_l_japanese.yml,MCD.12.a,コカ・コーラに決まってる！
english,replace/bakasekai/macdonald_l_japanese.yml,MCD.12.b,ペプシコの方がうまい！
english,replace/bakasekai/macdonald_l_japanese.yml,MCD.12.d,マクドナルド政府は店舗で提供するコーラをコカ・コーラとペプシコのどちらにするか決定できず二分された。我々はこの舵取りをし提供コーラの決定を行わなければならない。\n「コカ・コーラとペプシ、どっちがすきだ？」
english,replace/bakasekai/macdonald_l_japanese.yml,MCD.12.t,コーラ戦争
english,replace/bakasekai/macdonald_l_japanese.yml,MCD.2.a,よくやった!
english,replace/bakasekai/macdonald_l_japanese.yml,MCD.2.d,ダイエットの成功によって我々の肥満度を1段階下げることができた。これからもダイエットをするのか、再びハンバーガーを食べるかは我々次第だ。
english,replace/bakasekai/macdonald_l_japanese.yml,MCD.2.t,ダイエットの成功
english,replace/bakasekai/macdonald_l_japanese.yml,MCD.3.a,よくやった!
english,replace/bakasekai/macdonald_l_japanese.yml,MCD.3.d,ダイエットの成功によって我々の肥満度を1段階下げることができた。これからもダイエットをするのか、再びハンバーガーを食べるかは我々次第だ。
english,replace/bakasekai/macdonald_l_japanese.yml,MCD.3.t,ダイエットの成功
english,replace/bakasekai/macdonald_l_japanese.yml,MCD.4.a,なんてことだ!
english,replace/bakasekai/macdonald_l_japanese.yml,MCD.4.d,国民の体重は想定よりも減らず、増加している人までいる、これはダイエットに失敗したということだろう
english,replace/bakasekai/macdonald_l_japanese.yml,MCD.4.t,ダイエットの失敗
english,replace/bakasekai/macdonald_l_japanese.yml,MCD.5.a,なんてことだ!
english,replace/bakasekai/macdonald_l_japanese.yml,MCD.5.d,国民の体重は想定よりも減らず、増加している人までいる、これはダイエットに失敗したということだろう
english,replace/bakasekai/macdonald_l_japanese.yml,MCD.5.t,ダイエットの失敗
english,replace/bakasekai/macdonald_l_japanese.yml,MCD.6.a,今はリスク回避に動くべきだ。
english,replace/bakasekai/macdonald_l_japanese.yml,MCD.6.b,企業は挑戦し続けねばならない!
english,replace/bakasekai/macdonald_l_japanese.yml,MCD.6.d,マクドナルド本社は会議を開始し、今後の経営方針について話し始めた。会議の結果、安定的な経営を続けていくか、国民の肥満度もコントロールする挑戦的な経営を行うかの、どちらかに勝手することになった。あなたはどちらを選ぶ？\n\n（選択肢上、難易度:易      選択肢下、難易度:高）
english,replace/bakasekai/macdonald_l_japanese.yml,MCD.6.t,経営方針策定会議
english,replace/bakasekai/macdonald_l_japanese.yml,MCD.7.t,経営方針策定会議.hidden
english,replace/bakasekai/macdonald_l_japanese.yml,MCD.8.a,マクド派を殲滅せよ！
english,replace/bakasekai/macdonald_l_japanese.yml,MCD.8.b,マック派を殲滅せよ！
english,replace/bakasekai/macdonald_l_japanese.yml,MCD.8.d,公式略称を決定したところ我々に反発する元たちが蜂起した。急ぎ鎮圧せねばならない。
english,replace/bakasekai/macdonald_l_japanese.yml,MCD.8.t,内戦発生!
english,replace/bakasekai/macdonald_l_japanese.yml,MCD.9.a,なんてことだ!
english,replace/bakasekai/macdonald_l_japanese.yml,MCD.9.b,当然だ
english,replace/bakasekai/macdonald_l_japanese.yml,MCD.9.d,回答者はコカ・コーラの方が美味しいと選択した。
english,replace/bakasekai/macdonald_l_japanese.yml,MCD.9.t,ペプシチャレンジ！
english,replace/bakasekai/macdonald_l_japanese.yml,MC_Donald,M.C.ドナルドはダンスに夢中なのか？最終鬼畜道化師ドナルド・Ｍ
english,replace/bakasekai/macdonald_l_japanese.yml,Making_burgers,ハンバーガー作り
english,replace/bakasekai/macdonald_l_japanese.yml,Making_burgers_desc,ハンバーガーを作ることで我々の師団は強くなるのだ!
english,replace/bakasekai/macdonald_l_japanese.yml,Management_by_McDonald,マクドナルドによる経営
english,replace/bakasekai/macdonald_l_japanese.yml,McDonald_Store_Opening_Policy,マクドナルド出店方針
english,replace/bakasekai/macdonald_l_japanese.yml,Obesity_1,肥満度:軽
english,replace/bakasekai/macdonald_l_japanese.yml,Obesity_2,肥満度:中
english,replace/bakasekai/macdonald_l_japanese.yml,Obesity_3,肥満度:重
english,replace/bakasekai/macdonald_l_japanese.yml,Obesity_4,肥満度:超重
english,replace/bakasekai/macdonald_l_japanese.yml,Overseas_shop_openings,海外出店
english,replace/bakasekai/macdonald_l_japanese.yml,Patty,パティ
english,replace/bakasekai/macdonald_l_japanese.yml,Progression_of_obesity,国民の肥満化
english,replace/bakasekai/macdonald_l_japanese.yml,Suspension_of_operations,営業の停止
english,replace/bakasekai/macdonald_l_japanese.yml,ranranru,ランランルー
english,replace/bakasekai/macdonald_l_japanese.yml,rumor_of_Donald,ドナルドのウワサ
english,replace/bakasekai/mystery_l_japanese.yml,MYS.1.a,謎を覗く時謎もまたこちらを覗いている。
english,replace/bakasekai/mystery_l_japanese.yml,MYS.1.d,謎地帯に派遣した5人の調査隊が帰還した。しかし帰還した隊員を知るものは誰もいなくなってしまった、彼らは誰からも忘れられてしまったのだ。さらに調査隊についての公文書も書き変わり、隊員についての記述は全てなくなっていた…\n政府は調査隊に謎地帯の情報を聞こうとしたが彼らは正気ではなくなっており政府職員との受け答えもできない状態のようだ。我々は彼らが何を見てきたのか判明させる必要がある…
english,replace/bakasekai/mystery_l_japanese.yml,MYS.1.t,調査隊の帰還
english,replace/bakasekai/mystery_l_japanese.yml,MYS.2.a,謎を覗く時謎もまたこちらを覗いている。
english,replace/bakasekai/mystery_l_japanese.yml,MYS.2.d,謎地帯に派遣した5人の調査隊が帰還した。しかし帰還した隊員を知るものは誰もいなくなってしまった、彼らは誰からも忘れられてしまったのだ。さらに調査隊についての公文書も書き変わり、隊員についての記述は全てなくなっていた…\n政府は調査隊に謎地帯の情報を聞いたところ謎地帯に入りしばらくすると方向感覚がなくなる上に物事に対する理解が薄れていってしまうようだ。あの地域に調査隊を派遣することは今後控えたほうがいいのかもしれない…
english,replace/bakasekai/mystery_l_japanese.yml,MYS.2.t,調査隊の帰還
english,replace/bakasekai/mystery_l_japanese.yml,MYS_batoruwoweilainidaoku,バトルを未来に導く
english,replace/bakasekai/mystery_l_japanese.yml,MYS_batoruwoweilainidaoku_desc,aaa
english,replace/bakasekai/mystery_l_japanese.yml,MYS_chaoyuewuqi,超越武器
english,replace/bakasekai/mystery_l_japanese.yml,MYS_chaoyuewuqi_desc,aaa
english,replace/bakasekai/mystery_l_japanese.yml,MYS_communism_party,共産主義
english,replace/bakasekai/mystery_l_japanese.yml,MYS_communism_party_long,共産主義
english,replace/bakasekai/mystery_l_japanese.yml,MYS_democratic_party,民主主義
english,replace/bakasekai/mystery_l_japanese.yml,MYS_democratic_party_long,民主主義
english,replace/bakasekai/mystery_l_japanese.yml,MYS_fanluanfenziwoshourong,反乱分子を収容
english,replace/bakasekai/mystery_l_japanese.yml,MYS_fanluanfenziwoshourong_desc,aaa
english,replace/bakasekai/mystery_l_japanese.yml,MYS_fansuravuzhuyinoshixian,汎スラヴ主義の実現
english,replace/bakasekai/mystery_l_japanese.yml,MYS_fansuravuzhuyinoshixian_desc,aaa
english,replace/bakasekai/mystery_l_japanese.yml,MYS_fascism_party,ファシズム
english,replace/bakasekai/mystery_l_japanese.yml,MYS_fascism_party_long,ファシズム
english,replace/bakasekai/mystery_l_japanese.yml,MYS_girisiyawoweilainidaoku,ギリシャを未来に導く
english,replace/bakasekai/mystery_l_japanese.yml,MYS_girisiyawoweilainidaoku_desc,aaa
english,replace/bakasekai/mystery_l_japanese.yml,MYS_gongyedaguo,工業大国
english,replace/bakasekai/mystery_l_japanese.yml,MYS_gongyedaguo_desc,aaa
english,replace/bakasekai/mystery_l_japanese.yml,MYS_inhurawokuoda,インフラを拡大
english,replace/bakasekai/mystery_l_japanese.yml,MYS_inhurawokuoda_desc,aaa
english,replace/bakasekai/mystery_l_japanese.yml,MYS_kexuechongbai,科学崇拝
english,replace/bakasekai/mystery_l_japanese.yml,MYS_kexuechongbai_desc,aaa
english,replace/bakasekai/mystery_l_japanese.yml,MYS_kirisutojiaowofeizhi,キリスト教を廃止
english,replace/bakasekai/mystery_l_japanese.yml,MYS_kirisutojiaowofeizhi_desc,aaa
english,replace/bakasekai/mystery_l_japanese.yml,MYS_miguojianoandingqianghua,謎国家の安定強化
english,replace/bakasekai/mystery_l_japanese.yml,MYS_miguojianoandingqianghua_desc,aaa
english,replace/bakasekai/mystery_l_japanese.yml,MYS_miguojianogongyehua,謎国家の工業化
english,replace/bakasekai/mystery_l_japanese.yml,MYS_miguojianogongyehua_desc,aaa
english,replace/bakasekai/mystery_l_japanese.yml,MYS_neutrality_party,中道主義
english,replace/bakasekai/mystery_l_japanese.yml,MYS_neutrality_party_long,中道主義
english,replace/bakasekai/mystery_l_japanese.yml,MYS_oziwoweilainidaoku,オージーを未来に導く
english,replace/bakasekai/mystery_l_japanese.yml,MYS_oziwoweilainidaoku_desc,aaa
english,replace/bakasekai/mystery_l_japanese.yml,MYS_shaoshuminzunosuqing,少数民族の粛清
english,replace/bakasekai/mystery_l_japanese.yml,MYS_shaoshuminzunosuqing_desc,aaa
english,replace/bakasekai/mystery_l_japanese.yml,MYS_ssrguoquniqiuwaretarenjianwoxiaoquss,§R過去に囚われた人間を消去§!
english,replace/bakasekai/mystery_l_japanese.yml,MYS_ssrguoquniqiuwaretarenjianwoxiaoquss_desc,aaa
english,replace/bakasekai/mystery_l_japanese.yml,MYS_tongyisuraburen,統一スラブ人
english,replace/bakasekai/mystery_l_japanese.yml,MYS_tongyisuraburen_desc,aaa
english,replace/bakasekai/mystery_l_japanese.yml,MYS_toransuhiyumanisutoguojianomukaike,トランスヒューマニスト国家の幕開け
english,replace/bakasekai/mystery_l_japanese.yml,MYS_toransuhiyumanisutoguojianomukaike_desc,aaa
english,replace/bakasekai/mystery_l_japanese.yml,MYS_weilaidejianzaowu,未来的建造物
english,replace/bakasekai/mystery_l_japanese.yml,MYS_weilaidejianzaowu_desc,aaa
english,replace/bakasekai/mystery_l_japanese.yml,MYS_weilainojundui,未来の軍隊
english,replace/bakasekai/mystery_l_japanese.yml,MYS_weilainojundui_desc,aaa
english,replace/bakasekai/mystery_l_japanese.yml,MYS_weilaizhuyidemi,未来主義的謎
english,replace/bakasekai/mystery_l_japanese.yml,MYS_weilaizhuyidemi_desc,futurist
english,replace/bakasekai/mystery_l_japanese.yml,MYS_xintanayanjiuwaku,新たな研究枠
english,replace/bakasekai/mystery_l_japanese.yml,MYS_xintanayanjiuwaku_desc,aaa
english,replace/bakasekai/mystery_l_japanese.yml,MYS_ziyuanwozengjia,資源を増加
english,replace/bakasekai/mystery_l_japanese.yml,MYS_ziyuanwozengjia_desc,aaa
english,replace/bakasekai/super_localisation_l_japanese.yml,sp_event_Battle_War,バトル内戦
english,replace/bakasekai/super_localisation_l_japanese.yml,sp_event_Battle_War_QUOTE,外交の時代は終わった。タイタンフォールに備えよ。 \n- 「タイタンフォール」オンラインマニュアル
english,replace/bakasekai/super_localisation_l_japanese.yml,sp_event_Battle_War_REMARK,スタンバイ。
english,replace/bakasekai/super_localisation_l_japanese.yml,sp_event_MC_Donald,M.C.ドナルドはダンスに夢中なのか？最終鬼畜道化師ドナルド・M
english,replace/bakasekai/super_localisation_l_japanese.yml,sp_event_MC_Donald_QUOTE,嬉しくなるとついやっちゃうんだ \n- ドナルド・マクドナルド
english,replace/bakasekai/super_localisation_l_japanese.yml,sp_event_MC_Donald_REMARK,洗☆脳☆完☆了
english,replace/bakasekai/super_localisation_l_japanese.yml,sp_event_NO_Economy,経済崩壊
english,replace/bakasekai/super_localisation_l_japanese.yml,sp_event_NO_Economy_QUOTE,不況の唯一の原因は好況である。 \n- ジョゼフ・クレマン・ジュグラー
english,replace/bakasekai/super_localisation_l_japanese.yml,sp_event_NO_Economy_REMARK,成長の反動だ…
english,replace/bakasekai/super_localisation_l_japanese.yml,sp_event_Perfect_long,長名同盟
english,replace/bakasekai/super_localisation_l_japanese.yml,sp_event_Perfect_long_QUOTE,3.141592653589793238462643383279502884197169399375105820974944592307816406286208998628034825342117067982148086513282306647093844609550...  \n- 円周率
english,replace/bakasekai/super_localisation_l_japanese.yml,sp_event_Perfect_long_REMARK,ふう、長く言えたかな
english,replace/bakasekai/super_localisation_l_japanese.yml,sp_event_WES_Empire,アフリカ統一
english,replace/bakasekai/super_localisation_l_japanese.yml,sp_event_WES_Empire_QUOTE,ドイツ統一は鉄と血を持ってのみ行われる \n- オットー・フォン・ビスマルク
english,replace/bakasekai/super_localisation_l_japanese.yml,sp_event_WES_Empire_REMARK,新たなアフリカの歴史が始まる
english,replace/bakasekai/super_localisation_l_japanese.yml,sp_event_WES_SAND,止まらない砂漠化
english,replace/bakasekai/super_localisation_l_japanese.yml,sp_event_WES_SAND_QUOTE,ローマは三度世界を征服した。 \n 剣によって、キリスト教によって、ローマ法によって。 \n- ルドルフ・フォン・イェーリング
english,replace/bakasekai/super_localisation_l_japanese.yml,sp_event_WES_SAND_REMARK,砂漠化は進む...
english,replace/bakasekai/super_localisation_l_japanese.yml,sp_event_WES_SGC,SGCの完成
english,replace/bakasekai/super_localisation_l_japanese.yml,sp_event_WES_SGC_QUOTE,敵が間違いを犯している時は、邪魔するな。 \n- ナポレオン・ボナパルト
english,replace/bakasekai/super_localisation_l_japanese.yml,sp_event_WES_SGC_REMARK,我が国は昇華するのだ...
english,replace/bakasekai/super_localisation_l_japanese.yml,sp_event_YAAI,you are an idiot
english,replace/bakasekai/super_localisation_l_japanese.yml,sp_event_YAAI_QUOTE,you are an idiot! \n ha haha ha ha ha haaa! \n ah hahaha haa! \n- 開発者一同、感謝を込めて
english,replace/bakasekai/super_localisation_l_japanese.yml,sp_event_YAAI_REMARK,こんな物作る奴の方がバカだ！
english,replace/bakasekai/usa_l_japanese.yml,Earl_Warren,アール・ウォーレン
english,replace/bakasekai/usa_l_japanese.yml,Earl_Warren_desc,1891年3月19日にカリフォルニア州ロサンゼルスで、ノルウェー移民のマット・ウォーレンの息子として出生した。母親のクリスティーン「クリスタル」ヘルンランドはスウェーデン移民であった。ウォーレンの父親はサザン・パシフィック鉄道に長年勤務した。ウォーレンはカリフォルニア州ベーカーズフィールドで成長し、カリフォルニア大学バークレー校とそのロー・スクールを卒業した。\nその後サンフランシスコ湾岸地区（ベイ・エリア）の法律事務所に5年間勤務する。ウォーレンは1920年にサンフランシスコ郡のための仕事を行い、1925年にはアラミダ郡の地方検事が辞職した後、同職に任命された。ウォーレンは4年間に3度再選された。ウォーレンは犯罪に対するタフな地方検事として、横暴であるという評判を持っていた。ウォーレンの有罪宣告はいずれも上級審で逆転されることは無かった。
english,replace/bakasekai/usa_l_japanese.yml,USAB.1.a,アメリカ統一政府を発足
english,replace/bakasekai/usa_l_japanese.yml,USAB.1.b,アメリカ正統政府を発足
english,replace/bakasekai/usa_l_japanese.yml,USAB.1.c,我々は盟主をやる気はない。
english,replace/bakasekai/usa_l_japanese.yml,USAB.1.d,合衆国は長期間にわたって分裂した。再統一運動が過熱しているが、問題はいったいどこが主導権を握るかだ。もはや第二次南北戦争は避けられないようだ。
english,replace/bakasekai/usa_l_japanese.yml,USAB.1.t,大規模内戦の予兆
english,replace/bakasekai/usa_l_japanese.yml,USAB.2.a,全軍に命ずる。彼らを全力で支援せよ!
english,replace/bakasekai/usa_l_japanese.yml,USAB.2.b,クソ食らえだ!
english,replace/bakasekai/usa_l_japanese.yml,USAB.2.d,来る内戦に向けてアメリカ統一政府は我々の加盟を打診した。
english,replace/bakasekai/usa_l_japanese.yml,USAB.2.t,アメリカ統一政府加盟の打診
english,replace/bakasekai/usa_l_japanese.yml,USAB.3.a,全軍に命ずる。彼らを全力で支援せよ!
english,replace/bakasekai/usa_l_japanese.yml,USAB.3.b,クソ食らえだ!
english,replace/bakasekai/usa_l_japanese.yml,USAB.3.d,来る内戦に向けてアメリカ正統政府は我々の加盟を打診した。
english,replace/bakasekai/usa_l_japanese.yml,USAB.3.t,アメリカ正統政府加盟の打診
english,replace/bakasekai/usa_l_japanese.yml,USAB.4.a,アメリカ統一政府とともに戦おう。
english,replace/bakasekai/usa_l_japanese.yml,USAB.4.b,アメリカ正統政府とともに戦おう。
english,replace/bakasekai/usa_l_japanese.yml,USAB.4.c,我々は中立を保つ。
english,replace/bakasekai/usa_l_japanese.yml,USAB.4.d,ついに第二次南北戦争が起きた。我々は身の振り方を考える時が来たのだろう。我々はどの陣営に加盟すべきだろうか。
english,replace/bakasekai/usa_l_japanese.yml,USAB.4.t,内戦勃発
english,replace/bakasekai/usa_l_japanese.yml,USAB.5.a,素晴らしい!
english,replace/bakasekai/usa_l_japanese.yml,USAB.5.d,彼らは我々とともに戦う覚悟を決めたようだ。
english,replace/bakasekai/usa_l_japanese.yml,USAB.5.t,[FROM.GetName]が陣営加盟を受託
english,replace/bakasekai/usa_l_japanese.yml,USAB.6.a,クソが!
english,replace/bakasekai/usa_l_japanese.yml,USAB.6.d,我々は彼らの勧誘に失敗した。
english,replace/bakasekai/usa_l_japanese.yml,USAB.6.t,[FROM.GetName]が陣営加盟を拒否!
english,replace/bakasekai/usa_l_japanese.yml,USAB_civil_1,他国を陣営に招待
english,replace/bakasekai/usa_l_japanese.yml,USAB_civil_2,他国を陣営に招待
english,replace/bakasekai/usa_l_japanese.yml,USAB_civil_3,国土統一宣言
english,replace/bakasekai/wes_l_japanese.yml,Concentration_of_construction_forces,建設力の集中
english,replace/bakasekai/wes_l_japanese.yml,Concentration_of_construction_forces_desc,建設力を集中させることで我が国は経済発展を成し遂げるだろう
english,replace/bakasekai/wes_l_japanese.yml,Desertification_of_territory,領土の砂漠化
english,replace/bakasekai/wes_l_japanese.yml,It_is_dream,夢
english,replace/bakasekai/wes_l_japanese.yml,LOC_SAYAMAOKI,佐山沖
english,replace/bakasekai/wes_l_japanese.yml,Peace_Negotiations_with_Japan,日本との講和交渉
english,replace/bakasekai/wes_l_japanese.yml,SAND_DESC_LOC,Sand is all. All is sand.
english,replace/bakasekai/wes_l_japanese.yml,SAND_UNION,連邦の結成
english,replace/bakasekai/wes_l_japanese.yml,SAND_UNION_decision,砂漠連邦の形成
english,replace/bakasekai/wes_l_japanese.yml,WES.1.a,緑化委員会に加盟する
english,replace/bakasekai/wes_l_japanese.yml,WES.1.b,断る
english,replace/bakasekai/wes_l_japanese.yml,WES.1.d,サハラはサハラ緑化委員会を設立し、我々を招待した。\n 委員会に参加すれば緑化による利益がもたらされるだろう。
english,replace/bakasekai/wes_l_japanese.yml,WES.1.t,サハラ緑化委員会への招待
english,replace/bakasekai/wes_l_japanese.yml,WES.10.a,彼らは愚かだったようだ…
english,replace/bakasekai/wes_l_japanese.yml,WES.10.d,彼らは我々の提案を断った。「物理的に」資源を回収に行こう
english,replace/bakasekai/wes_l_japanese.yml,WES.10.t,提案を拒否
english,replace/bakasekai/wes_l_japanese.yml,WES.11.a,サハラ緑化委員会万歳!
english,replace/bakasekai/wes_l_japanese.yml,WES.11.d,彼らは我々の提案を受け入れた。彼らは我々の支援のもとで発展していくだろう!
english,replace/bakasekai/wes_l_japanese.yml,WES.11.t,彼らは我々の要請を受け入れた
english,replace/bakasekai/wes_l_japanese.yml,WES.12.a,彼らは我々の支援を受けないのか…
english,replace/bakasekai/wes_l_japanese.yml,WES.12.d,彼らは我々の提案を断った。彼らは没落するだろう…
english,replace/bakasekai/wes_l_japanese.yml,WES.12.t,彼らは我々の要請を断った
english,replace/bakasekai/wes_l_japanese.yml,WES.13.a,絶対に止めるべきだ!
english,replace/bakasekai/wes_l_japanese.yml,WES.13.b,日本政府を正式に訪問すべきだ
english,replace/bakasekai/wes_l_japanese.yml,WES.13.c,彼にも休養が必要だ
english,replace/bakasekai/wes_l_japanese.yml,WES.13.d,我らが大統領閣下は東京へ旅行に公費で行くと言っている。我々はこれを止めるべきだろうか…
english,replace/bakasekai/wes_l_japanese.yml,WES.13.t,国家元首の旅行
english,replace/bakasekai/wes_l_japanese.yml,WES.14.a,得体の知れない存在は「排除」するべきだ
english,replace/bakasekai/wes_l_japanese.yml,WES.14.b,首相閣下の言う通り彼らは何かこの国に要物をもたらしそうだ…
english,replace/bakasekai/wes_l_japanese.yml,WES.14.d,東京へ旅行に行った閣下は二人組…？を連れて帰ってきた。\n片方は日本からの土産の「Manjuu」に似た存在で人間には全く見えなかったが人の言葉を喋っている。\n彼らを首相閣下は閣僚として雇う気があるようだが承認するべきだろうか…
english,replace/bakasekai/wes_l_japanese.yml,WES.14.t,二人組(?)
english,replace/bakasekai/wes_l_japanese.yml,WES.15.a,何が起きたんだ…
english,replace/bakasekai/wes_l_japanese.yml,WES.15.d,よくわからないことが起きてしまった。この県の名称が佐原県から佐山県に変更されたのだ。
english,replace/bakasekai/wes_l_japanese.yml,WES.15.t,佐山県
english,replace/bakasekai/wes_l_japanese.yml,WES.16.a,講和するべきだ
english,replace/bakasekai/wes_l_japanese.yml,WES.16.b,いや、戦い続けるべきだ!
english,replace/bakasekai/wes_l_japanese.yml,WES.16.d,南アフリカの大部分を我々は占領した。これ以上の不毛な争いはやめるべきだ。
english,replace/bakasekai/wes_l_japanese.yml,WES.16.t,南アフリカとの講和交渉
english,replace/bakasekai/wes_l_japanese.yml,WES.17.a,抵抗することは損害を大きくするだけだ
english,replace/bakasekai/wes_l_japanese.yml,WES.17.b,We shall never surrender!
english,replace/bakasekai/wes_l_japanese.yml,WES.17.d,サハラ政府はこれ以上の戦闘は不毛になると我々に降伏勧告を送ってきた。どう返すべきだろうか？
english,replace/bakasekai/wes_l_japanese.yml,WES.17.t,サハラからの講和交渉
english,replace/bakasekai/wes_l_japanese.yml,WES.18.a,やったぞ!
english,replace/bakasekai/wes_l_japanese.yml,WES.18.d,南アフリカの領土は我が国が併合することとなった。
english,replace/bakasekai/wes_l_japanese.yml,WES.18.t,講和の成立
english,replace/bakasekai/wes_l_japanese.yml,WES.19.d,我々は講和するべきだと考えたが彼らは違うようだ。彼らを徹底的に攻撃し、破壊しよう。
english,replace/bakasekai/wes_l_japanese.yml,WES.19.t,講和の拒否
english,replace/bakasekai/wes_l_japanese.yml,WES.2.a,賛成だ
english,replace/bakasekai/wes_l_japanese.yml,WES.2.b,反対だ
english,replace/bakasekai/wes_l_japanese.yml,WES.2.c,我々には関係のない話だ
english,replace/bakasekai/wes_l_japanese.yml,WES.2.d,サハラはより深く委員会で関係を持とうとしている。サハラによるとこのことは利益がもたらされるようだ。
english,replace/bakasekai/wes_l_japanese.yml,WES.2.t,サハラからの提案
english,replace/bakasekai/wes_l_japanese.yml,WES.20.a,民衆に公開し、裁かせるべきだ!
english,replace/bakasekai/wes_l_japanese.yml,WES.20.b,秘密裏に止めさせよう
english,replace/bakasekai/wes_l_japanese.yml,WES.20.c,彼の好きにさせるべきだ
english,replace/bakasekai/wes_l_japanese.yml,WES.20.d,国税庁が調査をした所、大統領は公費を度々私的に利用しているようだ。我々はどうすべきだろうか？
english,replace/bakasekai/wes_l_japanese.yml,WES.20.t,大統領による公費の私的利用？
english,replace/bakasekai/wes_l_japanese.yml,WES.21.a,2日にすべきだ
english,replace/bakasekai/wes_l_japanese.yml,WES.21.b,5日にすべきだ
english,replace/bakasekai/wes_l_japanese.yml,WES.21.c,7日にすべきだ
english,replace/bakasekai/wes_l_japanese.yml,WES.21.d,いくらでもいいだろう
english,replace/bakasekai/wes_l_japanese.yml,WES.21.desc,大統領の日本旅行の期間を設定することとなった。できる限り、短くなるようにしなければ…
english,replace/bakasekai/wes_l_japanese.yml,WES.21.t,旅行期間の決定
english,replace/bakasekai/wes_l_japanese.yml,WES.22.a,少しは成果があったようだ
english,replace/bakasekai/wes_l_japanese.yml,WES.22.d,日本政府を訪問したが特に大きな成果は得られなかった。ただ、知見を広めることはできたようだ。
english,replace/bakasekai/wes_l_japanese.yml,WES.22.t,訪問の結果
english,replace/bakasekai/wes_l_japanese.yml,WES.23.a,これで満足しただろう
english,replace/bakasekai/wes_l_japanese.yml,WES.23.d,大統領が日本からの旅行から帰国した。一日でも早く公務に復帰してもらおう。
english,replace/bakasekai/wes_l_japanese.yml,WES.23.t,大統領の帰国
english,replace/bakasekai/wes_l_japanese.yml,WES.24.a,フェネックが大統領選に出ている!かわいい!
english,replace/bakasekai/wes_l_japanese.yml,WES.24.b,Isaac Ali 氏が当選した!
english,replace/bakasekai/wes_l_japanese.yml,WES.24.c,いや、このまま大統領を決定しなければ…我々の目的が達成できるのでは…？
english,replace/bakasekai/wes_l_japanese.yml,WES.24.d,大統領は政治資金の私的流用によって解任された。そのため国中が混乱し、暴動やデモが多発している。我々はその影響を大きく受けているが選挙を急いで行わなければならない。どの候補者が当選したのだろうか…
english,replace/bakasekai/wes_l_japanese.yml,WES.24.t,大統領の改選
english,replace/bakasekai/wes_l_japanese.yml,WES.25.a,民衆の支持は取り付けた!このまま進め!
english,replace/bakasekai/wes_l_japanese.yml,WES.25.d,大統領不在の期間が長く続き、国民は政府の存在にも疑問視してきている。機は熟した、我々の理想を達成するために、行動を開始しよう。
english,replace/bakasekai/wes_l_japanese.yml,WES.25.t,政府の破壊
english,replace/bakasekai/wes_l_japanese.yml,WES.26.a,やったぞ!!!安定度が回復しているように見える!
english,replace/bakasekai/wes_l_japanese.yml,WES.26.d,我が国の安定度は低下し続けている。国民の目を不安定から逸らそう。…根本的な解決にはならないが…
english,replace/bakasekai/wes_l_japanese.yml,WES.26.t,安定度の修正
english,replace/bakasekai/wes_l_japanese.yml,WES.27.a,また一歩、アメリカに近づけた…
english,replace/bakasekai/wes_l_japanese.yml,WES.27.d,我が国内に鉄道を多く張り巡らせることができた。これで我が国の経済は上向くだろう。
english,replace/bakasekai/wes_l_japanese.yml,WES.27.t,大陸横断鉄道建設の完了
english,replace/bakasekai/wes_l_japanese.yml,WES.28.a,加盟すべきだ
english,replace/bakasekai/wes_l_japanese.yml,WES.28.b,するべきではない
english,replace/bakasekai/wes_l_japanese.yml,WES.28.d,現在サハラ緑化委員会では加盟国間で研究協力を行うことが協議されており、加入すれば我が国の研究能力はさらに向上するだろう。我々は参加すべきなのだろうか。
english,replace/bakasekai/wes_l_japanese.yml,WES.28.t,SGC研究協力機構
english,replace/bakasekai/wes_l_japanese.yml,WES.29.a,入隊を許可しよう
english,replace/bakasekai/wes_l_japanese.yml,WES.29.b,断るべきだ
english,replace/bakasekai/wes_l_japanese.yml,WES.29.d,ムバカ族の首長の息子であるジャン＝ベデル・ボカサが我が軍への入隊を希望している。我々は受け入れるべきなのだろうか…
english,replace/bakasekai/wes_l_japanese.yml,WES.29.t,ある青年の入隊希望
english,replace/bakasekai/wes_l_japanese.yml,WES.3.a,通商の拡大をしよう!
english,replace/bakasekai/wes_l_japanese.yml,WES.3.b,断る
english,replace/bakasekai/wes_l_japanese.yml,WES.3.c,我々には関係のない話だ
english,replace/bakasekai/wes_l_japanese.yml,WES.3.d,サハラは更なる委員会での通称を模索している。
english,replace/bakasekai/wes_l_japanese.yml,WES.3.t,更なる委員会の結束
english,replace/bakasekai/wes_l_japanese.yml,WES.30.a,機動戦をするべきだ
english,replace/bakasekai/wes_l_japanese.yml,WES.30.b,火力を強化するべきだ
english,replace/bakasekai/wes_l_japanese.yml,WES.30.c,綿密な計画を立てるべきだ
english,replace/bakasekai/wes_l_japanese.yml,WES.30.d,我が国は今後の軍事的方針を定めなければならない。まずは陸軍からだ。
english,replace/bakasekai/wes_l_japanese.yml,WES.30.desc,縦深戦術やゲリラ戦術を行うべきだ
english,replace/bakasekai/wes_l_japanese.yml,WES.30.t,方針の決定
english,replace/bakasekai/wes_l_japanese.yml,WES.31.a,艦隊の生存力を高めるべきだ
english,replace/bakasekai/wes_l_japanese.yml,WES.31.b,敵の通商を破壊するべきだ
english,replace/bakasekai/wes_l_japanese.yml,WES.31.c,空母を活用して敵海軍を破壊するべきだ
english,replace/bakasekai/wes_l_japanese.yml,WES.31.d,我が国は今後の軍事的方針を定めなければならない。次に海軍だ。
english,replace/bakasekai/wes_l_japanese.yml,WES.31.t,方針の決定
english,replace/bakasekai/wes_l_japanese.yml,WES.32.a,航空優勢の確保を最優先すべきだ
english,replace/bakasekai/wes_l_japanese.yml,WES.32.b,空軍による陸軍の補佐が重要だ
english,replace/bakasekai/wes_l_japanese.yml,WES.32.c,空軍によって敵生産能力を破壊することが最善だ
english,replace/bakasekai/wes_l_japanese.yml,WES.32.d,我が国は今後の軍事的方針を定めなければならない。最後は空軍だ。
english,replace/bakasekai/wes_l_japanese.yml,WES.32.t,方針の決定
english,replace/bakasekai/wes_l_japanese.yml,WES.33.a,El Ouali Mustapha Sayed氏が再当選した
english,replace/bakasekai/wes_l_japanese.yml,WES.33.b,Issac Ali氏が当選した
english,replace/bakasekai/wes_l_japanese.yml,WES.33.c,Issac Ali氏が再当選した
english,replace/bakasekai/wes_l_japanese.yml,WES.33.d,ジャン＝ベデル・ボカサ氏が当選した
english,replace/bakasekai/wes_l_japanese.yml,WES.33.t,大統領選
english,replace/bakasekai/wes_l_japanese.yml,WES.39.a,モロッコ併合
english,replace/bakasekai/wes_l_japanese.yml,WES.39.b,カシミール併合
english,replace/bakasekai/wes_l_japanese.yml,WES.39.c,カンボジア併合
english,replace/bakasekai/wes_l_japanese.yml,WES.39.d,我が国は敵国を降伏させ、併合した。
english,replace/bakasekai/wes_l_japanese.yml,WES.39.t,交戦国の併合
english,replace/bakasekai/wes_l_japanese.yml,WES.4.a,連合化を受け入れる
english,replace/bakasekai/wes_l_japanese.yml,WES.4.b,断る
english,replace/bakasekai/wes_l_japanese.yml,WES.4.c,我々には関係のない話だ
english,replace/bakasekai/wes_l_japanese.yml,WES.4.d,サハラは緑化委員会の連合化を提案している。
english,replace/bakasekai/wes_l_japanese.yml,WES.4.t,連合化の提案
english,replace/bakasekai/wes_l_japanese.yml,WES.40.a,「自称」佐山県など一瞬で勝利を収められるだろう
english,replace/bakasekai/wes_l_japanese.yml,WES.40.b,屈するべきだ
english,replace/bakasekai/wes_l_japanese.yml,WES.40.d,佐山県は我が国の青森県を「佐山県」建設用地として割譲することを要求している。
english,replace/bakasekai/wes_l_japanese.yml,WES.40.t,佐山県の要求
english,replace/bakasekai/wes_l_japanese.yml,WES.41.a,参戦布告だ
english,replace/bakasekai/wes_l_japanese.yml,WES.41.d,日本からの使者は「自称」佐山県などに与える領土は一片たりともないと告げてきた。
english,replace/bakasekai/wes_l_japanese.yml,WES.41.t,交渉の失敗
english,replace/bakasekai/wes_l_japanese.yml,WES.42.a,やったぞ!
english,replace/bakasekai/wes_l_japanese.yml,WES.42.d,日本は割譲を承認した。これで我が国は狭山建設プロジェクトを進めることができる。
english,replace/bakasekai/wes_l_japanese.yml,WES.42.t,交渉の成立
english,replace/bakasekai/wes_l_japanese.yml,WES.43.a,屈するべきだ
english,replace/bakasekai/wes_l_japanese.yml,WES.43.b,抵抗を続けなければならない
english,replace/bakasekai/wes_l_japanese.yml,WES.43.d,「佐山県」は我が国の青森県の割譲を引き換えに講和を提案している。どうすべきだろうか。
english,replace/bakasekai/wes_l_japanese.yml,WES.43.t,「佐山」からの交渉
english,replace/bakasekai/wes_l_japanese.yml,WES.44.a,屈するべきだ
english,replace/bakasekai/wes_l_japanese.yml,WES.44.b,抵抗を続けなければならない
english,replace/bakasekai/wes_l_japanese.yml,WES.44.d,「佐山県」は我が国の青森県の割譲を引き換えに講和を提案している。どうすべきだろうか。
english,replace/bakasekai/wes_l_japanese.yml,WES.44.t,「佐山」からの交渉
english,replace/bakasekai/wes_l_japanese.yml,WES.45.a,戦いはまだまだ続く
english,replace/bakasekai/wes_l_japanese.yml,WES.45.d,日本は講和を拒否した。我々はまだ戦わなければならないのだろう…
english,replace/bakasekai/wes_l_japanese.yml,WES.45.t,交渉の失敗
english,replace/bakasekai/wes_l_japanese.yml,WES.46.a,やったぞ!
english,replace/bakasekai/wes_l_japanese.yml,WES.46.d,日本は割譲を承認した。これで我が国は狭山建設プロジェクトを進めることができる。
english,replace/bakasekai/wes_l_japanese.yml,WES.46.t,交渉の成立
english,replace/bakasekai/wes_l_japanese.yml,WES.47.a,サハラ万歳!
english,replace/bakasekai/wes_l_japanese.yml,WES.47.d,族長の息子、ボカサ少佐がついに将軍となった。彼は我が国のために働くだろう。
english,replace/bakasekai/wes_l_japanese.yml,WES.47.t,将軍の雇用
english,replace/bakasekai/wes_l_japanese.yml,WES.5.a,投資を受け入れよう
english,replace/bakasekai/wes_l_japanese.yml,WES.5.b,断る
english,replace/bakasekai/wes_l_japanese.yml,WES.5.d,サハラは我々の持つ資源の開発に協力的だ。我々は受け入れるべきだろうか。
english,replace/bakasekai/wes_l_japanese.yml,WES.5.t,サハラによる資源投資1
english,replace/bakasekai/wes_l_japanese.yml,WES.6.a,投資を受け入れよう
english,replace/bakasekai/wes_l_japanese.yml,WES.6.b,断る
english,replace/bakasekai/wes_l_japanese.yml,WES.6.c,我々には関係のない話だ
english,replace/bakasekai/wes_l_japanese.yml,WES.6.d,サハラは更なる投資を画策している。我々は受け入れるべきだろうか。
english,replace/bakasekai/wes_l_japanese.yml,WES.6.t,サハラによる資源投資2
english,replace/bakasekai/wes_l_japanese.yml,WES.7.a,投資を受け入れよう
english,replace/bakasekai/wes_l_japanese.yml,WES.7.b,断る
english,replace/bakasekai/wes_l_japanese.yml,WES.7.c,我々には関係のない話だ
english,replace/bakasekai/wes_l_japanese.yml,WES.7.d,サハラは更なる投資を画策している。我々は受け入れるべきだろうか。
english,replace/bakasekai/wes_l_japanese.yml,WES.7.t,サハラによる資源投資3
english,replace/bakasekai/wes_l_japanese.yml,WES.8.a,投資を受け入れよう
english,replace/bakasekai/wes_l_japanese.yml,WES.8.b,断る
english,replace/bakasekai/wes_l_japanese.yml,WES.8.c,我々には関係のない話だ
english,replace/bakasekai/wes_l_japanese.yml,WES.8.d,サハラは我々の資源を買い入れようとしている。我々は受け入れるべきだろうか。
english,replace/bakasekai/wes_l_japanese.yml,WES.8.t,サハラによる資源投資4
english,replace/bakasekai/wes_l_japanese.yml,WES.9.a,よくやった!
english,replace/bakasekai/wes_l_japanese.yml,WES.9.d,我々はついに彼らを傀儡状態にした。我々は侵略手段を用いずに拡張していくだろう。
english,replace/bakasekai/wes_l_japanese.yml,WES.9.t,傀儡化
english,replace/bakasekai/wes_l_japanese.yml,WES_3S_Policy,3S政策
english,replace/bakasekai/wes_l_japanese.yml,WES_3S_Policy_desc,我が国は3S政策を実行する。内容は、「Sand」「Sand」「Sand」だ。
english,replace/bakasekai/wes_l_japanese.yml,WES_American_style_aircraft_production,アメリカ式航空産業
english,replace/bakasekai/wes_l_japanese.yml,WES_American_style_shipbuilding,アメリカ式造船
english,replace/bakasekai/wes_l_japanese.yml,WES_Awakening_to_geopolitics,地政学への目覚め
english,replace/bakasekai/wes_l_japanese.yml,WES_Bokkassa,ジャン＝ベデル・ボカサ
english,replace/bakasekai/wes_l_japanese.yml,WES_Bokkassa_hire,360日後に将軍として雇用される。
english,replace/bakasekai/wes_l_japanese.yml,WES_Carrier_Task_Force,空母機動部隊
english,replace/bakasekai/wes_l_japanese.yml,WES_Desert_Communication_Systems,砂漠通信システム
english,replace/bakasekai/wes_l_japanese.yml,WES_Desert_Communication_Systems_desc,砂同士の通信により、我が軍は高い効率で軍事行動を行うことができる。
english,replace/bakasekai/wes_l_japanese.yml,WES_Development_in_marine_transportation,海上輸送
english,replace/bakasekai/wes_l_japanese.yml,WES_Fleet_Protection,艦隊保全
english,replace/bakasekai/wes_l_japanese.yml,WES_Further_expansion_of_the_fleet,艦隊の更なる増設
english,replace/bakasekai/wes_l_japanese.yml,WES_GATHERING_STORM_DESC,サハラ砂漠は強大な国家になるための選択肢がある。一つは帝国となる事、二つは勢力圏を広げること、三つは……砂に身を任せることだ。我が国はどれを選ぶべきなのだろうか。
english,replace/bakasekai/wes_l_japanese.yml,WES_General_Stsand_armor_manufactureraff_Headquarters,参謀本部
english,replace/bakasekai/wes_l_japanese.yml,WES_Gone_with_the_sand,Gone with the sand
english,replace/bakasekai/wes_l_japanese.yml,WES_Gone_with_the_sand_2,Gone with the sand
english,replace/bakasekai/wes_l_japanese.yml,WES_Gone_with_the_sand_2_desc,砂と共に去りぬ
english,replace/bakasekai/wes_l_japanese.yml,WES_Gone_with_the_sand_desc,砂と共に去りぬ
english,replace/bakasekai/wes_l_japanese.yml,WES_Indian_Ocean_Fleets,インド洋艦隊
english,replace/bakasekai/wes_l_japanese.yml,WES_Industrialization_in_sahara,サハラ砂漠に§G民需工場§!を建設する
english,replace/bakasekai/wes_l_japanese.yml,WES_Industrialization_in_the_center,国土中央部で§G民需工場§!を建設する
english,replace/bakasekai/wes_l_japanese.yml,WES_MSD,サハラ開発省
english,replace/bakasekai/wes_l_japanese.yml,WES_National_Treasury_Expenses,国庫支出金
english,replace/bakasekai/wes_l_japanese.yml,WES_SAND_artillery_organization,砂砲研究社
english,replace/bakasekai/wes_l_japanese.yml,WES_SAND_boat_organization,砂漠海軍研究所
english,replace/bakasekai/wes_l_japanese.yml,WES_SAND_general_aircraft_organization,砂漠航空
english,replace/bakasekai/wes_l_japanese.yml,WES_SAND_infantry_equipment_organization,砂弾銃研究機構
english,replace/bakasekai/wes_l_japanese.yml,WES_SAND_mio_initial_trait_artillery_manufacturer,砂を使った生産
english,replace/bakasekai/wes_l_japanese.yml,WES_SAND_mio_initial_trait_escort_fleet,砂を使った小型ボート
english,replace/bakasekai/wes_l_japanese.yml,WES_SAND_mio_initial_trait_general_aircraft_designer,砂を使った生産
english,replace/bakasekai/wes_l_japanese.yml,WES_SAND_mio_initial_trait_infantry_manufacturer,砂を使った生産
english,replace/bakasekai/wes_l_japanese.yml,WES_SAND_mio_initial_trait_motorized_mechanized_manufacturer,砂を使った生産
english,replace/bakasekai/wes_l_japanese.yml,WES_SAND_mio_initial_trait_standardized_production,砂を使った生産
english,replace/bakasekai/wes_l_japanese.yml,WES_SAND_mio_trait_advanced_anti_air_targeting,発展型対空砲照準
english,replace/bakasekai/wes_l_japanese.yml,WES_SAND_mio_trait_advanced_artillery_racks,発展型野砲ラック
english,replace/bakasekai/wes_l_japanese.yml,WES_SAND_mio_trait_advanced_barrel_forging,高度な砂バレル鍛造
english,replace/bakasekai/wes_l_japanese.yml,WES_SAND_mio_trait_advanced_hydrodynamic_design,砂エンジン
english,replace/bakasekai/wes_l_japanese.yml,WES_SAND_mio_trait_advanced_trajectory_calculations,高度な軌道計算
english,replace/bakasekai/wes_l_japanese.yml,WES_SAND_mio_trait_agility_wing_design,機動性翼の設計
english,replace/bakasekai/wes_l_japanese.yml,WES_SAND_mio_trait_all_wheel_drive,全輪駆動
english,replace/bakasekai/wes_l_japanese.yml,WES_SAND_mio_trait_anti_air_layout,とりあえず魚雷
english,replace/bakasekai/wes_l_japanese.yml,WES_SAND_mio_trait_anti_air_ships,魚雷バンバン
english,replace/bakasekai/wes_l_japanese.yml,WES_SAND_mio_trait_anti_tank_specialization,対戦車特化
english,replace/bakasekai/wes_l_japanese.yml,WES_SAND_mio_trait_anti_vechicle_land_mines,対車両地雷
english,replace/bakasekai/wes_l_japanese.yml,WES_SAND_mio_trait_armor_piercing_rounds,徹甲弾
english,replace/bakasekai/wes_l_japanese.yml,WES_SAND_mio_trait_armored_pulpit_mount,装甲パルピットマウント
english,replace/bakasekai/wes_l_japanese.yml,WES_SAND_mio_trait_attached_wood_gas_generator,木質ガス発電機
english,replace/bakasekai/wes_l_japanese.yml,WES_SAND_mio_trait_big_guns,大砲
english,replace/bakasekai/wes_l_japanese.yml,WES_SAND_mio_trait_bolt_action,ボルトアクションライフル
english,replace/bakasekai/wes_l_japanese.yml,WES_SAND_mio_trait_bomb_trucks,爆弾トラック
english,replace/bakasekai/wes_l_japanese.yml,WES_SAND_mio_trait_bomber_aircraft_production,砂爆撃機の生産
english,replace/bakasekai/wes_l_japanese.yml,WES_SAND_mio_trait_bomber_aircraft_specialists,爆撃機での砂利用
english,replace/bakasekai/wes_l_japanese.yml,WES_SAND_mio_trait_bulletproof_panels,防弾パネル
english,replace/bakasekai/wes_l_japanese.yml,WES_SAND_mio_trait_closed_chassi,屋内砲台
english,replace/bakasekai/wes_l_japanese.yml,WES_SAND_mio_trait_command_upgrades,さらなる砂部品の増加
english,replace/bakasekai/wes_l_japanese.yml,WES_SAND_mio_trait_composite_cargo_bed,複合荷台
english,replace/bakasekai/wes_l_japanese.yml,WES_SAND_mio_trait_conservative_designs,砂機関銃
english,replace/bakasekai/wes_l_japanese.yml,WES_SAND_mio_trait_crew_ergonomics,乗員砂人間工学
english,replace/bakasekai/wes_l_japanese.yml,WES_SAND_mio_trait_defensive_equipment,砂製防衛装備
english,replace/bakasekai/wes_l_japanese.yml,WES_SAND_mio_trait_drum_pattern_sights,ドラムパターン照準器
english,replace/bakasekai/wes_l_japanese.yml,WES_SAND_mio_trait_escort_in_force,対空砂艦
english,replace/bakasekai/wes_l_japanese.yml,WES_SAND_mio_trait_fast_bombers,高速爆撃機
english,replace/bakasekai/wes_l_japanese.yml,WES_SAND_mio_trait_fighter_aircraft_production,砂戦闘機の生産
english,replace/bakasekai/wes_l_japanese.yml,WES_SAND_mio_trait_fighter_aircraft_specialists,戦闘機での砂利用
english,replace/bakasekai/wes_l_japanese.yml,WES_SAND_mio_trait_fleet_escorts,砂の煙幕
english,replace/bakasekai/wes_l_japanese.yml,WES_SAND_mio_trait_gun_mass_production,砂銃の大量生産
english,replace/bakasekai/wes_l_japanese.yml,WES_SAND_mio_trait_gyro_stabilized_mounts,砂でアタック
english,replace/bakasekai/wes_l_japanese.yml,WES_SAND_mio_trait_heavy_anti_armor_ammunition,重対装甲弾薬
english,replace/bakasekai/wes_l_japanese.yml,WES_SAND_mio_trait_heavy_machinegun_mount,重機関銃
english,replace/bakasekai/wes_l_japanese.yml,WES_SAND_mio_trait_high_powered_engine,高出力エンジン
english,replace/bakasekai/wes_l_japanese.yml,WES_SAND_mio_trait_high_speed_design,高速設計
english,replace/bakasekai/wes_l_japanese.yml,WES_SAND_mio_trait_high_speed_mine_hunting_equipment,ボートからの監視
english,replace/bakasekai/wes_l_japanese.yml,WES_SAND_mio_trait_improved_anti_air_gun_mounting,強い対空砂砲
english,replace/bakasekai/wes_l_japanese.yml,WES_SAND_mio_trait_improved_direct_fire_targeting,改良型直接射撃照準
english,replace/bakasekai/wes_l_japanese.yml,WES_SAND_mio_trait_improved_hydraulic_recoil_system,水圧リコイルシステム
english,replace/bakasekai/wes_l_japanese.yml,WES_SAND_mio_trait_improved_light_gun_mounting,軽い対空砂砲
english,replace/bakasekai/wes_l_japanese.yml,WES_SAND_mio_trait_improved_small_arms_bullet_design,改良型小火器弾の設計
english,replace/bakasekai/wes_l_japanese.yml,WES_SAND_mio_trait_improved_tooling,改良型砂機器
english,replace/bakasekai/wes_l_japanese.yml,WES_SAND_mio_trait_improved_tracks,改良型無限軌道とその砂の利用
english,replace/bakasekai/wes_l_japanese.yml,WES_SAND_mio_trait_infantry_support_tanks,歩兵支援戦車
english,replace/bakasekai/wes_l_japanese.yml,WES_SAND_mio_trait_land_mine_racks,地雷ラック
english,replace/bakasekai/wes_l_japanese.yml,WES_SAND_mio_trait_light_flame_projectors,軽火炎放投射機
english,replace/bakasekai/wes_l_japanese.yml,WES_SAND_mio_trait_light_weight_barrels,軽量バレル
english,replace/bakasekai/wes_l_japanese.yml,WES_SAND_mio_trait_long_barreled_guns,長砲身砂砲
english,replace/bakasekai/wes_l_japanese.yml,WES_SAND_mio_trait_mass_production,大量生産
english,replace/bakasekai/wes_l_japanese.yml,WES_SAND_mio_trait_mass_rifle_production,ライフルの大量生産
english,replace/bakasekai/wes_l_japanese.yml,WES_SAND_mio_trait_medium_machinegun_mounts,サイドマウント中機関銃
english,replace/bakasekai/wes_l_japanese.yml,WES_SAND_mio_trait_medium_machineguns,中型機関銃の生産
english,replace/bakasekai/wes_l_japanese.yml,WES_SAND_mio_trait_mobile_limbers,機動前車
english,replace/bakasekai/wes_l_japanese.yml,WES_SAND_mio_trait_mounted_light_anti_tank_gun,軽対戦車砲
english,replace/bakasekai/wes_l_japanese.yml,WES_SAND_mio_trait_naval_air_patrol,海軍哨戒
english,replace/bakasekai/wes_l_japanese.yml,WES_SAND_mio_trait_naval_aircraft_production,海軍の砂航空機生産
english,replace/bakasekai/wes_l_japanese.yml,WES_SAND_mio_trait_naval_aircraft_specialists,海軍用航空機での砂利用
english,replace/bakasekai/wes_l_japanese.yml,WES_SAND_mio_trait_naval_strike,対艦攻撃
english,replace/bakasekai/wes_l_japanese.yml,WES_SAND_mio_trait_open_chassi,屋外砲台
english,replace/bakasekai/wes_l_japanese.yml,WES_SAND_mio_trait_quality_improvements,砂の硬化
english,replace/bakasekai/wes_l_japanese.yml,WES_SAND_mio_trait_quality_materials,高品質物資
english,replace/bakasekai/wes_l_japanese.yml,WES_SAND_mio_trait_rapid_fire,速射
english,replace/bakasekai/wes_l_japanese.yml,WES_SAND_mio_trait_reinforced_stocks,強化ストック
english,replace/bakasekai/wes_l_japanese.yml,WES_SAND_mio_trait_rubber_cushioned_buttpad,改良型ライフルリコイル
english,replace/bakasekai/wes_l_japanese.yml,WES_SAND_mio_trait_semi_auto,セミオートライフル
english,replace/bakasekai/wes_l_japanese.yml,WES_SAND_mio_trait_simplified_suspension,砂部品の増加
english,replace/bakasekai/wes_l_japanese.yml,WES_SAND_mio_trait_sliding_breech_block,スライド式沿岸ブロック
english,replace/bakasekai/wes_l_japanese.yml,WES_SAND_mio_trait_stable_platforms,安定した台座
english,replace/bakasekai/wes_l_japanese.yml,WES_SAND_mio_trait_standardized_components,標準化された砂部品
english,replace/bakasekai/wes_l_japanese.yml,WES_SAND_mio_trait_steel_cargo_bed,鋼鉄製荷台
english,replace/bakasekai/wes_l_japanese.yml,WES_SAND_mio_trait_submarine_hunters,とにかく魚雷
english,replace/bakasekai/wes_l_japanese.yml,WES_SAND_mio_trait_super_charges,過給
english,replace/bakasekai/wes_l_japanese.yml,WES_SAND_mio_trait_vehicle_mounted_capabilities,車両搭載能力
english,replace/bakasekai/wes_l_japanese.yml,WES_SAND_motorized_mechanized_organization,砂自動車研究所
english,replace/bakasekai/wes_l_japanese.yml,WES_SAND_tank_organization,砂漠装甲研究室
english,replace/bakasekai/wes_l_japanese.yml,WES_Sahara_Greening_Committee,サハラ緑化委員会
english,replace/bakasekai/wes_l_japanese.yml,WES_The_great_nature_of_the_Sahara,サハラの偉大なる自然
english,replace/bakasekai/wes_l_japanese.yml,WES_Visitors_from_Japan,日本からの来訪者
english,replace/bakasekai/wes_l_japanese.yml,WES_Water_Shortage,国内の水不足
english,replace/bakasekai/wes_l_japanese.yml,WES_anarchy,アナーキー
english,replace/bakasekai/wes_l_japanese.yml,WES_anarchy_idea,Anarchy
english,replace/bakasekai/wes_l_japanese.yml,WES_anarchy_idea_2,Anarchy
english,replace/bakasekai/wes_l_japanese.yml,WES_anarchy_idea_3,Anarchy
english,replace/bakasekai/wes_l_japanese.yml,WES_anarchy_idea_4,Anarchy
english,replace/bakasekai/wes_l_japanese.yml,WES_anarchy_idea_5,Anarchy
english,replace/bakasekai/wes_l_japanese.yml,WES_anarchy_idea_6,Anarchy
english,replace/bakasekai/wes_l_japanese.yml,WES_anarchy_long,アナーキー
english,replace/bakasekai/wes_l_japanese.yml,WES_annex_NTS,ナントカスタンを併合する
english,replace/bakasekai/wes_l_japanese.yml,WES_cancel_mefos,錬成の停止
english,replace/bakasekai/wes_l_japanese.yml,WES_cancel_tt,錬成の終了後、再開されなくなる
english,replace/bakasekai/wes_l_japanese.yml,WES_change_of_official_language,公用語の変更
english,replace/bakasekai/wes_l_japanese.yml,WES_change_of_official_language_desc,公用語の変更は我が国に混乱をもたらすだろう。
english,replace/bakasekai/wes_l_japanese.yml,WES_civil_struggle,市民闘争
english,replace/bakasekai/wes_l_japanese.yml,WES_clarification_of_administrative_sections,行政区分の明確化
english,replace/bakasekai/wes_l_japanese.yml,WES_construction_of_the_transcontinental_railroad,大陸横断鉄道の建設
english,replace/bakasekai/wes_l_japanese.yml,WES_construction_of_the_transcontinental_railroad_2,大陸横断鉄道
english,replace/bakasekai/wes_l_japanese.yml,WES_cre.1.a,歩兵装備
english,replace/bakasekai/wes_l_japanese.yml,WES_cre.1.b,支援装備
english,replace/bakasekai/wes_l_japanese.yml,WES_cre.1.c,野戦砲
english,replace/bakasekai/wes_l_japanese.yml,WES_cre.1.d,次イベントへ
english,replace/bakasekai/wes_l_japanese.yml,WES_cre.1.desc,装備を選択することで自動で装備を錬成しよう \n (再度選択すると解除できます)
english,replace/bakasekai/wes_l_japanese.yml,WES_cre.1.t,装備の選択
english,replace/bakasekai/wes_l_japanese.yml,WES_cre.2.a,軽戦車
english,replace/bakasekai/wes_l_japanese.yml,WES_cre.2.b,中戦車
english,replace/bakasekai/wes_l_japanese.yml,WES_cre.2.c,重戦車
english,replace/bakasekai/wes_l_japanese.yml,WES_cre.2.d,次イベントへ
english,replace/bakasekai/wes_l_japanese.yml,WES_cre.2.desc,装備を選択することで自動で装備を錬成しよう  (再度選択すると解除できます)
english,replace/bakasekai/wes_l_japanese.yml,WES_cre.2.t,装備の選択
english,replace/bakasekai/wes_l_japanese.yml,WES_cre.3.a,トラック
english,replace/bakasekai/wes_l_japanese.yml,WES_cre.3.b,戦闘機
english,replace/bakasekai/wes_l_japanese.yml,WES_cre.3.c,CAS
english,replace/bakasekai/wes_l_japanese.yml,WES_cre.3.d,次イベントへ
english,replace/bakasekai/wes_l_japanese.yml,WES_cre.3.desc,装備を選択することで自動で装備を錬成しよう  (再度選択すると解除できます)
english,replace/bakasekai/wes_l_japanese.yml,WES_cre.3.t,装備の選択
english,replace/bakasekai/wes_l_japanese.yml,WES_cre.4.a,輸送船
english,replace/bakasekai/wes_l_japanese.yml,WES_cre.4.b,最初のイベントへ
english,replace/bakasekai/wes_l_japanese.yml,WES_cre.4.c,選択終了
english,replace/bakasekai/wes_l_japanese.yml,WES_cre.4.desc,装備を選択することで自動で装備を錬成しよう  (再度選択すると解除できます)
english,replace/bakasekai/wes_l_japanese.yml,WES_cre.4.t,装備の選択
english,replace/bakasekai/wes_l_japanese.yml,WES_cre.5.a,はい
english,replace/bakasekai/wes_l_japanese.yml,WES_cre.5.b,いいえ
english,replace/bakasekai/wes_l_japanese.yml,WES_cre.5.d,錬成する装備を追加・変更しますか?
english,replace/bakasekai/wes_l_japanese.yml,WES_cre.5.t,装備の選択
english,replace/bakasekai/wes_l_japanese.yml,WES_deny_Sawara,佐原（さわら）ではない
english,replace/bakasekai/wes_l_japanese.yml,WES_deny_Sawara_desc,さはらであるのにさわらと間違える人がいる。誠に遺憾である。
english,replace/bakasekai/wes_l_japanese.yml,WES_desert_research_lab,砂漠研究所
english,replace/bakasekai/wes_l_japanese.yml,WES_disorganized_command_and_control,乱れた指揮統制
english,replace/bakasekai/wes_l_japanese.yml,WES_easy_buff_idea,buff
english,replace/bakasekai/wes_l_japanese.yml,WES_el_ouali_mustapha_sayed,El Ouali Mustapha Sayed
english,replace/bakasekai/wes_l_japanese.yml,WES_fascism_party_Saharan_imperialism_Party,SIP
english,replace/bakasekai/wes_l_japanese.yml,WES_fascism_party_Saharan_imperialism_Party_long,サハラ帝国党
english,replace/bakasekai/wes_l_japanese.yml,WES_fascism_party_Sandism_Party,砂漠化主義者
english,replace/bakasekai/wes_l_japanese.yml,WES_fascism_party_Sandism_Party_long,砂漠化主義者
english,replace/bakasekai/wes_l_japanese.yml,WES_fennec_party,FCP
english,replace/bakasekai/wes_l_japanese.yml,WES_fennec_party_long,フェネック中心党
english,replace/bakasekai/wes_l_japanese.yml,WES_focus_on_aircraft_carriers,空母への注力
english,replace/bakasekai/wes_l_japanese.yml,WES_focus_on_military_production,軍需産業への注力
english,replace/bakasekai/wes_l_japanese.yml,WES_found_sandsand_stan_fin,ナントカスタンの領域にスナスナスタンを建国する
english,replace/bakasekai/wes_l_japanese.yml,WES_grand_battle_plan,最規模作戦
english,replace/bakasekai/wes_l_japanese.yml,WES_greening_1,緑化
english,replace/bakasekai/wes_l_japanese.yml,WES_greening_1_desc,サハラ緑化委員会による緑化が進められている。
english,replace/bakasekai/wes_l_japanese.yml,WES_greening_2,緑化
english,replace/bakasekai/wes_l_japanese.yml,WES_greening_2_desc,サハラ緑化委員会による緑化が進められている。
english,replace/bakasekai/wes_l_japanese.yml,WES_greening_3,緑化
english,replace/bakasekai/wes_l_japanese.yml,WES_greening_3_desc,サハラ緑化委員会による緑化が進められている。
english,replace/bakasekai/wes_l_japanese.yml,WES_greening_4,緑化
english,replace/bakasekai/wes_l_japanese.yml,WES_greening_4_desc,サハラ緑化委員会による緑化が進められている。
english,replace/bakasekai/wes_l_japanese.yml,WES_greening_5,緑化
english,replace/bakasekai/wes_l_japanese.yml,WES_greening_5_desc,サハラ緑化委員会による緑化が進められている。
english,replace/bakasekai/wes_l_japanese.yml,WES_infrastructure_construction,インフラの整備
english,replace/bakasekai/wes_l_japanese.yml,WES_insufficient_human_resources,人材不足
english,replace/bakasekai/wes_l_japanese.yml,WES_investment_in_resource_development_1,資源開発への投資
english,replace/bakasekai/wes_l_japanese.yml,WES_investment_in_resource_development_1_desc,SGCでは資源開発への投資も行なっている。
english,replace/bakasekai/wes_l_japanese.yml,WES_investment_in_resource_development_2,資源開発への投資
english,replace/bakasekai/wes_l_japanese.yml,WES_investment_in_resource_development_2_desc,SGCでは資源開発への投資も行なっている。
english,replace/bakasekai/wes_l_japanese.yml,WES_investment_in_resource_development_3,資源開発への投資
english,replace/bakasekai/wes_l_japanese.yml,WES_investment_in_resource_development_3_desc,SGCでは資源開発への投資も行なっている。
english,replace/bakasekai/wes_l_japanese.yml,WES_investment_in_resource_development_4,資源開発への投資
english,replace/bakasekai/wes_l_japanese.yml,WES_investment_in_resource_development_4_desc,SGCでは資源開発への投資も行なっている。
english,replace/bakasekai/wes_l_japanese.yml,WES_investment_in_resource_development_5,資源開発への投資
english,replace/bakasekai/wes_l_japanese.yml,WES_investment_in_resource_development_5_desc,SGCでは資源開発への投資も行なっている。
english,replace/bakasekai/wes_l_japanese.yml,WES_irrigated_agriculture,灌漑農業
english,replace/bakasekai/wes_l_japanese.yml,WES_isaac_ali,Isaac Ali
english,replace/bakasekai/wes_l_japanese.yml,WES_issac_party,アイザック党
english,replace/bakasekai/wes_l_japanese.yml,WES_issac_party_long,アイザック党
english,replace/bakasekai/wes_l_japanese.yml,WES_mass_assault,大量突撃
english,replace/bakasekai/wes_l_japanese.yml,WES_mass_production_and_mass_consumption_economy,大量生産・大量消費型経済
english,replace/bakasekai/wes_l_japanese.yml,WES_mefo_bills_mission,錬成
english,replace/bakasekai/wes_l_japanese.yml,WES_mobile_warfare,機動戦
english,replace/bakasekai/wes_l_japanese.yml,WES_no_president,不在の大統領
english,replace/bakasekai/wes_l_japanese.yml,WES_private_use_of_public_funds,公費の私的利用
english,replace/bakasekai/wes_l_japanese.yml,WES_railway_1,§Y各地の既存の鉄道を活用§!し、適切なところに§G鉄道§!を建設する。
english,replace/bakasekai/wes_l_japanese.yml,WES_renew_mefos,錬成の開始・再開
english,replace/bakasekai/wes_l_japanese.yml,WES_renew_tt,イベントで錬成する装備を選択できる
english,replace/bakasekai/wes_l_japanese.yml,WES_reorganization_idea,再編成
english,replace/bakasekai/wes_l_japanese.yml,WES_resource_addition,資源開発の向上
english,replace/bakasekai/wes_l_japanese.yml,WES_sahaea_ken_idea,佐原県
english,replace/bakasekai/wes_l_japanese.yml,WES_sand_war,砂戦争
english,replace/bakasekai/wes_l_japanese.yml,WES_sand_war_2,砂戦争
english,replace/bakasekai/wes_l_japanese.yml,WES_sand_war_2_desc,砂戦争を行い、アフリカを、世界を砂漠化させるのだ!
english,replace/bakasekai/wes_l_japanese.yml,WES_sand_war_desc,砂戦争を行い、アフリカを、世界を砂漠化させるのだ!
english,replace/bakasekai/wes_l_japanese.yml,WES_sands,Sands
english,replace/bakasekai/wes_l_japanese.yml,WES_shipbuilding_capacity_1,造船能力の強化
english,replace/bakasekai/wes_l_japanese.yml,WES_shipbuilding_capacity_2,造船能力の強化
english,replace/bakasekai/wes_l_japanese.yml,WES_stability_minus,安定度-50%
english,replace/bakasekai/wes_l_japanese.yml,WES_stability_minus_10,安定度-500%
english,replace/bakasekai/wes_l_japanese.yml,WES_stability_minus_2,安定度-100%
english,replace/bakasekai/wes_l_japanese.yml,WES_stability_minus_3,安定度-150%
english,replace/bakasekai/wes_l_japanese.yml,WES_stability_minus_4,安定度-200%
english,replace/bakasekai/wes_l_japanese.yml,WES_stability_minus_5,安定度-250%
english,replace/bakasekai/wes_l_japanese.yml,WES_stability_minus_6,安定度-300%
english,replace/bakasekai/wes_l_japanese.yml,WES_stability_minus_7,安定度-350%
english,replace/bakasekai/wes_l_japanese.yml,WES_stability_minus_8,安定度-400%
english,replace/bakasekai/wes_l_japanese.yml,WES_stability_minus_9,安定度-450%
english,replace/bakasekai/wes_l_japanese.yml,WES_stupidism_party_Saharaken_Party,SKP
english,replace/bakasekai/wes_l_japanese.yml,WES_stupidism_party_Saharaken_Party_long,佐原県主義者
english,replace/bakasekai/wes_l_japanese.yml,WES_superior_firepower,優勢火力
english,replace/bakasekai/wes_l_japanese.yml,WES_the_absentee_presidency,不在の大統領職
english,replace/bakasekai/wes_l_japanese.yml,WES_the_oxygen_torpedoes,酸素魚雷
english,replace/bakasekai/wes_l_japanese.yml,WES_the_second_america,第二のアメリカ
english,replace/bakasekai/wes_l_japanese.yml,WES_trade_at_SGC_1,SGCでの通商
english,replace/bakasekai/wes_l_japanese.yml,WES_trade_at_SGC_1_desc,SGCでの通商は加盟国に利益をもたらすだろう。
english,replace/bakasekai/wes_l_japanese.yml,WES_trade_at_SGC_2,SGCでの通商
english,replace/bakasekai/wes_l_japanese.yml,WES_trade_at_SGC_2_desc,SGCでの通商は加盟国に利益をもたらすだろう。
english,replace/bakasekai/wes_l_japanese.yml,WES_trade_at_SGC_3,SGCでの通商
english,replace/bakasekai/wes_l_japanese.yml,WES_trade_at_SGC_3_desc,SGCでの通商は加盟国に利益をもたらすだろう。
english,replace/bakasekai/wes_l_japanese.yml,WES_trade_at_SGC_4,SGCでの通商
english,replace/bakasekai/wes_l_japanese.yml,WES_trade_at_SGC_4_desc,SGCでの通商は加盟国に利益をもたらすだろう。
english,replace/bakasekai/wes_l_japanese.yml,WES_trade_at_SGC_5,SGCでの通商
english,replace/bakasekai/wes_l_japanese.yml,WES_trade_at_SGC_5_desc,SGCでの通商は加盟国に利益をもたらすだろう。
english,replace/bakasekai/wes_l_japanese.yml,WES_trade_disruption,通商破壊
english,replace/bakasekai/wes_l_japanese.yml,WES_train_1_fin,第一鉄道の建設が完了している
english,replace/bakasekai/wes_l_japanese.yml,WES_train_2_fin,第二鉄道の建設が完了している
english,replace/bakasekai/wes_l_japanese.yml,WES_train_strength,鉄道の強化
english,replace/bakasekai/wes_l_japanese.yml,WES_train_strength_2,鉄道の強化
english,replace/bakasekai/wes_l_japanese.yml,construction_in_Sahara,サハラ砂漠での建設
english,replace/bakasekai/wes_l_japanese.yml,construction_in_the_center,国土中央部での建設
english,replace/bakasekai/wes_l_japanese.yml,construction_of_the_transcontinental_railroad_decision_1,大陸横断第一鉄道の建設
english,replace/bakasekai/wes_l_japanese.yml,construction_of_the_transcontinental_railroad_decision_2,大陸横断第二鉄道の建設
english,replace/bakasekai/wes_l_japanese.yml,construction_of_the_transcontinental_railroad_decision_sub,補助鉄道の建設
english,replace/bakasekai/wes_l_japanese.yml,create_artillery_equipment,野戦砲の錬成
english,replace/bakasekai/wes_l_japanese.yml,create_convoy,輸送船の錬成
english,replace/bakasekai/wes_l_japanese.yml,create_heavy_tank_equipment,重戦車の錬成
english,replace/bakasekai/wes_l_japanese.yml,create_infantry_equipment,歩兵装備の錬成
english,replace/bakasekai/wes_l_japanese.yml,create_light_tank_equipment,軽戦車の錬成
english,replace/bakasekai/wes_l_japanese.yml,create_medium_plane_airframe_equipment,中型航空機の錬成
english,replace/bakasekai/wes_l_japanese.yml,create_medium_tank_equipment,中戦車の錬成
english,replace/bakasekai/wes_l_japanese.yml,create_motorized_equipment,自動車の錬成
english,replace/bakasekai/wes_l_japanese.yml,create_small_plane_airframe_equipment,小型航空機の錬成
english,replace/bakasekai/wes_l_japanese.yml,create_support_equipment,支援装備の錬成
english,replace/bakasekai/wes_l_japanese.yml,create_weapons,武器の錬成
english,replace/bakasekai/wes_l_japanese.yml,create_weapons_auto,武器の自動錬成
english,replace/bakasekai/wes_l_japanese.yml,create_weapons_desc,我が国は工場の生産が遅くなっている。そのため、砂を武器に変えなければならない!!!
english,replace/bakasekai/wes_l_japanese.yml,desertification,砂漠化
english,replace/bakasekai/wes_l_japanese.yml,dream,全ては夢だった
english,replace/bakasekai/wes_l_japanese.yml,found_sand_country,砂漠国家の建国
english,replace/bakasekai/wes_l_japanese.yml,found_sandsand_stan,スナスナスタンの建国
english,replace/bakasekai/wes_l_japanese.yml,peace_negotiations_1,講和交渉
english,replace/bakasekai/wes_l_japanese.yml,peace_negotiations_2,講和交渉
english,replace/bakasekai/wes_l_japanese.yml,public_works,公共事業
english,replace/focus_l_japanese.yml,1939_bookmark_threat,近年のファシストの拡張政策
english,replace/focus_l_japanese.yml,AST_CSIR,英連邦科学産業研究機関
english,replace/focus_l_japanese.yml,AST_CSIR_desc,英連邦科学産業研究機関は、オーストラリアの科学研究と生産効率を向上させる政府の研究部門である。本機関への支援を増やすことで、我々の継戦能力を筋肉質にし、さらなる力を与えることだろう。
english,replace/focus_l_japanese.yml,AST_a_deal_with_japan,日本との取引
english,replace/focus_l_japanese.yml,AST_a_deal_with_japan_desc,我々の庭である南西太平洋において、大日本帝国と友好関係を構築することが出来た。もし日本が北西に留まり、我々の勢力圏を犯さなければ、両国が争う理由は何もない。
english,replace/focus_l_japanese.yml,AST_abandon_the_westminster_system,ウェストミンスター制の放棄
english,replace/focus_l_japanese.yml,AST_abandon_the_westminster_system_desc,ウェストミンスター宮殿における議会政治は英国からの遺産であるが、現代においてはその有用性を失ってしまった。収まらない閣内不一致や党内対立は、最近の経済危機からオーストラリアを安定させるためにまるで貢献していない。
english,replace/focus_l_japanese.yml,AST_additional_militia_training,追加の民兵訓練
english,replace/focus_l_japanese.yml,AST_additional_militia_training_desc,我が国の民兵の多くは、病気にかかっているか、資質が不十分であり、軍務に不適当である。危険な世界の中で、このような失敗を改善する措置を講じる。
english,replace/focus_l_japanese.yml,AST_adopt_westminster,ウェストミンスター制の採用
english,replace/focus_l_japanese.yml,AST_adopt_westminster_desc,我々は、イギリスから継承した議会政治を採用している。
english,replace/focus_l_japanese.yml,AST_airborne_defence,空中防衛
english,replace/focus_l_japanese.yml,AST_airborne_defence_desc,追撃機、対空砲を含む防空への投資を行うことで、オーストラリアの空を守る必要がある。
english,replace/focus_l_japanese.yml,AST_allied_works_council,連合国軍事評議会
english,replace/focus_l_japanese.yml,AST_allied_works_council_desc,オーストラリアにおけるすべての軍事力建設は連合国軍事評議会によって監督されるだろう。この一元化された計画により、確実に政府が必要とする分野の生産効率は上昇するだろう。
english,replace/focus_l_japanese.yml,AST_army_inventions_directorate,軍事発明部門
english,replace/focus_l_japanese.yml,AST_army_inventions_directorate_desc,戦争は技術革新と創造性を促進し、政府はろくでもないアイデアの中から良いアイデアを選別する必要がある。そこに特化した新たな軍事発明部門は、政府へ提出された多数の特許の中から、どれが価値のあるものかを判断することに専念するだろう。
english,replace/focus_l_japanese.yml,AST_australian_arms_production,オーストラリアの武器生産
english,replace/focus_l_japanese.yml,AST_australian_arms_production_desc,遠隔地にあるため船団護衛が長期化することは、他の英連邦諸国よりもオーストラリアが自軍の銃の生産に大きな責任を負わなければならないことを意味している。我々には工場もあり、ノウハウもあるのだ。
english,replace/focus_l_japanese.yml,AST_australian_army_catering_corps,オーストラリア陸軍調理部隊
english,replace/focus_l_japanese.yml,AST_australian_army_catering_corps_desc,オーストラリア陸軍には質の高い食料が供給されておらず、多くは調理員の質に因るものだ。ここに至った過程を改善することで、軍の士気と有効性を高めることができるだろう。
english,replace/focus_l_japanese.yml,AST_australian_womens_army_service,オーストラリア婦人陸軍奉仕隊
english,replace/focus_l_japanese.yml,AST_australian_womens_army_service_desc,全ての男性は前線に必要とされている、そのため運転、通信、整備などの仕事は、幾千人ものオーストラリアの女性によって扱われるだろう。
english,replace/focus_l_japanese.yml,AST_cac_boomerang,CACブーメラン
english,replace/focus_l_japanese.yml,AST_cac_boomerang_desc,ブーメランは、オーストラリアによる戦闘機設計への貢献となり、輸入機体が消耗した場合の保険となるだろう。我々は日本とアメリカの航空機と競争する必要がある。
english,replace/focus_l_japanese.yml,AST_cac_woomera,CACウーメラ
english,replace/focus_l_japanese.yml,AST_cac_woomera_desc,オーストラリアは独自の爆撃機を開発する。ウーメラは軽航空機に過ぎないが、祖国を護り、小規模な航空支援を実行するのに十分だ。
english,replace/focus_l_japanese.yml,AST_citizen_military_forces,市民軍
english,replace/focus_l_japanese.yml,AST_citizen_military_forces_desc,今や戦争への即応性を増大させるために予備軍を整備する時である。我々は動員可能な民兵を郷土防衛軍に召集し、そしてもし必要とされたならば、彼らを海外において従軍させる準備を行うだろう。
english,replace/focus_l_japanese.yml,AST_civil_construction_corps,民間建設隊
english,replace/focus_l_japanese.yml,AST_civil_construction_corps_desc,建設に耐えうる身体を持つ男性を民間建設隊に派遣して、飛行場建設や輸送交通、要塞建設その他重要な軍事インフラの構築を支援する。
english,replace/focus_l_japanese.yml,AST_classify_aliens,獅子身中の虫を選り分けろ
english,replace/focus_l_japanese.yml,AST_classify_aliens_desc,オーストラリアは移民国家であり、移民たちは故国への忠誠心を持っているかもしれない。我外国生まれのオーストラリア人を登録して追跡しよう。
english,replace/focus_l_japanese.yml,AST_cockatoo_island_shipyards,コッカトゥー島造船所
english,replace/focus_l_japanese.yml,AST_cockatoo_island_shipyards_desc,コッカトゥー島造船所の拡張と改善は、政府の最優先事項である。シドニー港はマンパワーと資源へ最もアクセスしやすいく、軍港建設に労務を割くべき場所である。
english,replace/focus_l_japanese.yml,AST_commitment_to_the_cause,主義への傾倒
english,replace/focus_l_japanese.yml,AST_commitment_to_the_cause_desc,外国人の王による縛りを打ち砕く時が来た。オーストラリア全土を危険にさらす帝国主義者の戦争挑発から自由になり、労働者の楽園を建設する時が来たのだ。
english,replace/focus_l_japanese.yml,AST_commonwealth_aircraft_corporation,英連邦航空機営団
english,replace/focus_l_japanese.yml,AST_commonwealth_aircraft_corporation_desc,英連邦航空機営団は、オーストラリアの航空機および航空機エンジンの主要な生産企業である。実証された過去の実績があり、パイロットが必要とする物資を提供するだろうことを裏付けている。
english,replace/focus_l_japanese.yml,AST_cruisers,巡洋艦
english,replace/focus_l_japanese.yml,AST_cruisers_desc,我々は戦艦や空母といった大型犬から手を退くことができる、なぜなら、巡洋艦級の艦船による集団は我々の必要を満たす以上のものになるであろうからだ。
english,replace/focus_l_japanese.yml,AST_daimler_dingo,ダイムラー偵察車
english,replace/focus_l_japanese.yml,AST_daimler_dingo_desc,この英国製の装甲車は、我が軍の戦場における機動性を向上させるだろう。それは我が国の犬から名づけられた名前でもある。
english,replace/focus_l_japanese.yml,AST_deal_with_japan_tt,同盟の返礼として§Yマラヤ§!の支配権を日本に移譲することを提案する。不可能な場合は代わりに、§Yカリマンタン§!、§Yスラウェシ§!、§Yモルッカ諸島§!の諸州を提案する。\n
english,replace/focus_l_japanese.yml,AST_death_from_down_under,下方から忍び寄る死
english,replace/focus_l_japanese.yml,AST_death_from_down_under_desc,空軍と対空兵器による野蛮な武力をより深く理解して、防空システムを向上させれば、もはや敵爆撃機は港や都市に損害を与えることはできないだろう。
english,replace/focus_l_japanese.yml,AST_delegation_to_china,中国への代表団
english,replace/focus_l_japanese.yml,AST_delegation_to_china_desc,帝国主義の欲望にばらばらに引き裂かれた中国の人民は友人を必要としている。そして我々もファシズムに対抗する地域的同盟を必要としている。この中国政府との公式会議により互いに親交を深めることができるだろう。
english,replace/focus_l_japanese.yml,AST_demand_new_zealand,ニュージーランドを要求
english,replace/focus_l_japanese.yml,AST_demand_new_zealand_desc,キーウィは長きに渡り最も近い同盟者でいて友人でもある。我らは同じ海岸で戦い、無用な帝国主義戦争で死者を出した。今こそ2つの国が一つの旗のもとに統合される時だ。
english,replace/focus_l_japanese.yml,AST_department_of_supply_and_development,物資供給開発省
english,replace/focus_l_japanese.yml,AST_department_of_supply_and_development_desc,戦時下では、弾薬や燃料の供給その他軍隊を稼働させるのに必要なすべての物資を供給するための特別な部門が必要である。
english,replace/focus_l_japanese.yml,AST_direct_support,直接支援
english,replace/focus_l_japanese.yml,AST_direct_support_desc,戦闘準備だ、同志!ファシズムとの戦争で苦しんでいる中国の兄弟たちが呼んでいる!入隊し全労働者の国際的闘争に参加せよ!
english,replace/focus_l_japanese.yml,AST_dominate_the_skies,空を支配せよ
english,replace/focus_l_japanese.yml,AST_dominate_the_skies_desc,オーストラリアは多くの敵空軍基地から遠く離れているため、我が国の存する地球の片隅にて全面的な航空優勢を確保することを目標とすべきだろう。
english,replace/focus_l_japanese.yml,AST_empire_air_training_scheme,大英帝国航空訓練計画
english,replace/focus_l_japanese.yml,AST_empire_air_training_scheme_desc,オーストラリアが適切な航空訓練計画にコミットすべき時が来た。大英帝国の激励と支援に応じ、全ての連邦諸国は戦争への努力のため、協力してパイロットを派遣し、搭乗員をサポートするだろう。
english,replace/focus_l_japanese.yml,AST_empower_the_workers,労働者の権利を拡大
english,replace/focus_l_japanese.yml,AST_empower_the_workers_desc,囚人の国家、牧場労働者と港湾労働者。それがオーストラリアだ。オーストラリアの労働者とプロレタリアートに声と力を与える時が来た。革命万歳。
english,replace/focus_l_japanese.yml,AST_establish_advisory_war_council,戦争諮問評議会の設置
english,replace/focus_l_japanese.yml,AST_establish_advisory_war_council_desc,オーストラリアの政治家は、イデオロギーと党派の意見の相違を脇に置いて、戦争の実施について協議し、助言する必要があるだろう。
english,replace/focus_l_japanese.yml,AST_expand_lithgow_small_arms_factory,リスゴー小規模造兵廠の拡張
english,replace/focus_l_japanese.yml,AST_expand_lithgow_small_arms_factory_desc,我らがヴィッカース重機関銃とブレン軽機関銃は、リスゴーの小規模な造兵廠で生まれている。造兵廠が成長すれば、戦闘能力を増すことはより容易になるだろう。
english,replace/focus_l_japanese.yml,AST_expand_northern_presence,北方軍備の拡張
english,replace/focus_l_japanese.yml,AST_expand_northern_presence_desc,オーストラリアの都市の多くは大陸の東西沿岸に位置する為、北方における適切な防備あるいは侵攻ないし攻撃に対する準備を欠いている。その地域における新たな軍事体制は歓迎されることだろう。
english,replace/focus_l_japanese.yml,AST_expand_the_northern_railway,北部鉄道の拡張
english,replace/focus_l_japanese.yml,AST_expand_the_northern_railway_desc,我々には、南のアデレードから北のアリススプリングスまで伸びる鉄道がある。今その北部の終点を他の都市にまで広げ、オーストラリア全土を結ばねばならない。
english,replace/focus_l_japanese.yml,AST_expand_the_raaf,王立空軍の拡張
english,replace/focus_l_japanese.yml,AST_expand_the_raaf_desc,我が空軍は成長する必要がある。より多く基地を、より多く訓練を、そしてより多くの生産に投資するのだ。
english,replace/focus_l_japanese.yml,AST_fight_work_or_perish,戦うか働くか滅びるか
english,replace/focus_l_japanese.yml,AST_fight_work_or_perish_desc,自治領に対する敵の脅威が現実のものとなった場合には、オーストラリア人は選択する必要がある。戦場で戦うのか、銃後で働くのか、または滅びるのか、だ。
english,replace/focus_l_japanese.yml,AST_fly_the_jolly_roger,海賊旗を揚げよ
english,replace/focus_l_japanese.yml,AST_fly_the_jolly_roger_desc,オーストラリア島という要塞から潜水艦の群れを送りこみ、敵の貿易ルート及び我が国の沿岸を通過する物資供給ルートを苦しめて破壊するだろう。
english,replace/focus_l_japanese.yml,AST_fund_australian_defense_research,オーストラリア防衛研究基金
english,replace/focus_l_japanese.yml,AST_fund_australian_defense_research_desc,今やオーストラリアは完全な主権国家であり、もはや以前のように先進的な試作型や設計図を受け取る立場ではない。我々は常に、敵より先進的であり、遅れを取らぬようにしなければならない。
english,replace/focus_l_japanese.yml,AST_fund_owen_gun_research,オーウェン銃器研究所への資金供給
english,replace/focus_l_japanese.yml,AST_fund_owen_gun_research_desc,エヴリン・オーウェンは、密林での戦闘における厳しい圧力に耐えうる新しいサブマシンガンを開発した。政府の財源をこの兵器の生産と改良に投入すべきである。
english,replace/focus_l_japanese.yml,AST_hmas_assault,海兵隊基地
english,replace/focus_l_japanese.yml,AST_hmas_assault_desc,太平洋における戦争は水陸にまたがる戦争となるであろう、よって、上陸作戦の訓練に特化した海軍基地の建設は、戦争への注力において必要不可欠である。
english,replace/focus_l_japanese.yml,AST_homeland_defense_tt,降下作戦候補地及び上陸適地を護衛するために§Y沿岸要塞及び要塞§!と共に故国を要塞化せよ。
english,replace/focus_l_japanese.yml,AST_indirect_support,間接支援
english,replace/focus_l_japanese.yml,AST_indirect_support_desc,中華人民共和国は戦争中であるが、我々はまだ仮面を脱ぐべきではない。少量の武器を提供し、慎重な言い回しで激励することが、現時点で我々が冒すことのできる危険のすべてである。
english,replace/focus_l_japanese.yml,AST_industries_assistance_corporation,産業支援法人
english,replace/focus_l_japanese.yml,AST_industries_assistance_corporation_desc,近年の世界経済の断層は、オーストラリアにおける投資と起業家精神を妨げている。産業支援法人は、経済を再び動かすために、全国の小規模ビジネスに助言と資金を提供するだろう。
english,replace/focus_l_japanese.yml,AST_introduce_unconventional_warfare,不正規戦の導入
english,replace/focus_l_japanese.yml,AST_introduce_unconventional_warfare_desc,太平洋のジャングルには新たな戦闘形態が必要となるだろう。迅速かつ静粛な移動を行い、樹海で敵を待ち伏せすること、そして敵のそれを予測することを学ばなければならない。
english,replace/focus_l_japanese.yml,AST_invest_in_victory,勝利への投資
english,replace/focus_l_japanese.yml,AST_invest_in_victory_desc,国民に戦時国債を売ることによって、彼らは自らの貯蓄をもって戦争へ貢献することができるのだ。
english,replace/focus_l_japanese.yml,AST_japan_tech_sharing,日本との技術共有
english,replace/focus_l_japanese.yml,AST_japan_tech_sharing_desc,日本の科学者は我々の研究施設より勝っている。しかしその日出ずる帝国との新しい協調関係によって学びと共有化の新しい機会が設けられた。
english,replace/focus_l_japanese.yml,AST_join_comintern,コミンテルンに加盟
english,replace/focus_l_japanese.yml,AST_join_comintern_desc,我らの未来は共産主義にある、だから我々はこの国際闘争の中で、世界中の同志たちと連帯せねばならない。父たるジョーは我々に道を指し示してオーストラリアから、そしてどこからでも輝かしい明日に労働者を導いてくれるだろう。
english,replace/focus_l_japanese.yml,AST_m_special_unit,M特殊部隊
english,replace/focus_l_japanese.yml,AST_m_special_unit_desc,M特殊部隊は、戦争における敵の武装を偵察し、配置や傾向などの情報を提供する、発展した斥候部隊となるだろう。
english,replace/focus_l_japanese.yml,AST_national_security_act,国家安全保障法
english,replace/focus_l_japanese.yml,AST_national_security_act_desc,戦時中である今、連邦政府はオーストラリアを保護する大きな権限を引き受ける。その権限とは、我が国を防衛するための反政府的な出版の検閲や反政府勢力への抑圧、さらには徴税権及び財産差押えの強化などである。
english,replace/focus_l_japanese.yml,AST_naval_auxiliary_patrol,海軍補助パトロール
english,replace/focus_l_japanese.yml,AST_naval_auxiliary_patrol_desc,我らが偉大なる土地にある多くの港は、隠密な敵の潜水艦の標的となっている。補助軍による沿岸パトロールは、我々に敵の危険を警告するだろう。
english,replace/focus_l_japanese.yml,AST_naval_bombers,対艦攻撃機
english,replace/focus_l_japanese.yml,AST_naval_bombers_desc,我々は海に囲まれているので、敵艦隊を迎撃し攻撃するための航空機や訓練について着目する必要がある。対鑑攻撃は特殊なスキルであり、これに焦点を当てる必要がある。
english,replace/focus_l_japanese.yml,AST_never_another_gallipoli,もうガリポリはたくさんだ
english,replace/focus_l_japanese.yml,AST_never_another_gallipoli_desc,オーストラリアがさらに犠牲の大きい戦争に引っ張り込まれないことを保証するたったひとつの方法は、外交政策を完全に握ることだ。遠方の王はいらないし、紛争を我々に引き寄せる、利益にならない古い血のつながりを持つ余裕はない。
english,replace/focus_l_japanese.yml,AST_new_general_tt,新たに§Yスキル3§!の将軍§Yアイヴン・マッケイ§!が登場する。
english,replace/focus_l_japanese.yml,AST_nz_puppet,ニュージーランドの傀儡化
english,replace/focus_l_japanese.yml,AST_nz_puppet_desc,ニュージーランドの労働者はオーストラリアの兄弟姉妹と行動を共にすべきだ。我々の指示に従う限りにおいて、彼らを守ることができるし、友情の優しい手を差し伸べることもできる。
english,replace/focus_l_japanese.yml,AST_our_own_empire,我ら自身の帝国
english,replace/focus_l_japanese.yml,AST_our_own_empire_desc,かつての植民地である我々が独立し、オーストラリア帝国を宣言する時が来た。博愛と先見ある計画はこの地域全てに望ましいものとなるだろう。
english,replace/focus_l_japanese.yml,AST_pacific_area_navy,太平洋地域海軍
english,replace/focus_l_japanese.yml,AST_pacific_area_navy_desc,陛下はヨーロッパでの生き残りのために戦うが、我々はここ太平洋で敵と戦うことができる海軍を最優先事項とすべきだろう。その目的に沿った戦略を立てねばならない。
english,replace/focus_l_japanese.yml,AST_preemptive_intervention,先制介入
english,replace/focus_l_japanese.yml,AST_preemptive_intervention_desc,日本の過去10年間にわたる帝国建設は、太平洋の自由を愛するすべての人々に脅威を与えている。腹を空かせてぎょろつかせたその目が我々を獲物と狙い定めるまで待つ余裕はない。行動すべき時は今だ。
english,replace/focus_l_japanese.yml,AST_promote_reservists,予備役の昇格
english,replace/focus_l_japanese.yml,AST_promote_reservists_desc,我々は防衛軍を必要としているが、民兵や予備役を正規軍に昇格することは、必要とする軍の人員や経験を与えるだろう。
english,replace/focus_l_japanese.yml,AST_protect_overseas_commerce,海外通商保護
english,replace/focus_l_japanese.yml,AST_protect_overseas_commerce_desc,島国というものは海の向こうの他国からもたらされる物資に依存している。護送船団や貿易ルートを守ることは、単なる戦略というにとどまらず、必然である。
english,replace/focus_l_japanese.yml,AST_protect_the_dutch_colonies,オランダ植民地の保護
english,replace/focus_l_japanese.yml,AST_protect_the_dutch_colonies_desc,オランダはインドネシアの植民地にとって弱く、離れた宗主国で、日本や中国、その他潜在的敵性国家の攻撃からそれらを守ることは不可能だ。大義のために我々が支配しなければならない。
english,replace/focus_l_japanese.yml,AST_protect_the_homeland,本土防衛
english,replace/focus_l_japanese.yml,AST_protect_the_homeland_desc,オーストラリアは大きい。しかし、沿岸を守ることは可能だ。国家の安全を維持することは最も優先度が高い。
english,replace/focus_l_japanese.yml,AST_protect_the_south_west_pacific,南西太平洋の保護
english,replace/focus_l_japanese.yml,AST_protect_the_south_west_pacific_desc,南西太平洋のすべてを勢力圏内とするために局所的な力を行使する時だ。我々にできることは遺産の略奪を目論む部外者から人民と資源を保護することだけだ。
english,replace/focus_l_japanese.yml,AST_rationing_and_recycling,配給と再生利用
english,replace/focus_l_japanese.yml,AST_rationing_and_recycling_desc,すべての資源が重要だ。我々は市民の食料を配給し、摩耗品から可能な限り多くの金属を手に入れて再生利用する。そして国家の経済活動を促進するだろう。
english,replace/focus_l_japanese.yml,AST_rats_of_tobruk,トブルクの鼠
english,replace/focus_l_japanese.yml,AST_rats_of_tobruk_desc,我らが勇敢な兵士たちは、砂漠の戦いや戦場の掃討作戦に熟達していることを証明した。彼らは敵を悩ませ、基地から攻撃をしかけては、敵が逆襲してくる前に後退するのだ。
english,replace/focus_l_japanese.yml,AST_rats_of_tobruk_effect_1,トブルクにおいて精鋭部隊を獲得
english,replace/focus_l_japanese.yml,AST_rats_of_tobruk_effect_2,シドニーにおいて精鋭部隊を獲得
english,replace/focus_l_japanese.yml,AST_research_city_excursions,研究都市遊学
english,replace/focus_l_japanese.yml,AST_research_city_excursions_desc,ソビエト連邦は、その領域に研究都市と研究所を建設しており、共産主義科学の栄光について学ぶためにオーストラリアの研究者に来訪するよう勧めた。
english,replace/focus_l_japanese.yml,AST_research_collaboration,共同研究
english,replace/focus_l_japanese.yml,AST_research_collaboration_desc,イギリスは密接な同盟国間で科学的進歩を共有することの利点を示した。我々の全党派は、調整のための必要な措置を取ることで、戦時期の研究開発をより効率的に行うことができるだろう。
english,replace/focus_l_japanese.yml,AST_research_cooperation,研究協力協定
english,replace/focus_l_japanese.yml,AST_research_cooperation_desc,オーストラリア人は知的で資源に恵まれた人々であるが、先進科学課程のインフラや知識人は欠けている。同盟国と協力し、相互に利益をもたらす知識と新発見を共有しよう。
english,replace/focus_l_japanese.yml,AST_royal_australian_artillery,王立オーストラリア陸軍砲兵隊
english,replace/focus_l_japanese.yml,AST_royal_australian_artillery_desc,砲兵は戦場の女王であり、大砲の運用を拡大しなければならない。
english,replace/focus_l_japanese.yml,AST_royal_australian_submarine_service,王立オーストラリア潜水艦部隊
english,replace/focus_l_japanese.yml,AST_royal_australian_submarine_service_desc,潜水艦は未来の海軍兵器であり、連合国軍における重要な構成要素でもある。こうした戦争手法を受け入れる必要があるだろう。
english,replace/focus_l_japanese.yml,AST_scrap_iron_flotilla,屑鉄小艦隊
english,replace/focus_l_japanese.yml,AST_scrap_iron_flotilla_desc,艦隊のアップグレードが可能となるまで、手持ちの老朽船で間に合わさなければならないだろう。敵は老朽化した駆逐艦隊を屑鉄艦隊と呼ぶかもしれないが、我々はむしろこれを誇りとするだろう。
english,replace/focus_l_japanese.yml,AST_sentinel_tank_project,センチネル巡行戦車計画
english,replace/focus_l_japanese.yml,AST_sentinel_tank_project_desc,オーストラリアは自国製の装甲車両を開発すべきだ。ドイツやアメリカの考えに基づき、センチネル計画を発展させるべきである。
english,replace/focus_l_japanese.yml,AST_sever_ties_with_uk,英国との決別
english,replace/focus_l_japanese.yml,AST_sever_ties_with_uk_desc,英国と決別すべき時が来た。オーストラリアはロンドンからの干渉なしに自らの進路を定め、我らの地域で我らの運命を主張することができるのだ。
english,replace/focus_l_japanese.yml,AST_south_australian_housing_trust,南部オーストラリア住宅信託
english,replace/focus_l_japanese.yml,AST_south_australian_housing_trust_desc,南部オーストラリアは、より多くの産業と投資を必要とする。そのため、特にアデレード周辺において計画されたコミュニティ及び住宅の改善にリソースを捧げるだろう。
english,replace/focus_l_japanese.yml,AST_specialize_equipment,特殊装備
english,replace/focus_l_japanese.yml,AST_specialize_equipment_desc,我々が使用する英国製装備のすべてが、特殊な戦闘環境に効果的であるわけではない。特別に設計された装備が必要となってきている。
english,replace/focus_l_japanese.yml,AST_squash_the_squanderbugs,金食い虫をぺちゃんこに踏み潰せ
english,replace/focus_l_japanese.yml,AST_squash_the_squanderbugs_desc,インフレの影響を受けた消費財への無駄な支出は、戦時国債で集めた資金と勝利への戦争努力を奪いとっている。我々の軍隊が必要とした時は、我々はこの贅沢な欲求を控える必要があるだろう。
english,replace/focus_l_japanese.yml,AST_standard_gauge_railway,標準軌鉄道
english,replace/focus_l_japanese.yml,AST_standard_gauge_railway_desc,何十年もの間、オーストラリアは競合する鉄道軌を持っており、輸送、運搬において混乱を招いている。今こそ、国内の鉄道軌を標準化する時である。
english,replace/focus_l_japanese.yml,AST_strengthen_ties_with_uk,イギリスとの関係を強化
english,replace/focus_l_japanese.yml,AST_strengthen_ties_with_uk_desc,我々の忠誠心は祖国にある。祖国が向かう所に行き、祖国の敵との戦いに取り組むだろう。神よ王を護り賜え。
english,replace/focus_l_japanese.yml,AST_supply_indonesian_nationalists,インドネシアの民族主義支援
english,replace/focus_l_japanese.yml,AST_supply_indonesian_nationalists_desc,我々はインドネシアの人民に対して、圧制者たるオランダへの反攻を援助すべきだろう。彼らは教育と訓練を必要とするだろうが、数的優勢によってこの正義の戦いの勝利は必然だ。そして彼らは我々に感謝することになるだろう。
english,replace/focus_l_japanese.yml,AST_support_indonesian_uprising,インドネシア人の蜂起を支援
english,replace/focus_l_japanese.yml,AST_support_indonesian_uprising_desc,今やインドネシア人は武器を取りオランダに対して反旗を翻した。彼らは言葉より多くを必要としている。銃やその他装備はもちろん、大声での外交的支援も必要だ。
english,replace/focus_l_japanese.yml,AST_support_the_centre_party,中央党を支援
english,replace/focus_l_japanese.yml,AST_support_the_centre_party_desc,ニューサウスウェールズ州では、激しい反共主義運動が起こった。ニューガード派の支援を受ける中央党はオーストラリアを強化する鍵を握っているかもしれない。
english,replace/focus_l_japanese.yml,AST_support_the_policy_of_appeasement,宥和政策を支持
english,replace/focus_l_japanese.yml,AST_support_the_policy_of_appeasement_desc,先の戦争の重すぎる費用負担は依然として国民に記憶されている。世界の半分を譲り渡すことでオーストラリアを戦争から守ることができるならば、確かにこれを考慮する必要があるだろう。
english,replace/focus_l_japanese.yml,AST_swpa_protector,南西太平洋地域の保護者
english,replace/focus_l_japanese.yml,AST_swpa_protector_desc,オーストラリアは、南西太平洋地域の保護者として主要な位置を占める必要がある。インドシナからインドネシア、ニューギニアにいたるまでの海域全体が我々の庇護下にあるべきだろう。
english,replace/focus_l_japanese.yml,AST_swpi_research_tt,米国あるいは他の友好国と§Y技術共有協定§!を締結するだろう。
english,replace/focus_l_japanese.yml,AST_the_singapore_strategy,シンガポール戦略
english,replace/focus_l_japanese.yml,AST_the_singapore_strategy_desc,シンガポールはロンドンから離れすぎているため安全とはいえない。オーストラリアはこの大英帝国の前哨基地を他国の侵略から保護するためにシンガポールを得るべきだろう。
english,replace/focus_l_japanese.yml,AST_the_south_west_pacific_initiative,南西太平洋の主導権
english,replace/focus_l_japanese.yml,AST_the_south_west_pacific_initiative_desc,我々は敵性勢力から南西太平洋地域を防衛することに重きを置いた同盟国間ネットワークを作成するための地盤と信用を築いた。同じ価値観を持つ勢力を探し出し、世界情勢の中でオーストラリアを多数派にするだろう。
english,replace/focus_l_japanese.yml,AST_the_swpa_menace,南西太平洋の脅威
english,replace/focus_l_japanese.yml,AST_the_swpa_menace_desc,日本はオーストラリアの安全と自由を脅かす帝国をこの地域で築いている。同盟相手とするために同じ考えを持つ国家に目を向けるべきだろう。
english,replace/focus_l_japanese.yml,AST_the_threat_against_the_people,人民に対する脅威
english,replace/focus_l_japanese.yml,AST_the_threat_against_the_people_desc,日本帝国の軍国主義者とファシストどもは、全オーストラリア人の幸福を脅かし、世界中の労働者の平和的共存を妨げている。オーストラリアはこの人民の敵を押し戻し、奴らが惨めな岩だらけの島々にとどまるよう強いるだろう。
english,replace/focus_l_japanese.yml,AST_uranium_mining,ウラン鉱山
english,replace/focus_l_japanese.yml,AST_uranium_mining_desc,過去数十年にわたる調査によって、南部オーストラリア、特にジー山周辺に大きなウラン鉱床が発見されている。ウランは現在重要な軍事資源であり、採掘量を増加させるべきだろう。
english,replace/focus_l_japanese.yml,AST_volunteer_air_observers_corps,空中監視義勇兵軍団
english,replace/focus_l_japanese.yml,AST_volunteer_air_observers_corps_desc,目を空に向けよ!オーストラリア人は一般的な航空機のシルエットを学習し、我が国に接近する不審な航空機や敵機を政府に通報するのだ。
english,replace/focus_l_japanese.yml,AST_volunteer_defence_corps,義勇防衛隊
english,replace/focus_l_japanese.yml,AST_volunteer_defence_corps_desc,義勇防衛隊は、正規軍からではなく年老いた退役軍人や一般市民から集められた。彼らは郷土防衛隊として働くことで、正規軍を銃後を守る任務から解き放ち、敵軍に対する直接的な軍事行動をさせるだろう。
english,replace/focus_l_japanese.yml,AST_war_on_japan,日本との戦争
english,replace/focus_l_japanese.yml,AST_war_on_japan_desc,日本の侵略は長きに渡り、東アジア中を犯し、略奪した。そして今やその眼はさらに南の土地と資源に向けられている。我々は傍観することは出来ない。
english,replace/focus_l_japanese.yml,AST_western_australian_government_railways,西部オーストラリア政府鉄道
english,replace/focus_l_japanese.yml,AST_western_australian_government_railways_desc,オーストラリア西部における国有鉄道は、現時点において道路建設よりも優先されるべきである。地理的には西洋の列車が好ましく、その利点を利用すべきである。
english,replace/focus_l_japanese.yml,AST_womens_auxilliary_australian_air_force,オーストラリア婦人補助空軍
english,replace/focus_l_japanese.yml,AST_womens_auxilliary_australian_air_force_desc,我々の人口の半分は、家でただ座っているよりも戦争に貢献させた方が有用だ。航空機整備や信号機部隊、その他の関連業務は女性に引き渡されるだろう。
english,replace/focus_l_japanese.yml,AST_woo_usa,アメリカに懇願する
english,replace/focus_l_japanese.yml,AST_woo_usa_desc,我々の真の同盟者たるアメリカは、イギリスにルーツを持つもう一つの太平洋勢力だ。この裕福で強大な国は、我々の必要とする所をより上手に理解し、繁栄をもたらし、侵略から守ることができる。
english,replace/focus_l_japanese.yml,AST_workers_paradise,労働者の楽園
english,replace/focus_l_japanese.yml,AST_workers_paradise_desc,スターリン主義者たちの共産主義実験は失敗したが、社会主義自体は正しい道だと我々は信じている。オーストラリアはモスクワからの指示に従うのではなく、労働者が従うべき第二の道を切り開くだろう。
english,replace/focus_l_japanese.yml,AST_z_special_unit,Z特殊部隊
english,replace/focus_l_japanese.yml,AST_z_special_unit_desc,Z特殊部隊は、敵の後方の偵察、妨害工作に特化したコマンドー部隊である。これにはもっとも厳しい訓練を受けることを望む、勇敢な男性が必要となるだろう。
english,replace/focus_l_japanese.yml,CAN_1st_canadian_parachute_battalion,第1カナダ落下傘大隊
english,replace/focus_l_japanese.yml,CAN_1st_canadian_parachute_battalion_desc,国土の防衛を重視する人々からの抵抗があるとしても、現代の空挺戦闘においては敵地に降下させるための専用のパラシュート大隊を必要である。
english,replace/focus_l_japanese.yml,CAN_a_motorized_army,自動車化陸軍
english,replace/focus_l_japanese.yml,CAN_a_motorized_army_desc,カナダが持つトラック及びエンジンの製造経験は、我々の自動車化部隊の研究開発に優位性を与えた。
english,replace/focus_l_japanese.yml,CAN_alberta_coal_towns,アルバータ石炭町
english,replace/focus_l_japanese.yml,CAN_alberta_coal_towns_desc,ロッキー山脈沿いの石炭鉱床が開発されている。これら新しい鉱山への移住を促進し、西部の雇用を改善することができるだろう。
english,replace/focus_l_japanese.yml,CAN_aluminium_company_of_canada,カナダアルミニウム株式会社
english,replace/focus_l_japanese.yml,CAN_aluminium_company_of_canada_desc,アルミニウムは軽量で防錆性がある。ボーキサイト採掘とアルミニウム生産を拡大することにより、工場や組立ラインへ常に供給されることを保証できる。
english,replace/focus_l_japanese.yml,CAN_army_modernization,陸軍近代化
english,replace/focus_l_japanese.yml,CAN_army_modernization_desc,極めて燃えにくい材料からできている耐火倉庫で、アンティークな装備が長持ちしすぎたため、カナダは古い装備での訓練を軍隊に施していた。我が軍は手遅れになる前に近代化を進めなければならない。
english,replace/focus_l_japanese.yml,CAN_bits_and_pieces_program,断片計画
english,replace/focus_l_japanese.yml,CAN_bits_and_pieces_program_desc,断片計画は小さな消費財を製造する数多くの小規模工場を戦争のために動員する計画だ。自転車工場では、多くの有用な軍需品製造能力を見つけることができるだろう。
english,replace/focus_l_japanese.yml,CAN_burn_the_royal_portraits,王室の肖像画を焼却
english,replace/focus_l_japanese.yml,CAN_burn_the_royal_portraits_desc,もはや君主はいない!外国人の象徴と外国の議会の規則に従うことなどもうないのだ。カナダは自由で平等だ。人々は立ち上がるだろう。
english,replace/focus_l_japanese.yml,CAN_camp_x,キャンプX
english,replace/focus_l_japanese.yml,CAN_camp_x_desc,情報収集及びスパイの訓練はオシャワ近くの秘密の場所に集められている。イギリスとアメリカの両方の信号通信を集中的に検出する。
english,replace/focus_l_japanese.yml,CAN_canada_pacific_railway,カナダ太平洋鉄道
english,replace/focus_l_japanese.yml,CAN_canada_pacific_railway_desc,カナダ太平洋鉄道は戦争のためにすべての資源を利用できるようにした。何千トンもの物資と材料が、間断なく、海と海を繋いで我らの巨大な国土を横断する。
english,replace/focus_l_japanese.yml,CAN_canada_united,カナダ連合
english,replace/focus_l_japanese.yml,CAN_canada_united_desc,我が国の住民は大陸を横切る細い線に沿って広がっているが、この世界の危機にあたり、カナダの価値観と弱点を守るためにともに立ち上がる。
english,replace/focus_l_japanese.yml,CAN_canada_wheat_board,カナダ小麦委員会
english,replace/focus_l_japanese.yml,CAN_canada_wheat_board_desc,小麦、大麦、オート麦およびその他の作物の販売価格を設定するためカナダの小麦委員会を復活させ、活力を回復させれば、大恐慌による西部農民の荒廃が解決されるだろう。
english,replace/focus_l_japanese.yml,CAN_canadian_infantry_corps,カナダ歩兵軍団
english,replace/focus_l_japanese.yml,CAN_canadian_infantry_corps_desc,我々は今や軍団規模の部隊を編成するに足る人員を保有している。カナダ歩兵軍団は、先の戦争が終わってから編成された最初の軍団規模の部隊である。
english,replace/focus_l_japanese.yml,CAN_cmp_truck,CMPトラック
english,replace/focus_l_japanese.yml,CAN_cmp_truck_desc,カナダの工場は敵の爆撃から安全であるため、戦争のための輸送手段を作ることができる。我々のCMPトラックの設計は多目的で、多くの気候に適している。
english,replace/focus_l_japanese.yml,CAN_commit_to_the_war,戦争への傾倒
english,replace/focus_l_japanese.yml,CAN_commit_to_the_war_desc,世界は燃え上がり、カナダは果たす役割がある。我々は、民主主義と英国の生活様式を守ることを誓っている。
english,replace/focus_l_japanese.yml,CAN_commonwealth_air_training_plan,連邦航空訓練計画
english,replace/focus_l_japanese.yml,CAN_commonwealth_air_training_plan_desc,航空戦訓練は、我々の空軍を連邦と自治領の同盟国と協調させるだろう。これにより効率的で、安全に、そして同時に我々の飛行場を利用することができる。
english,replace/focus_l_japanese.yml,CAN_communist_labor_total_war_committee,共産主義労働者総力戦委員会
english,replace/focus_l_japanese.yml,CAN_communist_labor_total_war_committee_desc,カナダの共産主義者は同時に愛国者である!ファシズムに対する世界的戦争においては、我々はブルジョワのリベラルと協力し戦争のために全国民を動員すべきだ。
english,replace/focus_l_japanese.yml,CAN_compromise_with_quebec,ケベックとの妥協
english,replace/focus_l_japanese.yml,CAN_compromise_with_quebec_desc,ケベック人は全国民対象の徴兵には難色を示している。この問題は先の大戦でも国を引き裂いたものだ。危機に際して国家の結束を混乱させる余裕はない。おそらくの戦争への協力に関して、ケベック州の住民と取引をすることができるだろう。
english,replace/focus_l_japanese.yml,CAN_cookie_carriers,クッキー空母
english,replace/focus_l_japanese.yml,CAN_cookie_carriers_desc,戦略的な空中戦は、敵に甘美な菓子を投下してやるための重爆撃機を必要としている。
english,replace/focus_l_japanese.yml,CAN_crown_corporations,王営企業
english,replace/focus_l_japanese.yml,CAN_crown_corporations_desc,カナダは、不可欠なサービスを提供し、経済および産業の成長を刺激するために、多くの新しい王営企業を創設しなければならない。民間企業が参入しない場合は、政府がする必要がある。
english,replace/focus_l_japanese.yml,CAN_defence_of_canada_regulations,カナダ防衛規制
english,replace/focus_l_japanese.yml,CAN_defence_of_canada_regulations_desc,戦時には、戦争への努力が覆らないために市民権を縮減する必要がある。これは、出版制限及び反体制勢力の制限その他いくつかの法的権利に対する制限を意味する。
english,replace/focus_l_japanese.yml,CAN_defence_scheme_no_1,防衛計画第1号
english,replace/focus_l_japanese.yml,CAN_defence_scheme_no_1_desc,戦間期に存在した、アメリカとの戦争が勃発した際の反撃計画、防衛計画第1号をひっぱりだす時が来た。
english,replace/focus_l_japanese.yml,CAN_defence_scheme_no_2,防衛計画第2号
english,replace/focus_l_japanese.yml,CAN_defence_scheme_no_2_desc,防衛計画第2号は、太平洋間でアメリカ合衆国と大日本帝国で戦争が勃発した時の緊急時対応計画である。理想としては戦争時には中立に留まりたいが、しかしどの様な事態になろうとも、西海岸には強固な防衛が確立されるべきだ。
english,replace/focus_l_japanese.yml,CAN_defense_research_grants,防衛研究助成金
english,replace/focus_l_japanese.yml,CAN_defense_research_grants_desc,今やカナダは完全な主権国家であり、もはや以前のように先進的な試作型や設計図を受け取る立場ではない。我々は常に、敵より先進的であり、遅れを取らぬようにしなければならない。
english,replace/focus_l_japanese.yml,CAN_degauss_ship_hulls,船体の消磁化
english,replace/focus_l_japanese.yml,CAN_degauss_ship_hulls_desc,船体の磁力信号を減らすために、消磁を開始するだろう。これにより艦船を磁気機雷から保護するとともに、船体の電子的な艦影を小さくする効果もある。
english,replace/focus_l_japanese.yml,CAN_demand_labrador_and_newfoundland,ラブラドールとニューファンドランドを要求
english,replace/focus_l_japanese.yml,CAN_demand_labrador_and_newfoundland_desc,ニューファンドランドは失敗した自治領であり、適切な植民地の地位に戻さなければいけない。その適所とはカナダだ。
english,replace/focus_l_japanese.yml,CAN_department_of_munitions_and_supply,軍需物資省
english,replace/focus_l_japanese.yml,CAN_department_of_munitions_and_supply_desc,我々はカナダの国家資源の管理と経営を、軍需物資担当大臣であるC・D・ハウに一元的に任せることにした。
english,replace/focus_l_japanese.yml,CAN_destroyer_effort,駆逐艦への注力
english,replace/focus_l_japanese.yml,CAN_destroyer_effort_desc,補給や部隊の輸送に対する潜水艦攻撃の脅威に対し、これらの水中の危険を捕捉、撃破するための駆逐艦の建造に注力する必要がある。
english,replace/focus_l_japanese.yml,CAN_dollar_a_year_men,年1ドルの男
english,replace/focus_l_japanese.yml,CAN_dollar_a_year_men_desc,カナダの産業は効率の問題を抱えているが、幾人かの裕福な企業家が、申し訳程度の金額で彼らのサービスを提供し、忠告を与えてくれている。この少数の相談役の同僚たちは、我々を前進させてくれるだろう。
english,replace/focus_l_japanese.yml,CAN_escort_fleet,護衛艦隊
english,replace/focus_l_japanese.yml,CAN_escort_fleet_desc,海は世界の多くの混乱から我々を隔てており、もし我々の軍隊が戦い、補給を受けるのであれば、護衛艦隊と対潜水艦戦を優先する必要がある。
english,replace/focus_l_japanese.yml,CAN_fleet_in_being,艦隊保全主義
english,replace/focus_l_japanese.yml,CAN_fleet_in_being_desc,大規模な海軍力を建設することで、たとえそれを配備しなくても、その存在は敵の脅威になる可能性がある。我々の艦隊が航走することで、彼らのシーレーンを攻撃するのではないかとの疑念から、彼らは慎重にならざるを得ない。
english,replace/focus_l_japanese.yml,CAN_forced_quebec_conscription,ケベックでの強制的徴兵
english,replace/focus_l_japanese.yml,CAN_forced_quebec_conscription_desc,1917年と同様にケベックのフランス系カナダ人は、より多くの男を軍に動員する法案に抵抗している。我々が傍観することはなく、少数民族が議会の意思に反することを許さないだろう。
english,replace/focus_l_japanese.yml,CAN_fund_fairchilds_development,フェアチャイルド開発への資金供給
english,replace/focus_l_japanese.yml,CAN_fund_fairchilds_development_desc,ケベックにあるフェアチャイルド航空機工場には、爆撃機の部品生産を増やすために必要な資源が与えられるべきだ。工場の雇用を数千人は増やすことができる筈である。
english,replace/focus_l_japanese.yml,CAN_fund_the_national_research_council,国家研究評議会の設立
english,replace/focus_l_japanese.yml,CAN_fund_the_national_research_council_desc,カナダには科学と進歩の歴史があるが、研究者の必要性は以前にも増している。水面下では国家研究評議会に対してより多くの重圧をかけるべき時がきている。
english,replace/focus_l_japanese.yml,CAN_habakkuk_carrier,ハボクック空母
english,replace/focus_l_japanese.yml,CAN_habakkuk_carrier_desc,ハボクック計画は、木材パルプと氷を原材料として対潜空母を建設する計画である。これにより、より重要な用途のための鋼鉄を節約でき、カナダの科学力をさらに向上させるだろう。
english,replace/focus_l_japanese.yml,CAN_halifax_shipyards,ハリファックス造船所
english,replace/focus_l_japanese.yml,CAN_halifax_shipyards_desc,ヨーロッパの反対側という便利な場所に位置するハリファックス・ドックは、空前のペースで新しい艦船を建造している。大西洋における戦いは勝利へと導かれるだろう。
english,replace/focus_l_japanese.yml,CAN_heavy_cruiser_effort,重巡洋艦への注力
english,replace/focus_l_japanese.yml,CAN_heavy_cruiser_effort_desc,我々は重巡洋艦を護衛するだけの艦船を建造し、この戦略を可能とするのに十分な港を保持している。
english,replace/focus_l_japanese.yml,CAN_if_day,もしもの日
english,replace/focus_l_japanese.yml,CAN_if_day_desc,カナダ人は外国支配の脅威を真剣に受け止めていないので、恐怖を身近に感じさせるため、ウィニペグがナチスに占領された時の状況を模倣すべきだ。これは確実に戦勝国債の販売を増加させるだろう。
english,replace/focus_l_japanese.yml,CAN_imperial_oil,インペリアル・オイル
english,replace/focus_l_japanese.yml,CAN_imperial_oil_desc,インペリアル・オイルはカナダ西部での探鉱に資金を提供したいと考えている。これにより、石油の採掘量が増え、戦争機械に油をさせるだろう。
english,replace/focus_l_japanese.yml,CAN_independent_command,独立した指揮
english,replace/focus_l_japanese.yml,CAN_independent_command_desc,先の大戦ではイギリス人将校の責に帰すべき理由で、カナダ軍は最終的にソンムとパッシェンデールで無益に虐殺されるに至った。今回は、カナダは独自に指揮を執るだろう。
english,replace/focus_l_japanese.yml,CAN_john_inglis_and_company,ジョン・イングリス・アンド・カンパニー
english,replace/focus_l_japanese.yml,CAN_john_inglis_and_company_desc,ジョン・イングリス・アンド・カンパニーは、カナダ軍のために新しい機関銃と大砲を建造するよう指示されねばならない。
english,replace/focus_l_japanese.yml,CAN_join_comintern,コミンテルンに加盟
english,replace/focus_l_japanese.yml,CAN_join_comintern_desc,ソビエト連邦は誠意と強さを証明している。カナダはソビエト同盟に加わるべきである。
english,replace/focus_l_japanese.yml,CAN_join_germany,ドイツ陣営に加盟
english,replace/focus_l_japanese.yml,CAN_join_germany_desc,ヒトラーは国家を強くしながらも同時に、道理をわきまえた要求をする筋の通った人物であることが証明されている。我々は新たな黄金時代を迎えるため団結してライヒに合流するだろう。
english,replace/focus_l_japanese.yml,CAN_light_cruiser_effort,軽巡洋艦への注力
english,replace/focus_l_japanese.yml,CAN_light_cruiser_effort_desc,我々は決して多くの主力艦を建造することは出来ないが、同時に建造された軽巡洋艦には、一発を食らわせる力が秘められている。
english,replace/focus_l_japanese.yml,CAN_long_branch_arsenal,ロング・ブランチ造兵廠
english,replace/focus_l_japanese.yml,CAN_long_branch_arsenal_desc,トロント西部のロングブランチ造兵廠は、ライフルの生産の中心になるだろう。我々は何千挺ものリー・エンフィールド銃を必要とするので、カナダの中心地にある造兵廠の立地は全国への流通にも役立つだろう。
english,replace/focus_l_japanese.yml,CAN_maritime_colonial_railway,沿岸植民地鉄道
english,replace/focus_l_japanese.yml,CAN_maritime_colonial_railway_desc,我が国の東部諸州は、インターコロニアル鉄道をカナダ国鉄に売却して以来、質量ともに不十分なサービスしか受けてこなかった。中部諸州と大西洋諸州の関係を拡大するために、新しい沿岸植民地鉄道を奨励し、建設に着手している。
english,replace/focus_l_japanese.yml,CAN_mine_the_shield,シールド鉱山
english,replace/focus_l_japanese.yml,CAN_mine_the_shield_desc,カナディアンシールドはニッケル、銅、金、銀が豊富である。我々は鉱物に自然の恩恵を与えられおり、それをさらに活用する時だ。
english,replace/focus_l_japanese.yml,CAN_montreal_laboratory_collaboration,モントリオール共同研究所
english,replace/focus_l_japanese.yml,CAN_montreal_laboratory_collaboration_desc,モントリオール研究所は世界中の科学者を魅了している。フランスと英国の科学者は特に歓迎され、連邦諸国の奮闘努力に必要な専門知識を大いにもたらしてくれている。
english,replace/focus_l_japanese.yml,CAN_national_housing_act,国家住宅法
english,replace/focus_l_japanese.yml,CAN_national_housing_act_desc,近代化するカナダは、全国の住宅に関して標準化された規制を持つ必要がある。我々はすべてのカナダ人の生活条件を改善しなければならない。
english,replace/focus_l_japanese.yml,CAN_national_resources_mobilization_act,国家資源動員法
english,replace/focus_l_japanese.yml,CAN_national_resources_mobilization_act_desc,カナダは人口に比して広大で、人々はその広大な土地にぽつぽつと散在している。雇用状況を追跡確認することで誰が海外勤務に望ましいのか確認するシステムを開発する必要がある。
english,replace/focus_l_japanese.yml,CAN_national_steel_car,国営鋼鉄製車両
english,replace/focus_l_japanese.yml,CAN_national_steel_car_desc,大恐慌を苦心してどうにか切り抜けた国営鋼鉄製車両社は、鉄道と軍の拡張に必要な車両の建設を支援する専門知識と経験を持っている。
english,replace/focus_l_japanese.yml,CAN_north_american_alliance,北アメリカ同盟
english,replace/focus_l_japanese.yml,CAN_north_american_alliance_desc,アメリカ合衆国との偉大で恒久的な友好を発表する時が来た。平和を愛する兄弟分として団結している限り、誰も我々に挑むことはできない。
english,replace/focus_l_japanese.yml,CAN_patriation,本国政府からの権限移譲
english,replace/focus_l_japanese.yml,CAN_patriation_desc,カナダは母なるイングランドとの結びつきを減ずる時が来た。我々は成熟した国家であり、イングランドとヨーロッパの関係と同じく、大陸と大洋にまたがっており、我々自身の運命と共にある。
english,replace/focus_l_japanese.yml,CAN_permanent_joint_defense_board,常設共同防衛委員会
english,replace/focus_l_japanese.yml,CAN_permanent_joint_defense_board_desc,地理的な状況と先祖伝来の共通項は我々を米国に結び付けるが、この大陸は我々一人で守るには大きすぎる。共同防衛委員会は、北米の保護に関する協議と計画のために必要とされる。
english,replace/focus_l_japanese.yml,CAN_pinion_the_eagle,翼をもがれた鷲
english,replace/focus_l_japanese.yml,CAN_pinion_the_eagle_desc,米国との長大な国境線は、長大すぎるために無防備な状態にとどめ置かれている。米国はカナダの安全保障にとって最大の脅威であり続けるため、米国がカナダへ侵略するのが困難で厄介なものとなるようにするべきだろう。
english,replace/focus_l_japanese.yml,CAN_polymer_corporation,ポリマーコーポレーション
english,replace/focus_l_japanese.yml,CAN_polymer_corporation_desc,新しい王営企業であるポリマーコーポレーションは、新しいゴムポリマーの製造において非常に効率的であることを証明している。
english,replace/focus_l_japanese.yml,CAN_rcaf_station_borden,王立カナダ空軍ボーデン基地
english,replace/focus_l_japanese.yml,CAN_rcaf_station_borden_desc,カナダ空軍はオンタリオ州ボーデンで誕生した。この基地は、新世代のパイロットを訓練するために使用されるべきだろう。
english,replace/focus_l_japanese.yml,CAN_red_deer_training_camp,レッドディア訓練キャンプ場
english,replace/focus_l_japanese.yml,CAN_red_deer_training_camp_desc,レッドディア訓練キャンプ場は、新たな軍事訓練のための主要な場所になるだろう。完全な屋内訓練場と近くに飛行場を持つレッドディアは申し分ない位置にある。
english,replace/focus_l_japanese.yml,CAN_refuge_for_scientists,科学者のための避難所
english,replace/focus_l_japanese.yml,CAN_refuge_for_scientists_desc,戦争の混乱から遠く離れたカナダは、爆弾や弾丸に煩わされずに仕事をしたいと望む科学者にとって有望な避難所であることが証明されている。
english,replace/focus_l_japanese.yml,CAN_retool_angus_shops,アンガス作業所の設備を一新
english,replace/focus_l_japanese.yml,CAN_retool_angus_shops_desc,近代的な軍は機甲部隊を必要とし、カナダ太平洋鉄道のアンガス作業所はその建設に適している。戦車製造のため施設を修復し、機械設備を一新するのだ。
english,replace/focus_l_japanese.yml,CAN_rowell_sirois_commission,ローウェル＝シノワ委員会
english,replace/focus_l_japanese.yml,CAN_rowell_sirois_commission_desc,ローウェル＝シノワ委員会は、カナダの連邦憲法上の取り決めが大恐慌からの回復を妨げると判断した。全国的にサービス水準を均質化すべきだろう。
english,replace/focus_l_japanese.yml,CAN_royal_regiment_of_canadian_artillery,王立カナダ砲兵連隊
english,replace/focus_l_japanese.yml,CAN_royal_regiment_of_canadian_artillery_desc,最新の火砲が欠如していようとも、砲兵が現代戦を戦うために対空砲や新しい25ポンド砲の操法を含む訓練を開始せねばならない。
english,replace/focus_l_japanese.yml,CAN_send_in_the_zombies,ゾンビを送れ
english,replace/focus_l_japanese.yml,CAN_send_in_the_zombies_desc,カナダの徴兵適格者全員が軍隊に勤める時が来た。国家資源動員法によって多くの男たちを軍需工場で働かせてきたが、現在は海外に派兵されるべきである。
english,replace/focus_l_japanese.yml,CAN_shadow_factories,影の工場群
english,replace/focus_l_japanese.yml,CAN_shadow_factories_desc,我々には航空機工場が必要だが、他の工場、特に自動車工場の近くで部品を製造することは、より容易でかつ安全である。このやり方は機密保持と安全性向上を助長させるだろう。
english,replace/focus_l_japanese.yml,CAN_skewer_the_eagle,串刺しの鷲
english,replace/focus_l_japanese.yml,CAN_skewer_the_eagle_desc,アメリカの脅威を囲み封じ込めるため、メキシコの兄弟たちと同盟を結成しよう。
english,replace/focus_l_japanese.yml,CAN_strengthen_the_commonwealth_ties,英連邦の紐帯強化
english,replace/focus_l_japanese.yml,CAN_strengthen_the_commonwealth_ties_desc,我ら英連邦自治領諸国は真の友人関係であり、我らは皆陛下を補佐するため共に行進すべきなのだ。
english,replace/focus_l_japanese.yml,CAN_supply_the_empire,帝国の供給基地
english,replace/focus_l_japanese.yml,CAN_supply_the_empire_desc,木材、鉄、ニッケル、石炭が豊富な国は他にあるか？船団護衛と鉄道輸送が安全である限り、港から原材料を大英帝国のパートナーに輸送することができるだろう。
english,replace/focus_l_japanese.yml,CAN_supply_the_red_army,赤軍の物資
english,replace/focus_l_japanese.yml,CAN_supply_the_red_army_desc,ソビエト連邦は民衆の敵と戦っている、モスクワへの武器と物資の援助をカナダは請け負うべきだ。
english,replace/focus_l_japanese.yml,CAN_support_a_synarchist_baja,シナキスト・バハを支援
english,replace/focus_l_japanese.yml,CAN_support_a_synarchist_baja_desc,北アメリカでの保守的なナショナリズムの普及をさらに押し進めるには、水面下でメキシコのシナキスト革命に重圧を与えるべきだろう。成功すれば、我々は北半球にまたがりファシズムの素晴らしさを喧伝する全体主義国家を二つ持てるだろう。
english,replace/focus_l_japanese.yml,CAN_support_the_blue_shirts,青シャツ隊を支援
english,replace/focus_l_japanese.yml,CAN_support_the_blue_shirts_desc,我が国のファシズムへの転換にはライバルを脅かす強力な準軍事的組織が必要となる。青シャツ隊は、新たな秩序に反対する者への我々の答えである。
english,replace/focus_l_japanese.yml,CAN_support_the_world_revolution,世界革命を支援
english,replace/focus_l_japanese.yml,CAN_support_the_world_revolution_desc,君は民衆の歌を聴いたか？インターナショナルを!カナダはプロレタリアートを彼らの足枷から解放しようと励むべきだ。
english,replace/focus_l_japanese.yml,CAN_swastika_clubs,鍵十字クラブ
english,replace/focus_l_japanese.yml,CAN_swastika_clubs_desc,ファシズムの思想と理想を促進するために、多くのカナダ人が鍵十字クラブに視線を向けている。うっとりしちゃう!
english,replace/focus_l_japanese.yml,CAN_the_black_devils,ブラック・デビルズ
english,replace/focus_l_japanese.yml,CAN_the_black_devils_desc,危険な任務のために特別コマンドー部隊を用意する必要がある。デビルズ旅団の創設において北米大陸の同盟国との協力が手配されている。
english,replace/focus_l_japanese.yml,CAN_the_pacific_coast_air_defence_radar_system,太平洋沿岸防空レーダーシステム
english,replace/focus_l_japanese.yml,CAN_the_pacific_coast_air_defence_radar_system_desc,ブリティッシュコロンビアの沿岸は、南部を除き岩が多く、人々はまばらに住んでいる。太平洋を越えてくる飛行物体を検知するため、レーダー基地の連鎖のような早期警告システムに頼らざるをえないだろう。
english,replace/focus_l_japanese.yml,CAN_the_plan,連邦航空訓練計画
english,replace/focus_l_japanese.yml,CAN_the_plan_desc,パイロット訓練の経験と識見を共有するために、我々は同盟国と協力してきた。この戦争は空から勝てる可能性があり、そのために連邦航空訓練計画が勝利の鍵となりそうだ。
english,replace/focus_l_japanese.yml,CAN_the_rocky_mountain_rangers,ロッキー・マウンテン・レンジャーズ
english,replace/focus_l_japanese.yml,CAN_the_rocky_mountain_rangers_desc,西部の自警団は、カムループスに基地を置くロッキーマウンテンレンジャーズ予備役連隊に召集されるだろう。
english,replace/focus_l_japanese.yml,CAN_the_sabre_project,SABRE計画
english,replace/focus_l_japanese.yml,CAN_the_sabre_project_desc,ジェット航空機は将来の空を支配する、従って、外国製機体から派生させた独自のジェット機の生産に投資すべきである。
english,replace/focus_l_japanese.yml,CAN_the_valentine_tank,バレンタイン戦車
english,replace/focus_l_japanese.yml,CAN_the_valentine_tank_desc,カナダは英国がデザインした耐久性のある中型戦車、バレンタイン戦車を生産する認可を持っている。
english,replace/focus_l_japanese.yml,CAN_the_walkie_talkie,ウォーキートーキー
english,replace/focus_l_japanese.yml,CAN_the_walkie_talkie_desc,ドナルド・ヘインズは、電波で動作する新しい携帯用双方向通信装置を発明し、特許を取得している。これにより、通話による意思疎通と標的設定能力が大幅に改善されるだろう。
english,replace/focus_l_japanese.yml,CAN_trade_fleet,貿易艦隊
english,replace/focus_l_japanese.yml,CAN_trade_fleet_desc,カナダは貿易国だ。より多くの貨物船と護送船団を製造する。
english,replace/focus_l_japanese.yml,CAN_turner_valley_oilfield,ターナーバレー油田
english,replace/focus_l_japanese.yml,CAN_turner_valley_oilfield_desc,1914年に発見されたカルガリーの外側ターナー渓谷は、英連邦諸国最大の油田の一つになっている。さらなる開発は、業界と政府にとって最優先事項であるべきである。
english,replace/focus_l_japanese.yml,CAN_united_shipyards,ユナイテッド・シップヤード
english,replace/focus_l_japanese.yml,CAN_united_shipyards_desc,ユナイテッド・シップヤード社のモントリオール・ドックは、我々の上陸用舟艇と貨物船の主要な供給源になっている。
english,replace/focus_l_japanese.yml,CAN_uranium_mining,ウランの採掘
english,replace/focus_l_japanese.yml,CAN_uranium_mining_desc,我々の同盟国は、ウランを必要とする秘密のプロジェクトに取り組んでおり、幸いなことに、エルドラド社は希少鉱物を発見し、鉱山周辺の町ポートラジウムを建設した。政府はこの会社の支配権を握り、この過敏な鉱物を保護しなければならない。
english,replace/focus_l_japanese.yml,CAN_victory_aircraft_limited,ビクトリー航空機有限会社
english,replace/focus_l_japanese.yml,CAN_victory_aircraft_limited_desc,ビクトリー航空機は、カナダの爆撃機艦隊の建設を任されている。ランカスターを皆の手に!
english,replace/focus_l_japanese.yml,CAN_war_bonds,戦時国債
english,replace/focus_l_japanese.yml,CAN_war_bonds_desc,貧弱な徴税基盤や資源輸出に頼っていては、戦争資金を調達できない。愛国者のカナダ人は、国に投資し、戦時国債を通じて勝利への戦争努力を支援しなければならない。
english,replace/focus_l_japanese.yml,CAN_war_fueled_economy,戦争特需景気
english,replace/focus_l_japanese.yml,CAN_war_fueled_economy_desc,原材料や完成品の海外需要はカナダを大恐慌から脱却させている。森林や鉱物などの我々の豊かな富は、同盟国の戦車を養うことができ、国を豊かにすることができるのだ。
english,replace/focus_l_japanese.yml,CAN_wartime_prices_and_trade_board,戦時価格と貿易委員会
english,replace/focus_l_japanese.yml,CAN_wartime_prices_and_trade_board_desc,不当に利益を得るための在庫や売り惜しみを防ぎ、カナダのほとんどすべての人々が商品を購入できるように価格統制が導入された。
english,replace/focus_l_japanese.yml,CAN_we_have_the_hurricane,我々にはハリケーンがある
english,replace/focus_l_japanese.yml,CAN_we_have_the_hurricane_desc,イギリスはハリケーン戦闘機の製造ラインを建設する許可を我々に与えた。この飛行機は我らが航空隊の中核となるだろう。
english,replace/focus_l_japanese.yml,CAS_bonus,近接航空支援機のボーナス
english,replace/focus_l_japanese.yml,CAS_effort,CASへの注力
english,replace/focus_l_japanese.yml,CAS_effort_desc,現代的な軍隊が求める支援は、地上車両だけでなく、空から共に行われねばならない。
english,replace/focus_l_japanese.yml,ENG_AIR_REARMAMENT_DESC_COMMUNIST,大陸に位置する敵国と戦争する上で、人民空軍（People's Air Force）の存在は勝利の鍵となるだろう。手始めに、航空基地を再軍備計画で確実に補強しなくてはならない。
english,replace/focus_l_japanese.yml,ENG_AIR_REARMAMENT_DESC_HISTORICAL,大陸に位置する敵国と戦争する上で、王立空軍（Royal Air Force）の存在は勝利の鍵となるだろう。手始めに、航空基地を再軍備計画で確実に補強しなくてはならない。
english,replace/focus_l_japanese.yml,ENG_BRITANNIA_RULES_THE_WAVES_DESC_COMMUNIST,他国はワーカーズ・リベレーション・ネイヴィーに恐れ慄き、革新的ドクトリンの創造に追われている。慢心し、個々の艦船の質、量のみをあてにしてはならない。
english,replace/focus_l_japanese.yml,ENG_BRITANNIA_RULES_THE_WAVES_DESC_HISTORICAL,他国はロイヤル・ネイヴィーに恐れ慄き、革新的ドクトリンの創造に追われている。慢心し、個々の艦船の質、量のみをあてにしてはならない。
english,replace/focus_l_japanese.yml,ENG_BSA_COMPANY_DESC_COMMUNIST,革命兵器工場は十分な小火器を生産できていない。しかし先の大戦同様、バーミンガム小火器会社と契約する事で、彼らの生産力を強化できる。
english,replace/focus_l_japanese.yml,ENG_BSA_COMPANY_DESC_HISTORICAL,ロイヤル・オードナンス工場は十分な小火器を生産できていない。しかし先の大戦同様、バーミンガム小火器会社と契約する事で、彼らの生産力を強化できる。
english,replace/focus_l_japanese.yml,ENG_COASTAL_COMMAND_DESC_COMMUNIST,我々の産業は帝国の離れた場所から本土に輸送される資源に支えられている。輸送船は生命線であり、誇り高き労働者解放海軍と人民空軍によって護衛しなければならない。沿岸防衛隊を編成して港に近寄る敵を防ぐ必要がある。
english,replace/focus_l_japanese.yml,ENG_COASTAL_COMMAND_DESC_HISTORICAL,我々の産業は帝国の離れた場所から本土に輸送される資源に支えられている。輸送船は生命線であり、誇り高き海軍と空軍によって護衛しなければならない。沿岸防衛隊を編成して港に近寄る敵を防ぐ必要がある。
english,replace/focus_l_japanese.yml,ENG_GENERAL_REARMAMENT_DESC_AHISTORICAL,前任者は軍事的状況を無視し続けてきた。我々の不十分な軍隊状況を改善するために全面的な再軍備計画を実施する必要がある。
english,replace/focus_l_japanese.yml,ENG_GENERAL_REARMAMENT_DESC_HISTORICAL,新たな世界大戦はどうやら不可避のものとなりつつあるようだ。ヒトラーでなくとも天皇が、もしくはソビエトでさえもきっかけとなるだろう……世論は本格的再軍備を開始する方向に十分傾いている。
english,replace/focus_l_japanese.yml,ENG_LIMITED_REARMAMENT_AHISTORICAL,我々の国内政治と国際関係の新しい取り組みは健全な軍隊を必要とする。将来的な準備として我々の民間債業を拡大し始めるべきであり、将来的に軍事産業の拡大のための安定した基盤を形成するだろう。
english,replace/focus_l_japanese.yml,ENG_LIMITED_REARMAMENT_HISTORICAL,昨今のドイツと世界中のファシスト勢力による動乱は、我々が平和を謳歌できないかもしれない事を示唆している。もし状況が悪い方向へ動くならば、我々は再軍備の為に動き始めるべきである。
english,replace/focus_l_japanese.yml,ENG_NAVAL_REARMAMENT_DESC_COMMUNIST,我々は第二次ロンドン海軍軍縮条約で海軍の軍拡競争を予防を試みたが、加盟国は軍縮条約を無視している。ワーカーズ・リベレーション・ネイヴィーが世界の覇権を喪失する事は許されない。我らは常に世界最大の海軍でなければならないのだ。
english,replace/focus_l_japanese.yml,ENG_NAVAL_REARMAMENT_DESC_HISTORICAL,我々は第二次ロンドン海軍軍縮条約で海軍の軍拡競争を予防を試みたが、加盟国は軍縮条約を無視している。ロイヤル・ネイヴィーが世界の覇権を喪失する事は許されない。我らは常に世界最大の海軍でなければならないのだ。
english,replace/focus_l_japanese.yml,ENG_ROYAL_ORDNANCE_FACTORIES_DESC_COMMUNIST,嘆かわしい事に、ウーリッジの革命兵器工廠は十分な数の弾薬や小火器を生産するには不十分だ。全国により多くの工場を建てるべきだろう。特に安全な地域が望ましい。
english,replace/focus_l_japanese.yml,ENG_ROYAL_ORDNANCE_FACTORIES_DESC_HISTORICAL,嘆かわしい事に、ウーリッジの王立兵器工廠は十分な数の弾薬や小火器を生産するには不十分だ。全国により多くの工場を建てるべきだろう。特に安全な地域が望ましい。
english,replace/focus_l_japanese.yml,ENG_ROYAL_ORDNANCE_FACTORIES_NAME_COMMUNIST,レヴォリューショナリー・オードナンス工場
english,replace/focus_l_japanese.yml,ENG_ROYAL_ORDNANCE_FACTORIES_NAME_HISTORICAL,ロイヤル・オードナンス工場
english,replace/focus_l_japanese.yml,ENG_ROYAL_TANK_REGIMENT_DESC_COMMUNIST,戦車を発明したのはイギリスであり、従って共和国戦車連隊は世界で最良の戦車を備えているべきだが、現在のところそれは真実ではない。特殊車両開発委員会はイギリスを戦車開発の最前線に置くために、現代型の設計の研究と開発を提案している。
english,replace/focus_l_japanese.yml,ENG_ROYAL_TANK_REGIMENT_DESC_HISTORICAL,戦車を発明したのはイギリスであり、従って王立戦車連隊は世界で最良の戦車を備えているべきだが、現在のところそれは真実ではない。特殊車両開発委員会はイギリスを戦車開発の最前線に置くために、現代型の設計の研究と開発を提案している。
english,replace/focus_l_japanese.yml,ENG_ROYAL_TANK_REGIMENT_NAME_COMMUNIST,共和国戦車連隊
english,replace/focus_l_japanese.yml,ENG_ROYAL_TANK_REGIMENT_NAME_HISTORICAL,王立戦車連隊
english,replace/focus_l_japanese.yml,ENG_belgium_security,ベルギーの確保
english,replace/focus_l_japanese.yml,ENG_belgium_security_desc,警告は明らかに不十分だった。政治的緊張が今後も続く場合、ベルギーは我が国の制海権の直接的脅威となるだろう。我が国はこれに介入し、ヨーロッパ本土への戦略的足掛かりを確立しなければならない。
english,replace/focus_l_japanese.yml,ENG_benelux_intervention,ベネルクスへの介入
english,replace/focus_l_japanese.yml,ENG_benelux_intervention_desc,ベネルクス地域の政治状況は我が国にますます敵対的になっている。民主主義の敵は誰であれ許されず、必要であれば武力行使を辞さないという警告を送るべきだろう。
english,replace/focus_l_japanese.yml,ENG_danish_intervention,デンマークへの介入
english,replace/focus_l_japanese.yml,ENG_danish_intervention_desc,世界平和の敵に対するデンマークの支援が続いているが、奴らをこちら側に置く唯一の手段が存在する。ヨーロッパ大陸において陸上からの侵攻が必要となった場合に備え、デンマークを戦略的足掛かりの確立のために利用することだ。
english,replace/focus_l_japanese.yml,ENG_dutch_security,オランダの確保
english,replace/focus_l_japanese.yml,ENG_dutch_security_desc,オランダでは敵を支援する政治運動が続いている。自由なヨーロッパを確実にする為にはオランダは征伐されなければならない。
english,replace/focus_l_japanese.yml,ENG_embargo_germany,ドイツへの禁輸
english,replace/focus_l_japanese.yml,ENG_embargo_germany_desc,ドイツの再軍備は国際平和への侮辱かつ強大な脅威である。彼らが軍備への補給をするための資源を、我々は供給すべきではない。
english,replace/focus_l_japanese.yml,ENG_embargo_ussr,ソ連への禁輸
english,replace/focus_l_japanese.yml,ENG_embargo_ussr_desc,ソビエト連邦は、我が国の資源を用いて軍事力の強化を行っている。すぐに彼らとの貿易を停止する必要がある。
english,replace/focus_l_japanese.yml,ENG_home_defence,本土防衛
english,replace/focus_l_japanese.yml,ENG_home_defence_desc,我々がイギリスの民衆を保護することができないのならば、広大な帝国など何の意味も持たない。安全なブリテン島を維持することに力を集中するべきだ。
english,replace/focus_l_japanese.yml,ENG_issue_gasmasks,ガスマスクを配布
english,replace/focus_l_japanese.yml,ENG_issue_gasmasks_desc,世界は日々その危険さを増している。いかなる毒ガス攻撃からも民間人を保護しなければならない。イギリス人は「ほっと一息」するべきだ。
english,replace/focus_l_japanese.yml,ENG_military_training_act,軍事訓練法
english,replace/focus_l_japanese.yml,ENG_military_training_act_desc,先の大戦は、人々の心にもう戦う必要はないという印象を残していった。世界情勢の緊迫に伴い、全ての若い男性が基礎的軍事訓練を受けるようにせねばならない。
english,replace/focus_l_japanese.yml,ENG_mot_focus_tooltip,これにより自動車化歩兵師団を展開することができるようになる
english,replace/focus_l_japanese.yml,ENG_motorized_focus,陸軍の自動車化
english,replace/focus_l_japanese.yml,ENG_motorized_focus_desc,近年、陸軍は歩兵の自動車化を試みている。十分な自動車化が成されているとは言い難いが、陸軍大臣の言葉があれば間も無く可能となるだろう。
english,replace/focus_l_japanese.yml,ENG_norwegian_intervention,ノルウェイへの介入
english,replace/focus_l_japanese.yml,ENG_norwegian_intervention_desc,ノルウェイ内に反民主主義的運動が根付きつつある。例え武力行使が必要となる事態に至ろうとも、彼らの政治が我々の利害に添うよう留め置くべきだろう。
english,replace/focus_l_japanese.yml,ENG_swedish_intervention,スウェーデンへの介入
english,replace/focus_l_japanese.yml,ENG_swedish_intervention_desc,スウェーデン内の反民主主義的運動が懸念すべきレベルの影響力を持ち始めている。スウェーデンの鉄鋼が銃として敵の手に収まる事態は避けなければならない。スウェーデン人は自由であるべきだが、我が国が一定の影響力を確保する事は必要だろう。
english,replace/focus_l_japanese.yml,ENG_tank_focus,[Root.GetRoyalTankRegimentName]
english,replace/focus_l_japanese.yml,ENG_tank_focus_desc,[Root.GetRoyalTankRegimentDesc]
english,replace/focus_l_japanese.yml,ENG_war_with_germany,ドイツと交戦
english,replace/focus_l_japanese.yml,ENG_war_with_germany_desc,ドイツ人達は我々に他の選択肢を残しはしなかった。自由な世界と我らの子供の未来のために。今こそ戦争の時である。
english,replace/focus_l_japanese.yml,ENG_war_with_italy,イタリアと交戦
english,replace/focus_l_japanese.yml,ENG_war_with_italy_desc,イタリアが新しい帝国への計画の放棄を拒んだことは、彼らが直に領土拡張戦争を始めるであろうことを証明している。手遅れとなる前に、この脅威を取り除く必要があるだろう。
english,replace/focus_l_japanese.yml,ENG_war_with_japan,日本と交戦
english,replace/focus_l_japanese.yml,ENG_war_with_japan_desc,あらゆる方法を使ったが日本は拡張主義的なやり方を放棄する事を拒否した。大英帝国とアジアの人々の安全のため、日本を征伐する必要がある。
english,replace/focus_l_japanese.yml,ENG_war_with_ussr,ソ連と交戦
english,replace/focus_l_japanese.yml,ENG_war_with_ussr_desc,ソビエト連邦の脅威は、我々の非難にも関わらず日に日に増大している。最早これを黙認する余地はなく、戦争へと踏み切ることが、より良い我が国の未来への決断となるだろう。
english,replace/focus_l_japanese.yml,FRA_aggressive_focus,攻撃重視
english,replace/focus_l_japanese.yml,FRA_aggressive_focus_desc,我々は敵が国境へ進出するのを黙認することはできない。また、戦火の中にある同盟国を放って置くこともできない。軍よ準備せよ!ガムランが適任だ。
english,replace/focus_l_japanese.yml,FRA_air_doctrine,空軍ドクトリン
english,replace/focus_l_japanese.yml,FRA_air_doctrine_desc,我々はより速いペースでの空戦における新理論のテストをする十分な経験を得た。これは我々が新しい戦術と戦略的可能性を探求できるという事である。空戦は昨今の戦争において重要である。
english,replace/focus_l_japanese.yml,FRA_air_focus,空軍重視
english,replace/focus_l_japanese.yml,FRA_air_focus_desc,今こそ空軍を拡大化させる時だ!計画によってすでに航空機と人員の両者の増強を支えるための、新たな航空基地の建設が始められた。
english,replace/focus_l_japanese.yml,FRA_algerie_france,フランス領アルジェリアへの投資
english,replace/focus_l_japanese.yml,FRA_algerie_france_desc,ヨーロッパは危険な時代に直面している。南の地の改善に注力し、本国の支援を常時行えるよう確実にするべきだ。
english,replace/focus_l_japanese.yml,FRA_algerie_france_tt,フランス植民地内の§Yインフラ§!用の建築スロットが不十分
english,replace/focus_l_japanese.yml,FRA_alpine_forts,アルパイン要塞
english,replace/focus_l_japanese.yml,FRA_alpine_forts_desc,アルプスを防衛線で覆う新しい計画が完了すれば、イタリア人がそう簡単に国境を越えることはない。対応と陣地の強化をする猶予ができた。
english,replace/focus_l_japanese.yml,FRA_army_of_aggression,侵略軍
english,replace/focus_l_japanese.yml,FRA_army_of_aggression_desc,敵がヨーロッパ中に蔓延っている以上、もはや時代遅れの壁の後ろに座り込んでいることはできない。今こそ我が軍を強化し、フランスが偉大なる国家であり続けられるように国境を押し上げる時だ。
english,replace/focus_l_japanese.yml,FRA_army_reform,陸軍再編
english,replace/focus_l_japanese.yml,FRA_army_reform_desc,単独で我々に勝利をもたらしてくれる歩兵部隊やハイテク戦車など存在しない。戦術的及び戦略的能力を発達させることにこそ努力しなくてはならない。役目に相応しい者たちとともにあってこそ、我々は軍として進歩していくことができるのだ。
english,replace/focus_l_japanese.yml,FRA_artillery_focus,グランド・バトゥリ
english,replace/focus_l_japanese.yml,FRA_artillery_focus_desc,砲兵は特定の地点に火力を集中させるための単独で強力な部隊だ。一度の斉射によって敵戦線を弱体化させ、必要とあらば道を切り開くであろう。
english,replace/focus_l_japanese.yml,FRA_bomber_focus,爆撃機重視
english,replace/focus_l_japanese.yml,FRA_bomber_focus_desc,航空支援は防御能力、攻撃能力のどちらにおいても重要である。もし我々が開発に注力するならより素早く正確な爆撃機は全ての陸戦において優勢に立つことができるだろう。
english,replace/focus_l_japanese.yml,FRA_capital_ship_focus,主力艦重視
english,replace/focus_l_japanese.yml,FRA_capital_ship_focus_desc,戦艦の設計を改善することは、大きな戦術的優位へと繋がる。戦艦の比類なき射程と威力をもってすれば、何物でも艦砲から逃れることはできないだろう。
english,replace/focus_l_japanese.yml,FRA_carrier_focus,空母重視
english,replace/focus_l_japanese.yml,FRA_carrier_focus_desc,海戦に関する諸理論は、時代遅れの空母への関心を促した。正しい方向に発展した空母がいかに有用であるかをそれらの理論は提示している。十分な支援を行わなければその発展は望めないだろう。
english,replace/focus_l_japanese.yml,FRA_cas_focus,近接航空支援機重視
english,replace/focus_l_japanese.yml,FRA_cas_focus_desc,艦船及び地上戦力への航空支援は、比較的小さな投資で非常に効率的な成果を挙げている。この目的に用いられる航空機に対して、我々の技術者が次世代の支援機を構成できるような複数の改良の提案が存在している。
english,replace/focus_l_japanese.yml,FRA_colonial_industry,植民地工業
english,replace/focus_l_japanese.yml,FRA_colonial_industry_desc,植民地の工業化に取り組むべきだ。ヨーロッパの緊張は高まるはずであり、敵国の爆撃機が届かない所に工業化の余地がある。
english,replace/focus_l_japanese.yml,FRA_colonial_industry_tt,フランス植民地内の§Y民需工場§!用の建築スロットが不十分
english,replace/focus_l_japanese.yml,FRA_colonial_military_factories,植民地の軍需工場
english,replace/focus_l_japanese.yml,FRA_colonial_military_factories_desc,ヨーロッパ外に我々の軍事生産拠点を配置することで、仮に敵に本国の制空権を握られたとしても最前線の部隊への装備の一定の供給を維持することが保証される。
english,replace/focus_l_japanese.yml,FRA_colonial_military_factories_tt,フランス植民地内の§Y軍需工場§!用の建築スロットが不十分
english,replace/focus_l_japanese.yml,FRA_czech_guarantee,チェコへの保障
english,replace/focus_l_japanese.yml,FRA_czech_guarantee_desc,チェコ国境における緊張が高まっている。我々は拡張主義国家による自由で民主的な国家の奪取を認めない。チェコ人は自由の民であり続けなければならない。我が国からの独立保障によって、侵略を企んでいる国は再考することになるだろう。
english,replace/focus_l_japanese.yml,FRA_defensive_focus,防衛重視
english,replace/focus_l_japanese.yml,FRA_defensive_focus_desc,このような時代では、防衛力を強化することが最善である。脅威がある場合、領土内で対処できるように敵をおびき寄せましょう。我々には軍隊を指揮するのに最適な候補者がおり、後は命令しさえすればよい。
english,replace/focus_l_japanese.yml,FRA_defensive_strategems,防衛戦略
english,replace/focus_l_japanese.yml,FRA_defensive_strategems_desc,"フランス国民を戦わせようとするならば、明確な指針を持つ事がこれまで以上に重要である。内輪揉めを終わらせ、フランスと\""Liberté, égalité, fraternité（自由・平等・博愛）\""のために戦わねばならない。"
english,replace/focus_l_japanese.yml,FRA_dismantle_the_democracies,民主主義同盟を打倒
english,replace/focus_l_japanese.yml,FRA_dismantle_the_democracies_desc,中央ヨーロッパに誕生した[DEU.GetAdjective]の民主主義同盟は、我々が新たに手に入れた地位を脅かしている。連中がより強固になる前に手を打つ必要があるだろう。
english,replace/focus_l_japanese.yml,FRA_extend_the_maginot_line,マジノ線の延長
english,replace/focus_l_japanese.yml,FRA_extend_the_maginot_line_desc,ベルギーが自分達の土地を守ることに期待は出来ない。もし敵軍の通行を許せば、我が国にとり厄介な事となるだろう。マジノ線の延長は敵軍をフランスに踏み入れさせないために重要不可欠だ。
english,replace/focus_l_japanese.yml,FRA_extra_research_slot,グラン・ゼコールを支援
english,replace/focus_l_japanese.yml,FRA_extra_research_slot_2,国立研究所を設立
english,replace/focus_l_japanese.yml,FRA_extra_research_slot_2_desc,有望な若い知性はどこにでも現れている。彼らに研究を行う施設を提供する必要がある。技術の進歩により、最も必要としている所の強みを得ることができる。
english,replace/focus_l_japanese.yml,FRA_extra_research_slot_desc,有望な若者の精神は至る所に存在する。彼らに研究設備を提供する必要がある。技術の進歩によって、最も必要とするものを得ることができるだろう。
english,replace/focus_l_japanese.yml,FRA_fighter_focus,戦闘機重視
english,replace/focus_l_japanese.yml,FRA_fighter_focus_desc,革新的な民間技術を応用することにより、戦闘機の速度、航続距離と最大高度を上昇させる事ができる。他国の進歩に遅れないようにするためにこれに注力する必要がある。
english,replace/focus_l_japanese.yml,FRA_fortification_focus,要塞重視
english,replace/focus_l_japanese.yml,FRA_fortification_focus_desc,既にある要塞と同じく重要なのは、より効率的に建設する方法を見つけることだ。マジノ線は敵軍への強力な抑止力となっており、そのような防衛施設をさらに構築できるだろう。
english,replace/focus_l_japanese.yml,FRA_france_first,フランス至上主義
english,replace/focus_l_japanese.yml,FRA_france_first_desc,我々はフランスだ!世界大戦の勝利者だ!ヨーロッパの救世主だ!世界の最も偉大な思想家の生地こそ我が国だ。世界を混沌へと誘う国が多すぎる。我々は必要とされている、我々はその声に耳を傾ける。我々が舵を取り、この嵐を晴らし、我々の支配の下で人類を安寧へと導く!
english,replace/focus_l_japanese.yml,FRA_go_with_britain,イギリス協調
english,replace/focus_l_japanese.yml,FRA_go_with_britain_desc,ロシアが永久に戻らない今、フランスとイギリスのみがかつての三国協商国として残っている。歴史が繰り返す運命にあるならば、ヨーロッパにおける自由と民主主義の砦たる両国は同盟国であり続けなければならない。
english,replace/focus_l_japanese.yml,FRA_heavy_armor_focus,シャール・ド・バタイユ
english,replace/focus_l_japanese.yml,FRA_heavy_armor_focus_desc,戦闘車両がフランス軍を勝利に導く。戦場を支配するために、強力な戦車が必要だ!
english,replace/focus_l_japanese.yml,FRA_heavy_bomber_focus,重爆撃機重視
english,replace/focus_l_japanese.yml,FRA_heavy_bomber_focus_desc,最新の重爆撃機は、単独で小規模な空中戦を行うための武装が施されている。もし、エンジニアが最新技術の開発に集中することが許可されれば、敵の生産施設をより効率的に破壊することができるであろう。
english,replace/focus_l_japanese.yml,FRA_heavy_fighter_focus,重戦闘機重視
english,replace/focus_l_japanese.yml,FRA_heavy_fighter_focus_desc,重戦闘機は脆弱な爆撃機を護衛する必要がある。このためにはより重い兵装と長い航続距離を必要とし幾ばくか速度を犠牲にする必要がある。
english,replace/focus_l_japanese.yml,FRA_humanite_unie,ユマニテ・ユニ
english,replace/focus_l_japanese.yml,FRA_humanite_unie_desc,肥え太った銀行家と権力に餓えた煽動家どもは世界にその血にまみれた手を着々と伸ばしている。自由な人間は刻一刻と奴隷へ貶められ、世界は個人の欲望が生み出した危機にますます沈みつつある。フランスの理想が今ほど求められている時は無いであろう!人類は我々を必要とし、我々は人類を一つにせねばならないのだ!
english,replace/focus_l_japanese.yml,FRA_improved_screen_ships,直衛艦改良
english,replace/focus_l_japanese.yml,FRA_improved_screen_ships_desc,駆逐艦と軽巡洋艦は戦艦や航空母艦といった大きな艦を防衛する上で重要な鍵となる。海上防衛線が破られれば、艦や人員全てを危険に晒す事になるだろう。艦船は最新の技術を用いて建造せなばならない。
english,replace/focus_l_japanese.yml,FRA_industrial_expansion,工業の拡張
english,replace/focus_l_japanese.yml,FRA_industrial_expansion_desc,本土により強大な工業力の存在が必要だ。労働者は準備万端であるが、より多くの生産ラインが必要だ。
english,replace/focus_l_japanese.yml,FRA_industrial_expansion_tt,フランス本国内の§Y民需工場§!用の建築スロットが不十分
english,replace/focus_l_japanese.yml,FRA_infantry_focus,国民皆兵
english,replace/focus_l_japanese.yml,FRA_infantry_focus_desc,戦える全ての男女は武器を取れ。大量生産はコストを低下させる。ライフルを全国民の手に渡そうではないか。
english,replace/focus_l_japanese.yml,FRA_initiate_government_reform,政府再編
english,replace/focus_l_japanese.yml,FRA_initiate_government_reform_desc,世界情勢はますます緊迫しつつある。自国の取るに足らない争いにかかずらっている暇はもはや無い。政治家に力を与え、フランスのために動く時だ。
english,replace/focus_l_japanese.yml,FRA_invite_romania,ルーマニアを勧誘
english,replace/focus_l_japanese.yml,FRA_invite_romania_desc,ルーマニアの民主主義は脆弱であり、国内ファシズム派閥とソ連邦の共産主義の間で板挟みになっている。彼らを小協商に招き入れる事で、我が国の支援を得て安定を取り戻す事が可能だろう。
english,replace/focus_l_japanese.yml,FRA_invite_yugoslavia,ユーゴスラビアを勧誘
english,replace/focus_l_japanese.yml,FRA_invite_yugoslavia_desc,ユーゴスラビアは、拡張主義者の隣人達について懸念するには既に手一杯だ。彼らを小協商へ呼び戻すのは彼らと我らの双方にとって非常に良いことだろう。
english,replace/focus_l_japanese.yml,FRA_jet_effort,ジェットへの注力
english,replace/focus_l_japanese.yml,FRA_jet_effort_desc,空中戦は機動性が全てである。ジェットエンジンは、我々が空を突進する間、敵パイロットが立ち止まっているように思われるほどの強力な進歩である。
english,replace/focus_l_japanese.yml,FRA_join_comintern,コミンテルンに加盟
english,replace/focus_l_japanese.yml,FRA_join_comintern_desc,振り向く場所全てに敵がいる現状、強力な同盟者を得る事で立場を強化する必要がある。コミンテルンとの連帯は既に強固なものとなりつつあり、その大義に殉ずる時が来たようだ。
english,replace/focus_l_japanese.yml,FRA_join_germany,ドイツ陣営に加盟
english,replace/focus_l_japanese.yml,FRA_join_germany_desc,ドイツは有力国として見なされつつある。彼らのより良い未来への構想は我らの利益とも合致できるものである。彼らを支援すべきであり、混乱が収まった時にはフランスはヨーロッパにおける我らの当然の取り分を得ることができるだろう。
english,replace/focus_l_japanese.yml,FRA_leftist_rhetoric,左翼理論
english,replace/focus_l_japanese.yml,FRA_leftist_rhetoric_desc,万人の平等、目標は明確である。フランス政治に資本主義的利害は必要ない。共産主義組織を拡大させる環境の整備は喫緊の課題だ。
english,replace/focus_l_japanese.yml,FRA_light_medium_armor,オートミトラィユーズ
english,replace/focus_l_japanese.yml,FRA_light_medium_armor_desc,原則として、歩兵が全ての機甲戦力を統制する。より軽くて速い装甲偵察部隊の「乗り物」、つまり装甲車両ならば、搭載した機銃である程度の火力を持つことができ、行軍にも適している。
english,replace/focus_l_japanese.yml,FRA_little_entente,小協商
english,replace/focus_l_japanese.yml,FRA_little_entente_desc,先の大戦後にオーストリアやハンガリーによる隣国侵攻を防ぐために形成された小協商はフランスに支援されていたが、今や崩壊しつつある。イギリスとの関係を確固たるものとするよりも、我々はこの陣営の復活と基盤固めを主導するべきであり、その手始めはチェコスロヴァキアとなるだろう。
english,replace/focus_l_japanese.yml,FRA_mechanized_focus,機械化重視
english,replace/focus_l_japanese.yml,FRA_mechanized_focus_desc,戦争において、装甲車両の果たす役目はますます重要になりつつある。脅威の度合いでは標準的な戦車にやや劣るものの、装甲車両は情報伝達、作戦指令、輸送、現代戦において我々を優位に立たせてくれる。
english,replace/focus_l_japanese.yml,FRA_metropolitan_france,フランス本土への投資
english,replace/focus_l_japanese.yml,FRA_metropolitan_france_desc,フランス本国が常に何よりも優先だ。雇用を創出し、より迅速に部隊の展開を可能にするためインフラを改善から始める。
english,replace/focus_l_japanese.yml,FRA_metropolitan_france_tt,フランス本国内の§Yインフラ§!用の建築スロットが不十分
english,replace/focus_l_japanese.yml,FRA_military_factories,軍需工場
english,replace/focus_l_japanese.yml,FRA_military_factories_desc,生産力の点で我が国家の軍事力は劣っている。常に新しい装備を確実に部隊に供給するため、本土での軍装品生産に焦点を当てる必要がある。
english,replace/focus_l_japanese.yml,FRA_military_factories_tt,フランス本国内の§Y軍需工場§!用の建築スロットが不十分
english,replace/focus_l_japanese.yml,FRA_motorized_focus,自動車化重視
english,replace/focus_l_japanese.yml,FRA_motorized_focus_desc,歩兵車両生産の優れた方法を発見する事で、前線を支援し、補強する能力を高める助けになるだろう。
english,replace/focus_l_japanese.yml,FRA_national_mobilization,国家総動員
english,replace/focus_l_japanese.yml,FRA_national_mobilization_desc,我々はようやく機能する政府を持つことができた。今こそ軍を強化し、フランスのために戦う準備をする時だ。
english,replace/focus_l_japanese.yml,FRA_naval_bomber_focus,対艦攻撃機重視
english,replace/focus_l_japanese.yml,FRA_naval_bomber_focus_desc,艦艇は航空機に対して非常に脆弱である事が判明している。この技術を改良し続け敵の対抗策よりも先を行くべきである。
english,replace/focus_l_japanese.yml,FRA_naval_doctrine,海軍ドクトリン
english,replace/focus_l_japanese.yml,FRA_naval_doctrine_desc,艦船設計における近年の発展は、戦術的及び戦略的な機動作戦における新たな可能性を拓いた。それらの新理論に賭けるより前に、まずきちんと試験を行い計画を固める必要がある。
english,replace/focus_l_japanese.yml,FRA_navy_focus,海軍重視
english,replace/focus_l_japanese.yml,FRA_navy_focus_desc,海軍の拡張を志向するならば、その第一歩は海軍基地の改善と拡張である。個々の艦船を常時戦闘可能にしておくためには不断の注意が必要だ。
english,replace/focus_l_japanese.yml,FRA_navy_focus_tt,§Y海軍基地§!用の建築スロットが不十分
english,replace/focus_l_japanese.yml,FRA_nuclear_effort,原子力への注力
english,replace/focus_l_japanese.yml,FRA_nuclear_effort_desc,原子力科学における最初の実験は、有望な結果を示している。その力を利用することで、人類が今まで見てきたどんな武器とも全く違う武器を得ることができる。
english,replace/focus_l_japanese.yml,FRA_polish_guarantee,ポーランドへの保障
english,replace/focus_l_japanese.yml,FRA_polish_guarantee_desc,ポーランドの外交官達は彼らの国境における緊張状態について懸念を表明している。我らが強大な国家からの独立保障は、侵略を企む者達を阻止することができるだろう。
english,replace/focus_l_japanese.yml,FRA_revise_versailles,ヴェルサイユ条約の見直し
english,replace/focus_l_japanese.yml,FRA_revise_versailles_desc,ドイツは既にヴェルサイユ条約で規定された賠償を無視し、フランスへの敬意がもはや無いことを示している。いずれにしろ、条約はそれを遵守させるための強く、新しいフランスを必要とし、我々は先の大戦において失われた人命のためにより多くを求める権利を有している。
english,replace/focus_l_japanese.yml,FRA_right_wing_rhetoric,右翼理論
english,replace/focus_l_japanese.yml,FRA_right_wing_rhetoric_desc,全てのフランス人の心を動かし彼らの民族精神を称揚することに注力せねばならない。我々が彼らの求める強力な指導者足りうることを示してやることで、彼らも我らが栄光の国家の誇り高き市民となるだろう。
english,replace/focus_l_japanese.yml,FRA_scw_intervention_nationalists,国粋派に介入
english,replace/focus_l_japanese.yml,FRA_scw_intervention_nationalists_desc,国粋主義者達はついにスペインに広まりつつある。彼らの主張は当然のものであり、彼らのために戦いたいと願う者達はそうできてしかるべきだ。
english,replace/focus_l_japanese.yml,FRA_scw_intervention_republicans,共和派への介入
english,replace/focus_l_japanese.yml,FRA_scw_intervention_republicans_desc,スペイン共和派は我らの援助を必要としている!\n共和派のために戦おうとするものは拒まれるべきではない。更なるファシズム体制を生まれさせてはならないのだ。
english,replace/focus_l_japanese.yml,FRA_strengthen_government_support,政府の強化
english,replace/focus_l_japanese.yml,FRA_strengthen_government_support_desc,フランス全国民の願いを叶える為、来る数年間にわたる計画を作成した。政府がフランスを統べるだけの価値を持ち、行動する能力があることを国民に示す事で、フランスは再び結束し、立ち上がることができるだろう。
english,replace/focus_l_japanese.yml,FRA_strengthen_government_support_tooltip,国民精神「政府支援を強化」の遂行が完了した。
english,replace/focus_l_japanese.yml,FRA_support_status_quo,現状維持を支援
english,replace/focus_l_japanese.yml,FRA_support_status_quo_desc,フランスは自由のゆりかごであり、またその保護者でもある。そしてこれからもそうあり続けるべきだ。再び国内を統一するためには、民主主義が弱り衰える前に、安定化しなければならないだろう。
english,replace/focus_l_japanese.yml,FRA_support_the_left,左翼を支援
english,replace/focus_l_japanese.yml,FRA_support_the_left_desc,コミンテルンは順調に成長を遂げている。今こそ我々の意向が共産主義組織を支援し、団結させられると知らしめる時だ。
english,replace/focus_l_japanese.yml,FRA_support_the_right,右翼を支援
english,replace/focus_l_japanese.yml,FRA_support_the_right_desc,フランスは常に強く、誇り高い国家であってきた。しかし政府の行動の欠如が人々を分断してしまった。我々はフランスを団結させ、我らの優位性、そして堕落に屈服しないということを説かねばならない。
english,replace/focus_l_japanese.yml,FRA_woo_italy,イタリアの支持を求める
english,replace/focus_l_japanese.yml,FRA_woo_italy_desc,イタリアは強力な国家となりうる潜在力を秘めている。ムッソリーニの強力な指導力のおかげで全イタリア国民は団結し、正しい主張のために戦う準備ができている。その主張を我らも取り入れよう。
english,replace/focus_l_japanese.yml,GER_HERMANN_GORING_WERKE_NAME,国家管理産業
english,replace/focus_l_japanese.yml,GER_HERMANN_GORING_WERKE_NAME_COMMIE,VEB統合機械
english,replace/focus_l_japanese.yml,GER_HERMANN_GORING_WERKE_NAME_FASCIST,ヘルマン・ゲーリング工場
english,replace/focus_l_japanese.yml,GER_HERMANN_GORING_WERKE_NAME_KAISER,カイザー工場
english,replace/focus_l_japanese.yml,GER_KAISER_WAGEN_NAME,ヴィルヘルム=ワーゲン
english,replace/focus_l_japanese.yml,GER_KDF_WAGEN_NAME,KdFワーゲン
english,replace/focus_l_japanese.yml,GER_VOLKS_WAGEN_NAME,フォルクスワーゲン
english,replace/focus_l_japanese.yml,GER_a_new_and_better_germany,新生ドイツの幕開け
english,replace/focus_l_japanese.yml,GER_a_new_and_better_germany_desc,我が国は再建の途上にあるが、期待される以上の目標に向かって努力し、今建てる国が後世まで残るようにしなければならない。
english,replace/focus_l_japanese.yml,GER_accept_british_naval_dominance,英国海軍の支配の容認
english,replace/focus_l_japanese.yml,GER_accept_british_naval_dominance_desc,我々は共産主義と戦うことを同盟国に求めており、イギリスは主要な候補者だ。英国海軍の優位性を受け入れ、海軍の大規模な増強を否定することで、彼らの懸念を緩和するだろう。
english,replace/focus_l_japanese.yml,GER_air_innovation_2,空軍の諸改革 II
english,replace/focus_l_japanese.yml,GER_air_innovation_2_desc,航空省の役割は非常に重要である。ルフトヴァッフェ（空軍）は世界中で最も先進的で無ければならないのだ!
english,replace/focus_l_japanese.yml,GER_align_hungary,ハンガリーとの提携
english,replace/focus_l_japanese.yml,GER_align_hungary_desc,ハンガリーは既に我々の影響下にあるが、将来より容易に彼らを操作できる様にするため、彼らをさらに我々の考え方へ誘導できるかもしれない。
english,replace/focus_l_japanese.yml,GER_align_romania,ルーマニアとの提携
english,replace/focus_l_japanese.yml,GER_align_romania_desc,ルーマニアは既に我々の影響下にあるが、将来より容易に彼らを操作できる様にするため、彼らをさらに我々の考え方へ誘導できるかもしれない。
english,replace/focus_l_japanese.yml,GER_ally_the_shade,日陰と同盟
english,replace/focus_l_japanese.yml,GER_ally_the_shade_desc,我々が優位を確立することができないならば、我々の上に影を投げかけた人々と同盟せねばなるまい。
english,replace/focus_l_japanese.yml,GER_alone_or_peace_faction_tt,陣営に属していないか、[DEU.GetNameDef]と交戦状態に無い陣営に属している。
english,replace/focus_l_japanese.yml,GER_anschluss,アンシュルス
english,replace/focus_l_japanese.yml,GER_anschluss_desc,オーストリアとのアンシュルス、もしくは同盟の結成とはドイツ人民の永年の悲願である。ヴェルサイユ条約によって禁じられていたが、遂に夢を叶える時が来た。我々の輝かしい天命をオーストリア人と共に抱き、未来への可能性をもたらそうではないか!
english,replace/focus_l_japanese.yml,GER_anti_comintern_pact_unaligned,イデオロギーの防衛
english,replace/focus_l_japanese.yml,GER_anti_comintern_pact_unaligned_desc,我々が受ける脅威は軍事的脅威だけではない。共産主義を遠ざけておく方法を検討しなければならず、そのために共産主義者でない仲間と協定を結び、共産主義の進展に対抗することを決意した。
english,replace/focus_l_japanese.yml,GER_anti_comitern_pact,防共協定
english,replace/focus_l_japanese.yml,GER_anti_comitern_pact_desc,世界各国の国際問題における共産主義者のインターナショナルによる干渉は、国際平和と社会の幸福を脅かすのみならず、社会平和に対する脅威である!非共産主義国に協定への署名を依頼し、共産主義の脅威を確実に封じ込めるべきだ。
english,replace/focus_l_japanese.yml,GER_anti_soviet_pact,防ソ協定
english,replace/focus_l_japanese.yml,GER_anti_soviet_pact_desc,我々は防共協定をもう一歩推し進め、参加国に包囲網への加入を依頼することが可能である。署名国がソ連との戦争に突入した場合、全ての署名国も宣戦しなけばならない。
english,replace/focus_l_japanese.yml,GER_anti_soviet_pact_tt,§Y防共協定に参加している全国家に、防ソ協定に加わるよう提案する。§!
english,replace/focus_l_japanese.yml,GER_anti_soviet_pact_tt_2,§Y協定の加盟国がコミンテルンから攻撃を受けた場合、他の加盟国に参戦を要請する。§!
english,replace/focus_l_japanese.yml,GER_anti_soviet_pact_tt_3,国民精神§Y防ソ協定§!を得る。\n
english,replace/focus_l_japanese.yml,GER_anti_soviet_pact_unaligned,条約の公式化
english,replace/focus_l_japanese.yml,GER_anti_soviet_pact_unaligned_desc,共産主義との軍事的紛争に備えるためには、反共軍協約の全ての加盟国に、ソビエトの侵略に対する軍事的支援を求める追加条項への同意を呼びかけなければならない。すでに多くの方法でお互いに約束しているため、これは公式化以上のものではない。
english,replace/focus_l_japanese.yml,GER_army_innovation,陸軍の諸改革
english,replace/focus_l_japanese.yml,GER_army_innovation_2,陸軍の諸改革 II
english,replace/focus_l_japanese.yml,GER_army_innovation_2_desc,ソ連領内における我々の施設から得た教訓は、さらなるドクトリンや装備の改善に寄与した。しかし、今回は我々自身で進歩を維持するのだ!
english,replace/focus_l_japanese.yml,GER_army_innovation_desc,ハインツ・グデーリアンと幾人かの革新的理論家は、諸兵科間の情報伝達、「重心（schwerpunkte）」の特定、局所的戦力集中を重視する、野心的な新ドクトリンを提案している。彼らに自由な裁量を与えることは、先の大戦の轍を踏まないための助けになるかもしれない。
english,replace/focus_l_japanese.yml,GER_around_maginot,マジノ線迂回
english,replace/focus_l_japanese.yml,GER_around_maginot_desc,フランスに対して戦術的優位を確保するならば、我々は四方から攻撃できるようにする必要があるだろう。一度いくつかの障害物を排除すれば、我々は北部から攻撃を行える。彼らはそれを予測してはいまい。
english,replace/focus_l_japanese.yml,GER_assassinate_mussolini,ムッソリーニ暗殺
english,replace/focus_l_japanese.yml,GER_assassinate_mussolini_desc,イタリアのファシズム政権の中枢にとどめを刺す時が来た。ドイツの手が伸び指導者を暗殺し、その後、イタリアの王党派が迅速な動きで権力を掌握するだろう。
english,replace/focus_l_japanese.yml,GER_atlantikwall,大西洋の壁
english,replace/focus_l_japanese.yml,GER_atlantikwall_desc,西ヨーロッパを征服した今、我々は大西洋を越えてくる猛攻撃に対して地歩を固めなければならない。ヨーロッパ沿岸の巨大な要塞ネットワークは、莫大な防御力として設えられるだろう。
english,replace/focus_l_japanese.yml,GER_autarky,経済的自立
english,replace/focus_l_japanese.yml,GER_autarky_desc,ドイツが真に偉大であるためには、自給自足でなければならない。我々は資源をより有効に活用し、建設の効率を上げる必要がある。
english,replace/focus_l_japanese.yml,GER_autobahn,ライヒスアウトバーン
english,replace/focus_l_japanese.yml,GER_autobahn_desc,アウトバーン計画は1933年の発足以来、栄えある成功を収めてきた。建設努力は失業率を低下させ、広い道路はドイツの経済復興の象徴である。しかし、未だ道半ばである。
english,replace/focus_l_japanese.yml,GER_autobahn_tt,§Yブランデンブルク§!、§Yハノーファー§!、§Yチューリンゲン§!、§Yフランケン§!の§Yインフラ§!が最大になる。
english,replace/focus_l_japanese.yml,GER_baltic_membership,バルト諸国との同盟
english,replace/focus_l_japanese.yml,GER_baltic_membership_desc,20年間、バルト人は再併合と共産主義という二重の危機に脅かされながら生きてきた。彼らに共産主義の脅威に対する保護と同盟を提供するべきだ。
english,replace/focus_l_japanese.yml,GER_break_the_anglo_french_colonial_hegemony,英仏の植民地覇権を粉砕
english,replace/focus_l_japanese.yml,GER_break_the_anglo_french_colonial_hegemony_desc,あまりにも長い間行われてきた西欧諸国の植民地主義による独占を粉砕する時が来た。
english,replace/focus_l_japanese.yml,GER_bulwark_against_bolshevism,ボルシェヴィズムの防波堤
english,replace/focus_l_japanese.yml,GER_bulwark_against_bolshevism_desc,我々の国はボルシェヴィズムに対する盾となる位置にあり、西洋を共産主義の影響から守っている。誇りをもって責任を全うし、必要に応じて武器を取る準備をしなければならない。
english,replace/focus_l_japanese.yml,GER_bulwark_against_bolshevism_tt,§Rこの国民精神は、ソビエト連邦の陣営に所属、あるいは同じ側で参戦すると失われる。§!\n
english,replace/focus_l_japanese.yml,GER_bypass_maginot_in_the_south,南側からのマジノ線迂回
english,replace/focus_l_japanese.yml,GER_bypass_maginot_in_the_south_desc,イギリスは低地諸国へ関心を寄せているため、他のマジノ線周囲のルートを見つける必要がある。南側は山岳地帯であり、横断するのは厳しいがそれでも準備をしなければならない。ドイツの創意工夫によってそれは可能となるだろう。
english,replace/focus_l_japanese.yml,GER_carte_blanche_for_alsace_and_french_colonies,アルザスとフランス植民地の白紙委任
english,replace/focus_l_japanese.yml,GER_carte_blanche_for_alsace_and_french_colonies_desc,我々の正当な領土であるアルザス＝ロレーヌの回復、およびアフリカ植民地の配分についての自由裁量権を与えるよう、新たな同盟国に対して請求しなければならない。
english,replace/focus_l_japanese.yml,GER_central_european_alliance,中央ヨーロッパ同盟
english,replace/focus_l_japanese.yml,GER_central_european_alliance_desc,今こそ我々が注意深く目を向けてきたヨーロッパ大陸の問題の解決に乗り出すべきだ。我々はヨーロッパの小さな国々全ての将来を最も深刻な脅威から守るため、彼らをまとめ上げ盟主となる。
english,replace/focus_l_japanese.yml,GER_central_european_alliance_tt,陣営に属していない場合:\n
english,replace/focus_l_japanese.yml,GER_china_friend,中国との友好
english,replace/focus_l_japanese.yml,GER_china_friend_desc,我々の中国との昔からの友情を深めよう。それは日本を遠ざけることになるが、もし日本がただの東のイタリアでなかったらどうなるのだろうか？
english,replace/focus_l_japanese.yml,GER_clamp_down_on_fascism,ファシズムへの弾圧
english,replace/focus_l_japanese.yml,GER_clamp_down_on_fascism_desc,ここ数年のナチの体制下では、政府とファシズム信奉者や支持者の抑圧的、独裁的、そして反王権的な実態はあまりにも明白だった。どこでまたファシズムが台頭してくるかもしれなくても、彼らの考え方を確実に根絶しなければならない。
english,replace/focus_l_japanese.yml,GER_coal_liquidization,石炭の液体化
english,replace/focus_l_japanese.yml,GER_coal_liquidization_desc,ドイツには石油が不足しているため、合成石油の分野で努力を重ねなければならない。
english,replace/focus_l_japanese.yml,GER_crossing_the_atlantic,大西洋を越えて
english,replace/focus_l_japanese.yml,GER_crossing_the_atlantic_1_factory_tt,内陸にある§Y1つの軍需工場§!を取り除き、代わりに沿岸部にその分の造船所を建造する。\n
english,replace/focus_l_japanese.yml,GER_crossing_the_atlantic_2_factories_tt,内陸にある§Y2つの軍需工場§!を取り除き、代わりに沿岸部にその分の造船所を建造する。\n
english,replace/focus_l_japanese.yml,GER_crossing_the_atlantic_desc,我々を縛る全ての大陸の圧力に打ち勝ち、イギリスやアメリカに戦いを挑めるだけの巨大な海軍の創設のため再び造船に力を入れなければならない。我々は休んではならない...…神のご加護のある時代に、旧世界の力とその全力をもって、新世界の征服と屈辱に足を踏み出すまで。
english,replace/focus_l_japanese.yml,GER_czech_friend,チェコスロヴァキアとの友好
english,replace/focus_l_japanese.yml,GER_czech_friend_desc,チェコ人とスロヴァキア人は勤勉で優秀な人々である。我が国の領土的野心が彼らと衝突するという事実は極めて不幸なことであるが、征服よりもむしろ友情を追求するのは決して手遅れではない。
english,replace/focus_l_japanese.yml,GER_danubian_expansion,ドナウ諸国との同盟拡張
english,replace/focus_l_japanese.yml,GER_danubian_expansion_desc,ソビエトの侵略を受けやすいバルカン諸国への影響力を拡大する必要がある。残りのドナウ諸国を陣営に招き入れ、共産主義の脅威から防護しなければならない。
english,replace/focus_l_japanese.yml,GER_danubian_membership,ドナウ諸国との同盟
english,replace/focus_l_japanese.yml,GER_danubian_membership_desc,ドナウの後継国であるオーストリア・ハンガリー帝国は、我々の同盟国であることが何を意味するのか忘れていない。彼らを陣営に招きいれ、共産主義の脅威から防護しなければならない。
english,replace/focus_l_japanese.yml,GER_danzig_for_guarantees,ダンツィヒの保障
english,replace/focus_l_japanese.yml,GER_danzig_for_guarantees_desc,ポーランド人がボルシェヴィキに危険を感じているのは間違いない。おそらくアカの侵攻時の軍事支援の保障と引き換えに、ダンツィヒとポズナニ、シロンスクの返還合意に達することができるだろう。
english,replace/focus_l_japanese.yml,GER_danzig_or_war,ダンツィヒか戦争か
english,replace/focus_l_japanese.yml,GER_danzig_or_war_POL_civil_war,支援と引き換えにダンツィヒを得る
english,replace/focus_l_japanese.yml,GER_danzig_or_war_POL_faction_GER_leader,§R効力を発揮するには、[This.GetName]の協定への同意が必要である。開戦した場合、彼らは[Root.GetFactionName]を脱退するだろう。§!\n
english,replace/focus_l_japanese.yml,GER_danzig_or_war_POL_faction_GER_noleader,§R効力を発揮するためには、[This.GetName]の協定への同意が必要である。開戦した場合、[Root.GetFactionName]を脱退する。§!\n
english,replace/focus_l_japanese.yml,GER_danzig_or_war_desc,ダンツィヒはドイツの地であった、ダンツィヒはドイツの地であり続けた、そしてこれからも、ダンツィヒはドイツの地である!ポーランドがこの地域を割譲しないならば、我々はドイツ国民に、避けられない戦いへの準備をさせるだろう。ダンツィヒ及び周囲の地域はドイツに戻ってくるのだ!
english,replace/focus_l_japanese.yml,GER_danzig_trigger_polish_civil_war,ポーランドが内戦中であり、以下の条件の内いずれかを満たしている\n      ドイツが義勇軍をいずれかに派遣している。\n      いずれかの勢力がドイツと同じ陣営に所属している。
english,replace/focus_l_japanese.yml,GER_danzig_vs_slovakia,スロヴァキアと引き換えにダンツィヒを
english,replace/focus_l_japanese.yml,GER_danzig_vs_slovakia_desc,ポーランド人は、我々のレーベンスラウム（生存圏）計画を邪魔している。一方で我々の長期的優先事項を変更し、代わりに彼らとの友好を模索するとしても、まだ猶予は残っている。その達成への唯一の手段は、領土の取引にある。スロヴァキアを見返りとしたダンツィヒ要求。ポーランドもザオルジェ地域の占領について関心を示しているようだ。
english,replace/focus_l_japanese.yml,GER_demand_memel,東方地域を再要求
english,replace/focus_l_japanese.yml,GER_demand_memel_desc,先の大戦ではポーランドの復活とメーメルのリトアニア移譲という形で、ドイツ東部の領土を大幅に失う結果となった。我々は最後通牒を両国に送るが、おそらくポーランドは単なる文書ごときには屈しないだろう。
english,replace/focus_l_japanese.yml,GER_demand_memel_threat,ドイツが東方地域の領有権を主張
english,replace/focus_l_japanese.yml,GER_demand_slovenia,スロベニアを要求
english,replace/focus_l_japanese.yml,GER_demand_slovenia_desc,サンジェルマン条約によってオーストリア人の伝統的な領土は戦勝国に明け渡された。オーストリアはドイツ人国家として一つになり、この不当な抑圧から解放される時が来た。スロベニアとして知られる伝統的な領土、カルニオラとスティリアは返還されるべきだ。
english,replace/focus_l_japanese.yml,GER_demand_slovenia_threat,ドイツがスロベニアを要求
english,replace/focus_l_japanese.yml,GER_demand_sudetenland,ズデーテンラントの要求
english,replace/focus_l_japanese.yml,GER_demand_sudetenland_desc,ヴェルサイユ条約によってもたらされた最悪な不当の一つが、ズデーテンラント・ドイツ人の運命であった。チェコがどのような異議を唱えようが、彼らを我が国の保護下に置かなくてはならない。
english,replace/focus_l_japanese.yml,GER_demand_sudetenland_threat,ドイツによるズデーテンラントの要求
english,replace/focus_l_japanese.yml,GER_denmark_friend,デンマークとの友好
english,replace/focus_l_japanese.yml,GER_denmark_friend_desc,砲艦外交は今だ健在だ。我々の海軍力増強は北方の小さな隣人にも知れ渡っている。強大な軍をもってすれば、恐怖に震える彼らを我々の勢力圏に置くことは容易いだろう。
english,replace/focus_l_japanese.yml,GER_dutch_friend,オランダとの友好
english,replace/focus_l_japanese.yml,GER_dutch_friend_desc,オランダは、もう一度大戦が起きたらどれほどしか持ちこらえられないかを十分分かっている。彼らが、ドイツはイギリスを脅かし得ると分かれば、オランダは我々と同盟を結び、苛烈な支配に置かれることを免れることができる。
english,replace/focus_l_japanese.yml,GER_end_of_czechoslovakia,チェコスロヴァキアの運命
english,replace/focus_l_japanese.yml,GER_end_of_czechoslovakia_desc,かつてのチェコ人の土地を、適切に統治できる者達によって分割する時が来ている。東方にスロヴァキア人の傀儡国家を建国することも考慮すべきだろう。
english,replace/focus_l_japanese.yml,GER_expatriate_the_communists,共産主義者の追放
english,replace/focus_l_japanese.yml,GER_expatriate_the_communists_desc,共産主義の内部的な脅威は我々の国家を悩ませ続けている。信者がどこに逃げようと、奴らを駆除しなければならない。
english,replace/focus_l_japanese.yml,GER_fan_the_prussian_militarism,プロイセン軍国主義の推進
english,replace/focus_l_japanese.yml,GER_fan_the_prussian_militarism_desc,内戦による損失を埋めるため、プロイセン的軍国主義を奨励し、新兵の補充と訓練を改善しなければならない。我々の軍隊がナチスの独裁制から人々を解放したことは、プロイセンの理想が未だかつてないほどの支持を得ることを確かなものとするだろう。
english,replace/focus_l_japanese.yml,GER_fate_of_greece,ギリシャの運命
english,replace/focus_l_japanese.yml,GER_fate_of_greece_desc,ギリシャはヨーロッパを席巻する新たな軍事力に抗えない事が明らかとなった。ドイツによってのみ可能な保護を彼らに与える時だ。
english,replace/focus_l_japanese.yml,GER_fate_of_yugoslavia,ユーゴスラビアの運命
english,replace/focus_l_japanese.yml,GER_fate_of_yugoslavia_desc,ユーゴスラビア国家は常に偽りの構造物であり、中央当局は崩壊し始めている。我々は秩序回復に介入しなければならない。直面した唯一の問題は、最善の手段が何であるかということだ。
english,replace/focus_l_japanese.yml,GER_finnish_membership,フィンランドとの同盟
english,replace/focus_l_japanese.yml,GER_finnish_membership_desc,ヨーロッパの中心から離れたフィンランド人はアカどもと単独で直面する危険性がある。しかし、そうなるには及ばない。彼らに共産主義の脅威に対する保護と同盟を提供するべきだ。
english,replace/focus_l_japanese.yml,GER_first_ljubljana_award,第一次リュブリャナ裁定
english,replace/focus_l_japanese.yml,GER_first_ljubljana_award_desc,偽善者である西側諸国は民族自決を説きながら、多くの少数民族をセルビア人の支配下に引き渡した。我々は歴史的誤りを正すとともに、味方を作ることができる立場にある。ヨーロッパの秩序の中で我々の側に付きたい者には、非常に寛大になろう。
english,replace/focus_l_japanese.yml,GER_first_vienna_award,第一次ウィーン裁定
english,replace/focus_l_japanese.yml,GER_first_vienna_award_desc,ハンガリー人は先の大戦によって最も多くを失った人々だった。オーストリア＝ハンガリー帝国の崩壊のなかで、多くのハンガリー人が先祖代々の地域ではあったものの、今や外国となった土地に取り残された。ハンガリーとの関係を改善し、いくらかのチェコスロヴァキア領を与えることは可能である。
english,replace/focus_l_japanese.yml,GER_focus_on_the_true_enemy,不倶戴天の敵
english,replace/focus_l_japanese.yml,GER_focus_on_the_true_enemy_desc,我々の敵は内ではなく外にいる。西洋の植民地独占という継続的な犯罪行為は、我々に強制されたヴェルサイユ条約の不正によりますます悪徳の度を増した。我々は正当な領土を獲得しようとしただけなのだ。だが、それも今終わる。
english,replace/focus_l_japanese.yml,GER_form_the_reichskommissariats,国家弁務官区の設置
english,replace/focus_l_japanese.yml,GER_form_the_reichskommissariats_desc,現地での資源、工業、人的資源の利用を改善するために、われわれは征服地域において半自治的な傀儡政権を樹立することを検討すべきである
english,replace/focus_l_japanese.yml,GER_four_year_plan,四ヵ年計画
english,replace/focus_l_japanese.yml,GER_four_year_plan_desc,国家の再軍備、及び究極の自給自足に備えるべく、大規模な計画が必要である。これは次の4年以内に達成されるべきであろう。
english,replace/focus_l_japanese.yml,GER_german_war_economy,ドイツ戦争経済
english,replace/focus_l_japanese.yml,GER_german_war_economy_desc,我らが偉大な国民は、戦争の遂行に役立つよう活躍しなければならない。すべての人がそれぞれの役割を果たすことが期待される完全な戦争経済に移行する。
english,replace/focus_l_japanese.yml,GER_grosraumwirtschaft,大経済圏
english,replace/focus_l_japanese.yml,GER_grosraumwirtschaft_desc,ドイツはヨーロッパの中心的存在となる運命にあり、それに向けた準備をしなければならない。我々の経済基盤は、東西南北にうまく結びついている。
english,replace/focus_l_japanese.yml,GER_hermann_goring_werke,[Root.GetHermannGoringWerkeName]
english,replace/focus_l_japanese.yml,GER_hermann_goring_werke_desc,私的資本主義者のかすかな影響を取り除かなければならない。したがって、鉱業および鉄鋼部門の成長を監督するために支配下に産業複合企業を形成し、これを軍事産業の支えとしなければならない。
english,replace/focus_l_japanese.yml,GER_improve_national_spirit,国民精神を向上
english,replace/focus_l_japanese.yml,GER_improve_national_spirit_desc,先の大戦の勝者の首都を手中にし、我々は遂に敗北の可能性を捨て去った。これから、ドイツの夜明けの時代が始まる。
english,replace/focus_l_japanese.yml,GER_improve_national_spirit_tooltip,自国もしくは自国が所属している陣営の国家がロンドン、パリ、両都市が存在する州を支配している。
english,replace/focus_l_japanese.yml,GER_integrate_war_economies,戦争経済の統合
english,replace/focus_l_japanese.yml,GER_integrate_war_economies_desc,我々の影響下にある国々は、我々に経済的に非常に依存している。この経済的な依存を利用し、各国の経済・外交政策へ影響を与えることができるだろう。
english,replace/focus_l_japanese.yml,GER_integrate_war_economies_tt,もし§Y[HUN.GetName]§!が§Y[Root.GetName]§!と同じ陣営に属していれば、§Y4つの軍需工場§!が§Y[Root.GetName]§!と§Y[HUN.GetName]§!それぞれに追加され、§Y[HUN.GetName]§!は§Y[Root.GetName]§!の傀儡国になる。\n
english,replace/focus_l_japanese.yml,GER_integrate_war_economies_tt2,もし§Y[ROM.GetName]§!が§Y[Root.GetName]§!と同じ陣営に属していれば、§Y4つの軍需工場§!が§Y[Root.GetName]§!と§Y[ROM.GetName]§!それぞれに追加され、§Y[ROM.GetName]§!は§Y[Root.GetName]§!の傀儡国になる。\n
english,replace/focus_l_japanese.yml,GER_integrate_war_economies_tt3,§R[HUN.GetName]は、ボーナスを有効化するためには協定を承認する必要がある。§!\n
english,replace/focus_l_japanese.yml,GER_integrate_war_economies_tt4,§R[ROM.GetName]は、ボーナスを有効化するためには協定を承認する必要がある。§!\n
english,replace/focus_l_japanese.yml,GER_italy_ally,イタリアとの同盟
english,replace/focus_l_japanese.yml,GER_italy_ally_desc,イタリア人は信用に値しないかも知れない−それは先の大戦からも明らかだ−しかし、ムッソリーニと彼の率いるファシズム運動はイタリアにまだ希望を託せることを示している。果たして、ドイツはイタリアとの同盟から利益を得られるのか、もしくは災いをもたらすのか？
english,replace/focus_l_japanese.yml,GER_japan_friend,日本との友好
english,replace/focus_l_japanese.yml,GER_japan_friend_desc,我々は長い間中国と親密な関係を持っていた。しかし、代わりに我々の同類である日本の武士道と団結することで我々はより野望に近づくことができるのかもしれない。たとえそれが中国を狼に差し出すことを意味していても……
english,replace/focus_l_japanese.yml,GER_japan_friend_tt,フォン・ファルケンハウゼンを召還する。\n
english,replace/focus_l_japanese.yml,GER_kdf_wagen,[Root.GetKdfWagenName]
english,replace/focus_l_japanese.yml,GER_kdf_wagen_desc,我が国は市民が貯蓄制度を通じて将来の「国民車」を購入することを可能にする。そして、最終的にこれらの自動車の生産に貢献するだろう工場の建設に資金を提供する。
english,replace/focus_l_japanese.yml,GER_long_range_escorts,長距離護衛
english,replace/focus_l_japanese.yml,GER_long_range_escorts_desc,戦術及び戦略爆撃機は目標地域までの道程を守り、帰還できる長距離護衛機を必要としている。
english,replace/focus_l_japanese.yml,GER_low_countries_membership,低地諸国との同盟
english,replace/focus_l_japanese.yml,GER_low_countries_membership_desc,ヨーロッパの東の国境から遠く離れているとはいえ、もし中欧が陥落すれば次に狙われるのは自分達であることを低地諸国は自覚している。共に共産主義の脅威に対して立ち向かえるよう、彼らに同盟を提供するべきだ。
english,replace/focus_l_japanese.yml,GER_mackensen_dead,フォン・マッケンゼンが死去。
english,replace/focus_l_japanese.yml,GER_modular_construction,モジュール式建造法
english,replace/focus_l_japanese.yml,GER_modular_construction_desc,我が国の潜水艦の部品を様々な工廠施設で生産することにより、組立や建造の速度は大幅に向上する。
english,replace/focus_l_japanese.yml,GER_mol_rib_pact,モロトフ＝リッベントロップ協定
english,replace/focus_l_japanese.yml,GER_mol_rib_pact_desc,ソ連との友好及び不可侵条約の締結は唾棄すべきものだが、条約によってドイツの石油輸入を維持することが可能だ。付属する秘密条約では、ルーマニア、ポーランド、リトアニア、ラトビア、エストニア、フィンランドを互いの勢力圏に二分することを規定している……
english,replace/focus_l_japanese.yml,GER_mol_rib_pact_tt,§Yソビエト連邦§!と§Y不可侵条約§!を締結し、独ソ間の§Yポーランド分割§!に同意\n
english,replace/focus_l_japanese.yml,GER_nationalist_spain_ally,スペインとの同盟
english,replace/focus_l_japanese.yml,GER_nationalist_spain_ally_desc,スペイン内戦での国粋派の勝利は、両国間のより親密な関係の道を開いた。フランコは地中海への鍵を握っているだろう。
english,replace/focus_l_japanese.yml,GER_nationalist_spain_ally_tt,§Y国粋派スペイン§!との外交的友好度が高まる
english,replace/focus_l_japanese.yml,GER_naval_effort2,造船所設備の拡大
english,replace/focus_l_japanese.yml,GER_naval_effort2_desc,真に注目に値する海軍に創り直すため、造船能力を大いに拡大しなければならない。
english,replace/focus_l_japanese.yml,GER_naval_rearmament,海軍再武装
english,replace/focus_l_japanese.yml,GER_naval_rearmament_desc,1935年の英独海軍協定の締結により、海軍の大規模な増強が可能となった。我々はそれを成し遂げるための努力を惜しむべきではない。
english,replace/focus_l_japanese.yml,GER_no_balkan_communism,バルカンにおける対共産主義
english,replace/focus_l_japanese.yml,GER_no_balkan_communism_BUL_tt,§Yブルガリア社会主義共和国§!に対し、戦争目標§Y政府転覆§!を得る。\n
english,replace/focus_l_japanese.yml,GER_no_balkan_communism_HUN_tt,§Yハンガリー人民共和国§!に対し、戦争目標§Y政府転覆§!を得る。\n
english,replace/focus_l_japanese.yml,GER_no_balkan_communism_ROM_tt,§Yルーマニア人民共和国§!に対し、戦争目標§Y政府転覆§!を得る。\n
english,replace/focus_l_japanese.yml,GER_no_balkan_communism_YUG_tt,§Y謎§!に対し、戦争目標§Y政府転覆§!を得る。\n
english,replace/focus_l_japanese.yml,GER_no_balkan_communism_desc,共産主義勢力の影響がバルカン諸国に入り込んできた。これを許すことはできない。共産主義が根付く前に破壊しなければならない。
english,replace/focus_l_japanese.yml,GER_no_balkan_communism_tt,バルカンの共産主義国家に対し、戦争目標§Y政府転覆§!を得る。\n
english,replace/focus_l_japanese.yml,GER_no_reds_in_western_europe,西ヨーロッパにおける対共産主義
english,replace/focus_l_japanese.yml,GER_no_reds_in_western_europe_BEL_tt,§Yベルギー共同国§!に対し、戦争目標§Y政府転覆§!を得る。\n
english,replace/focus_l_japanese.yml,GER_no_reds_in_western_europe_BLX_tt,§Y人民州連合§!に対し、戦争目標§Y政府転覆§!を得る。\n
english,replace/focus_l_japanese.yml,GER_no_reds_in_western_europe_FRA_tt,§Yフランス・コミューン§!に対し、戦争目標§Y政府転覆§!を得る。\n
english,replace/focus_l_japanese.yml,GER_no_reds_in_western_europe_LUX_tt,§Yローザ・ルクセンブルク§!に対し、戦争目標§Y政府転覆§!を得る。\n
english,replace/focus_l_japanese.yml,GER_no_reds_in_western_europe_desc,共産主義の影響が西ヨーロッパに浸透してきた。これを許してはならない。共産主義が根付く前に破壊しなければならない。
english,replace/focus_l_japanese.yml,GER_no_reds_in_western_europe_tt,低地地域とフランスの共産主義国家に対し、戦争目標§Y政府転覆§!を得る。\n
english,replace/focus_l_japanese.yml,GER_norway_friend,ノルウェイとの友好
english,replace/focus_l_japanese.yml,GER_norway_friend_desc,ノルウェイは北スウェーデンの広大な鉱脈から採れる貴重な鉄の輸出の大半を操っている。我々は強大化した海軍力をもって彼らを脅かして「友好」を結ぶべきだ。
english,replace/focus_l_japanese.yml,GER_operation_tannenbaum,タンネンバウム作戦
english,replace/focus_l_japanese.yml,GER_operation_tannenbaum_desc,スイスは最も最低で惨めな民衆と政治制度を有している。我が国はようやくこれら新ドイツの不倶戴天の敵に会える時間ができた。
english,replace/focus_l_japanese.yml,GER_oppose_hitler,ヒトラーへの反抗
english,replace/focus_l_japanese.yml,GER_oppose_hitler_civil_war,§Rファシズム支持者との内戦が始まる。§!\n
english,replace/focus_l_japanese.yml,GER_oppose_hitler_desc,ヒトラーによる支配は終わらせなければならない。彼はラインラントを再武装化することで西側諸国を刺激するつもりだが、このことは我々がドイツ国防軍の忠実な部隊の助けを得て権力を掌握する必要があることの口実とすることができるだろう。
english,replace/focus_l_japanese.yml,GER_ostwall,東の壁
english,replace/focus_l_japanese.yml,GER_ostwall_desc,東部で多大な有利を得た今、形勢が一変しても敵軍を抑えられるように準備をしなければならない。我々は長距離な要塞線を、黒海からドニエプル川に沿ってバルト海まで建設する必要がある。
english,replace/focus_l_japanese.yml,GER_ostwall_forts,自陣営によって完全に支配されているバルト海までのドニエプル川沿いの以下の州に§Y陸上要塞§!を建設する:\n
english,replace/focus_l_japanese.yml,GER_ostwall_forts_2,§Yタルトゥ§!\n§Yプスコフ§!\n§Yネヴェリ§!\n§Yヴィーチェプスク§!\n§Yミンスク§!\n§Yボブルイスク§!\n§Yモーズィリ§!\n§Yキエフ§!\n§Yチェルカースィ§!\n§Yドニプロペトロウシク§!\n§Yザポロージェ§!\n
english,replace/focus_l_japanese.yml,GER_ostwall_tt,我々の陣営の支配下にある。\n
english,replace/focus_l_japanese.yml,GER_our_place_in_the_sun,我々の陽の当たる場所
english,replace/focus_l_japanese.yml,GER_our_place_in_the_sun_desc,ドイツ帝国は再び陽の当たる場所をつかみ取る権利を求めることを、皆に知らしめるのだ!我等が臣民が日陰で恥辱に耐え忍ぶことは最早ない。
english,replace/focus_l_japanese.yml,GER_plan_z,Z計画
english,replace/focus_l_japanese.yml,GER_plan_z_desc,レーダー提督は、イギリスを水上襲撃作戦によって最も容易に打倒しうると信じている。これを達成するために十分な数の戦艦と空母を建造することは難題であり、時間がかかるに違いない。気が遠くなるほどの……一方、現在我々が有している水上艦隊は悲しいほどに不十分だ。
english,replace/focus_l_japanese.yml,GER_poland_friend,ポーランドとの友好
english,replace/focus_l_japanese.yml,GER_poland_friend_desc,ポーランドは海への出口を喪失したが、スロヴァキアを与えたことによって我々は友好の意図を示した。ポーランドの東方における将来的な領土拡張をちらつかせることで、彼らを我らに接近させる事は可能だろう。
english,replace/focus_l_japanese.yml,GER_polish_membership,ポーランドとの同盟
english,replace/focus_l_japanese.yml,GER_polish_membership_desc,ポーランド人は周辺国全てを不信の眼差しで見ている、だとしても最大の脅威が東から到来することは理解しているはずだ。彼らに共産主義の脅威に対する保護と同盟を提供するべきだ。
english,replace/focus_l_japanese.yml,GER_pool_technical_know_how,技術ノウハウの蓄積
english,replace/focus_l_japanese.yml,GER_pool_technical_know_how_desc,全ての国家は独自の工場管理や機器整備の方法が存在する。他の同盟諸国との間でこの情報を広めるために技術班を送ることで互いに習得することが可能となる。
english,replace/focus_l_japanese.yml,GER_pool_technical_know_how_tt,陣営内の全国家がこの国民精神を得る。
english,replace/focus_l_japanese.yml,GER_prepare_for_the_next_blockade,次の封鎖への備え
english,replace/focus_l_japanese.yml,GER_prepare_for_the_next_blockade_desc,前大戦では英国の非道な海上封鎖が行われた。同じ間違いを起こしてはならない。今度は、より長い期間をかけ、来る封鎖に向け国民を備えさせよう。
english,replace/focus_l_japanese.yml,GER_prepare_italian_coup,イタリアのクーデターを準備
english,replace/focus_l_japanese.yml,GER_prepare_italian_coup_desc,ファシズムに堕ちたイタリアを元に戻さなければならない。イタリアの王党派に、我々の支援を受けクーデターを行わないか提案する。
english,replace/focus_l_japanese.yml,GER_prepare_italian_coup_tt,彼らが我々の申し出を受け入れる場合:\n
english,replace/focus_l_japanese.yml,GER_pride_of_the_modern_germany,現代ドイツの誇り
english,replace/focus_l_japanese.yml,GER_pride_of_the_modern_germany_desc,英国海軍と同等の規模になるまで何年もかかるだろう。故に品質で勝る必要がある。わが国の船は海を渡る最も現代的で強力なものになる!
english,replace/focus_l_japanese.yml,GER_rebuild_the_high_seas_fleet,大洋艦隊の再建
english,replace/focus_l_japanese.yml,GER_rebuild_the_high_seas_fleet_desc,西方への挑戦に支障をきたさないよう、かつて栄華を誇った大洋艦隊を再建するべく海軍の増強措置を要求する。
english,replace/focus_l_japanese.yml,GER_rebuild_the_nation,国家の再建
english,replace/focus_l_japanese.yml,GER_rebuild_the_nation_desc,内戦によって荒廃した国家の再建を目指す必要がある。民衆に一度個人的な快適さを捨て去り、この目標を達成するために全資源を集中運用させることを希求する。
english,replace/focus_l_japanese.yml,GER_reestablish_free_elections,自由選挙の復活
english,replace/focus_l_japanese.yml,GER_reestablish_free_elections_desc,自由選挙制を再開することにより民主主義の理想への復帰を目指す。選挙は近い将来に実施されることになるだろう。
english,replace/focus_l_japanese.yml,GER_reichskommissariats_tt,征服した領域で属国が形成可能。\n
english,replace/focus_l_japanese.yml,GER_reinstate_imperial_possessions,帝国領の復興
english,replace/focus_l_japanese.yml,GER_reinstate_imperial_possessions_desc,ドイツの歴史的な領土を取り戻す事に成功したことで、それらを中核州として[Root.GetName]に復帰させるプロセスを開始することができる。ヴェルサイユで味わった屈辱も最早これでまでだ!
english,replace/focus_l_japanese.yml,GER_reintegrate_luxemburg_and_alsace_lorraine,ルクセンブルクとアルザス＝ロレーヌの再統合
english,replace/focus_l_japanese.yml,GER_reintegrate_luxemburg_and_alsace_lorraine_desc,歴史的なドイツ領土の再征服が成功したことにより、我々は今、それらの領土の[Root.GetName]への再統一のプロセスを開始することができる。かの人民は、祖国に愛国的義務を果たす機会が必要だ。
english,replace/focus_l_japanese.yml,GER_rekindle_imperial_sentiment,帝国感情の再燃
english,replace/focus_l_japanese.yml,GER_rekindle_imperial_sentiment_desc,大戦によってオーストリア・ハンガリー帝国は崩壊したが、かつての帝国を哀惜する者も未だいる。我々はそうした帝国感情を再燃させ、後継国家らが彼ら自身の力を再結成することを望んでいる。
english,replace/focus_l_japanese.yml,GER_rekindle_imperial_sentiment_tt,中道への支持が十分に高い場合に、これらの国家にオーストリア・ハンガリー帝国を再結成し、中央同盟に参加するディシジョンを解禁する。
english,replace/focus_l_japanese.yml,GER_return_of_the_kaiser,カイザーの帰還
english,replace/focus_l_japanese.yml,GER_return_of_the_kaiser_desc,カイザーライヒにはカイザーが必要であり、ヴィルヘルム2世陛下は亡命先のオランダにて未だ健在だ。西方の民主主義者がどう思うかはさておき、我々は陛下の追放を解除し、再び帝位へと返り咲くのだ。
english,replace/focus_l_japanese.yml,GER_reverse_the_brain_drain,科学者のUターン
english,replace/focus_l_japanese.yml,GER_reverse_the_brain_drain_desc,圧政者や権威主義体制が破られた今、国から逃げた科学者達にとって、帰国し、もう一度故郷で働くことが魅力的なものとなるよう試みることができる。
english,replace/focus_l_japanese.yml,GER_revive_the_kaiserreich,カイザーライヒの復活
english,replace/focus_l_japanese.yml,GER_revive_the_kaiserreich_desc,過去10年間の出来事は、民主主義は悪意ある内部勢力を封じ込めておくには脆弱すぎることを示している。カイザーによる強力な指導の下の国家へと回帰する必要があり、その下準備として憲法をカイザーライヒ時代のそれへと戻すべきである。
english,replace/focus_l_japanese.yml,GER_revive_the_kaiserreich_tt,§Yドイツ臨時軍政府§!が国名を§Yドイツ帝国§!に変更する。\n
english,replace/focus_l_japanese.yml,GER_rhineland,ラインラント
english,replace/focus_l_japanese.yml,GER_rhineland_desc,先の大戦が終結して以来ラインラントは非武装地帯となっていたが、もはやこの屈辱は続かないだろう!ドイツは主権国家であり、自国のどこにでも軍隊を動かせるのだ!
english,replace/focus_l_japanese.yml,GER_rhineland_ultimatum,§R困難に直面したり、撤回をすれば再軍備は延期される可能性がある。§!\n
english,replace/focus_l_japanese.yml,GER_rocketry_focus,ロケット工学
english,replace/focus_l_japanese.yml,GER_rocketry_focus_desc,ロケット推進は3つの軍事ツリーへの大幅な技術革新の鍵を握っている。
english,replace/focus_l_japanese.yml,GER_safeguard_the_baltic,バルト諸国を保護
english,replace/focus_l_japanese.yml,GER_safeguard_the_baltic_desc,バルト三国は数十年前まではロシア帝国の一部だったが、これはソビエトがもう一度彼らを併合しようとするかもしれない理由として妥当である。これを防ぎ、ソビエト進行の際には軍事的支援を行わなければならない。
english,replace/focus_l_japanese.yml,GER_scandinavian_membership,スカンディナヴィア諸国との同盟
english,replace/focus_l_japanese.yml,GER_scandinavian_membership_desc,山と寒さはアカのろくでなしどもに対する防御としては全く役に立たず、スカンディナヴィア人もそれを知っているはずだ。彼らに共産主義の脅威に対する保護と同盟を提供するべきだ。
english,replace/focus_l_japanese.yml,GER_schlieffen_once_more,シュリーフェン再び
english,replace/focus_l_japanese.yml,GER_schlieffen_once_more_desc,マジノ線は迂回する必要がある。我々は勝利するための迅速な一撃を加えるべく、再びベルギーとルクセンブルクを横切るのだ。
english,replace/focus_l_japanese.yml,GER_second_ljubljana_award,第二次リュブリャナ裁定
english,replace/focus_l_japanese.yml,GER_second_ljubljana_award_desc,南スラヴ問題が解決した今、ギリシャへ関心を向ける時だ。彼の国は連合の手によって不当にその勢力を拡大させている。我らの真の友邦は誰か、見極める時だ。
english,replace/focus_l_japanese.yml,GER_second_ljubljana_award_tt,この出来事は[Root.GetName]やそれに値する同盟国に領土を要求する可能性を与える
english,replace/focus_l_japanese.yml,GER_second_vienna_award,第二次ウィーン裁定
english,replace/focus_l_japanese.yml,GER_second_vienna_award_desc,トランシルヴァニアには多くのハンガリー人が住んでおり、この地は我が友好国ハンガリーに帰属すべきである。しかし、ルーマニアの政権や人民がこの要求に対してどう応えるかは定かではない。
english,replace/focus_l_japanese.yml,GER_secure_the_new_state,新政府を確立
english,replace/focus_l_japanese.yml,GER_secure_the_new_state_desc,内戦によって樹立された経緯のために、暫定政権は力を欠いている。政権が容易に転覆されないよう安定化させなければならない。
english,replace/focus_l_japanese.yml,GER_see_to_the_eastern_front,東部戦線へ目を向ける
english,replace/focus_l_japanese.yml,GER_see_to_the_eastern_front_desc,もし先の大戦から学ぶものがあるとすれば、それは東の外側にある我々の領土への攻撃の準備をしておかねばならないということである。これらの領土を取り戻し、侵略に備えて強化しておかねばならない。
english,replace/focus_l_japanese.yml,GER_see_to_the_eastern_front_tt,東部国境の3プロヴィンスに§Y陸上要塞§!を6つ追加する。\n
english,replace/focus_l_japanese.yml,GER_see_to_the_eastern_front_tt2,東部国境の4プロヴィンスに§Y陸上要塞§!を8つ追加する。\n
english,replace/focus_l_japanese.yml,GER_shared_rd_programs,研究開発共有計画
english,replace/focus_l_japanese.yml,GER_shared_rd_programs_desc,我々の目的を達成するためには、科学的知見や技術進歩を新たな同盟国と共有する必要がある。
english,replace/focus_l_japanese.yml,GER_soviet_ally,ソ連との同盟
english,replace/focus_l_japanese.yml,GER_soviet_ally_desc,ソ連との思想上の差異を無視し、共通項を重視することは恐らく可能ではないだろうか。つまり、利己的な自由主義と退廃的な西側諸国への嫌悪をである。ソ連を同盟国として迎えることで、必要なだけの資源を獲得することが可能となるだろう。勿論彼らの軍事力も……
english,replace/focus_l_japanese.yml,GER_soviet_treaty,ソ連との条約
english,replace/focus_l_japanese.yml,GER_soviet_treaty_desc,我々は、まず第一に優れた戦車を開発するためソビエト連邦と新しい研究条約を続けることができる。彼らが同意すれば、1933年に閉鎖したカマの戦車学校を再開することができる。無論、ソビエトとの協力は、彼らも技術革新がもたらす恩恵に浴することを意味するが……
english,replace/focus_l_japanese.yml,GER_spain_wargoal_tt,§Y共和スペイン§!に対し§Y併合§!の戦争目標を得る。\n
english,replace/focus_l_japanese.yml,GER_strategic_air_effort,戦略空軍への注力
english,replace/focus_l_japanese.yml,GER_strategic_air_effort_desc,勝利は敵工業力を破壊することで達成される。戦略爆撃機の開発と生産に注力すべきだ。
english,replace/focus_l_japanese.yml,GER_strike_at_the_source,大元を断つ
english,replace/focus_l_japanese.yml,GER_strike_at_the_source_desc,恐怖の中で生きる人生はまったくもって人生ではない。この脅威を我々の生活様式のためにきっぱりと終わらせる必要がある。ヨーロッパにおける共産主義の影響源は破壊されなければならない。
english,replace/focus_l_japanese.yml,GER_support_the_finns,フィンランド人を支援
english,replace/focus_l_japanese.yml,GER_support_the_finns_desc,フィンランド人はソビエトとの最前線にいる。彼らに共産主義者の脅威に対する保証を提供し、またいくらかの細やかな産業援助を与える。
english,replace/focus_l_japanese.yml,GER_sweden_friend,スウェーデンとの友好
english,replace/focus_l_japanese.yml,GER_sweden_friend_desc,スカンディナヴィア諸国はドミノだ、倒れるときは一斉に倒れる。ノルウェイとデンマークは我々の勢力圏だ、スウェーデンがそこに入らないはずがない。
english,replace/focus_l_japanese.yml,GER_synthetic_rubber,合成ゴム
english,replace/focus_l_japanese.yml,GER_synthetic_rubber_desc,大規模な自動車化と航空兵力には大量のゴムが必要だが、我が国では産出しない。ゴムを合成的に生成する方法を改善する必要がある。
english,replace/focus_l_japanese.yml,GER_tackle_the_communist_threat,共産主義の脅威に取り組む
english,replace/focus_l_japanese.yml,GER_tackle_the_communist_threat_desc,ソ連が存在する限り、その存在は我々にとって脅威になり続けるだろう。ソ連が攻撃してくるのを待つのではなく、我々が先制攻撃しなければならない。
english,replace/focus_l_japanese.yml,GER_tactical_air_effort,戦術空軍への注力
english,replace/focus_l_japanese.yml,GER_tactical_air_effort_desc,勝利は敵陸兵を一掃することで達成される。敵目標を近く、奥深くまで攻撃する戦術支援に注力すべきだ。
english,replace/focus_l_japanese.yml,GER_the_central_powers,中央同盟国
english,replace/focus_l_japanese.yml,GER_the_central_powers_desc,我が国が西方に立ち向かうためには同盟国が必要だ。民主主義者による弾圧に対抗する為の独自の陣営を設立しようではないか。
english,replace/focus_l_japanese.yml,GER_the_great_red_menace,強大なる赤き脅威
english,replace/focus_l_japanese.yml,GER_the_great_red_menace_desc,我々の先の大戦での行いは、いまだ多くの人々の記憶に留まっている。大陸における脅威の認識を、本来の危険に向けなければならない。つまり、東にそびえ立つ強大な共産主義の脅威を。そのために、大陸に目を向けるための大規模な宣伝活動を始めるつもりだ。
english,replace/focus_l_japanese.yml,GER_the_iberian_problem,イベリア問題
english,replace/focus_l_japanese.yml,GER_the_iberian_problem_desc,共産主義の砦がまだ残っている。スペインの共産主義者をはじめとして、全ての共産主義者が根絶されたことを確認しなければならない。
english,replace/focus_l_japanese.yml,GER_the_mannheim_project,マンハイム計画
english,replace/focus_l_japanese.yml,GER_the_mannheim_project_desc,ノルウェイの重水プラントが我々の勢力圏下に収まった今、原子の秘密を解き明かし、ボリシェヴィキに対抗する為の兵器転用の可能性を調査するという我々の取り組みをさらに加速させることができる。
english,replace/focus_l_japanese.yml,GER_the_mannheim_project_tt,この方針は、現在の原子力研究レベルに応じて異なる報酬を与えます:\n\n
english,replace/focus_l_japanese.yml,GER_the_monarchy_compromise,君主主義者との妥協
english,replace/focus_l_japanese.yml,GER_the_monarchy_compromise_desc,ナチスの脅威からの自由のために戦った軍隊は君主主義に傾倒していることが明らかになった。彼らを満足させ、国家のとる道を確実にするため、我々は妥協し、帝制に戻らなければならない。
english,replace/focus_l_japanese.yml,GER_trade_interdiction,通商破壊
english,replace/focus_l_japanese.yml,GER_trade_interdiction_desc,造船所はUボート製造をに専念している。しかし我々はこの「狩人」をどう活用すべきか考える必要がある。提督に、彼らの思い描く戦いをするために必要なものをすべて与えてくれよう……
english,replace/focus_l_japanese.yml,GER_turkey_friend,トルコとの友好
english,replace/focus_l_japanese.yml,GER_turkey_friend_desc,アタテュルク率いるトルコは現在順調に近代化の過程にあり、加えて彼の国はボスフォラス・ダーダネルス海峡を通じて黒海へのアクセスを支配している。トルコを我らの勢力圏に引き入れることは最優先事項にすべきだろう!
english,replace/focus_l_japanese.yml,GER_turkey_puppet,トルコの傀儡化
english,replace/focus_l_japanese.yml,GER_turkey_puppet_desc,トルコは我々とソ連の間で板挟みに遭い、機能不全に陥っている。もし圧力をかければ、トルコ人は我らの意志を汲み、傀儡国家となるだろう。条約では、トルコ東部はソ連が獲得することになっている。だが、もし彼らが要求を拒絶すれば、戦争に突入するだろう。
english,replace/focus_l_japanese.yml,GER_u_boat_effort,Uボートへの注力
english,replace/focus_l_japanese.yml,GER_u_boat_effort_desc,デーニッツ提督は無制限潜水艦作戦をイギリスを挫く最上の手段であると提唱している。十分なUボートがあれば、広大な大英帝国から送られる資源を欠乏させ、イギリス本国の工業を停止させられるだろう。
english,replace/focus_l_japanese.yml,GER_ussr_war_goal,ソ連と交戦
english,replace/focus_l_japanese.yml,GER_ussr_war_goal_desc,ソビエト連邦との正しき戦争に備えることをドイツ人、そして全世界に促すプロパガンダへ注力できる。
english,replace/focus_l_japanese.yml,GER_war_with_france,フランスと交戦
english,replace/focus_l_japanese.yml,GER_war_with_france_desc,今やドイツは東方国境問題に満足のゆく答えを出した。そして今、そのまなざしを西へ向ける時が来た。エルザス・ロートリンゲンの喪失はドイツの名誉に付いた汚点であり、正当かつ同義に則った戦争によってのみ、この汚点は払拭されるのだ。
english,replace/focus_l_japanese.yml,GER_war_with_france_threat,フランス領を要求
english,replace/focus_l_japanese.yml,GER_war_with_greece,ギリシャと交戦
english,replace/focus_l_japanese.yml,GER_war_with_greece_desc,ギリシャと既に交戦状態にある今、東地中海に拠点を得る機会を逸する事は、ドイツにとって屈辱となる。
english,replace/focus_l_japanese.yml,GER_weserubung,ヴェーザー演習作戦
english,replace/focus_l_japanese.yml,GER_weserubung_desc,ノルウェイは戦略的要衝であり、我が国のスウェーデンからの鉄鋼輸入を阻もうとする敵国の格好の餌食である。この地域に敵が拠点を築くリスクは放置できない。ノルウェイ侵攻の出撃拠点を確保する手始めに、デンマークへ進駐する必要がある。
english,replace/focus_l_japanese.yml,GER_west_wall,西の壁
english,replace/focus_l_japanese.yml,GER_west_wall_desc,西の壁（ヴェストヴァル）はフランスの誇るマジノ線と並行して走る要塞線であり、先の大戦におけるジークフリート線と同様の立地に構築された。この防備を強化することでより少人数での国境維持が可能となり、起こりうる東方での軍事行動に転用できる師団が増えるだろう。
english,replace/focus_l_japanese.yml,GER_west_wall_forts,フランスとの国境線に§Y陸上要塞を12§!追加する。\n
english,replace/focus_l_japanese.yml,GER_west_wall_tt,§Rラインラントが再軍備された場合、以下の効果を得る:§!\n
english,replace/focus_l_japanese.yml,GER_wunderwaffe,ヴンダーヴァッフェ
english,replace/focus_l_japanese.yml,GER_wunderwaffe_desc,ハイゼンベルクとフォン・ブラウンは真の破滅的兵器についてのあるアイデアを実行に移したがっている。追加の資源さえあれば、問題はないようだ……
english,replace/focus_l_japanese.yml,ITA_albania_war_goal,アルバニア占領
english,replace/focus_l_japanese.yml,ITA_albania_war_goal_desc,アルバニアは我が国の軍隊によってほとんど抵抗なく占領することができると考えている。世界にイタリアの威光を示しローマ帝国の栄光を復活させる必要があるだろう。
english,replace/focus_l_japanese.yml,ITA_anti_uk_war_goals,イギリスと交戦
english,replace/focus_l_japanese.yml,ITA_anti_uk_war_goals_desc,落ち目の英帝国は我々を地中海という檻に閉じ込め、その鍵を無償で渡そうとはしない。時期到来の暁には、英国を攻撃しなければならない!
english,replace/focus_l_japanese.yml,ITA_armored_effort,機甲部隊への注力
english,replace/focus_l_japanese.yml,ITA_armored_effort_desc,エチオピアにおける戦闘は首尾よく進行した。だが我らの戦車は、衰退しつつありながらも未だ力を保つヨーロッパの拝金民主主義者達の戦車と戦える程の水準には未だ至っていない。
english,replace/focus_l_japanese.yml,ITA_army_primacy,陸軍優先
english,replace/focus_l_japanese.yml,ITA_army_primacy_desc,工業面において、イタリアは依然列強である植民地帝国らに対し遅れをとられている。我々は陸軍か海軍か注力先を選ばなければならない。だがその結果は明らかであるその精強なる軍団によって成り立っていた古代ローマ帝国のように、新たなるイタリア帝国も同様の道を往かなければならない!
english,replace/focus_l_japanese.yml,ITA_atlantic_fleet,大西洋艦隊
english,replace/focus_l_japanese.yml,ITA_atlantic_fleet_desc,英国の檻から解放された暁には、我らの力を大洋に示す計画が必要となる。これは最優先事項となるだろう。
english,replace/focus_l_japanese.yml,ITA_bomber_effort,爆撃機への注力
english,replace/focus_l_japanese.yml,ITA_bomber_effort_desc,空を見上げること無い軍隊が戦争に勝利する時代は過ぎ去った。兵士が必要な航空支援を得られるように、戦術爆撃機を開発せねばならない。
english,replace/focus_l_japanese.yml,ITA_bulgaria_friend,ブルガリアとの友好
english,replace/focus_l_japanese.yml,ITA_bulgaria_friend_desc,ブルガリアは我々の影響圏にある。彼らにとってのイタリアとの安全保障協力は、我々にとってのバルカン進出の一歩となるだろう。
english,replace/focus_l_japanese.yml,ITA_capital_ships,主力艦への注力
english,replace/focus_l_japanese.yml,ITA_capital_ships_desc,戦艦を最も多く保有する国家こそが大洋を支配する。我々は地中海においてロイヤル・ネイビーに優位性を示させてはならない……
english,replace/focus_l_japanese.yml,ITA_carrier_effort,空母への注力
english,replace/focus_l_japanese.yml,ITA_carrier_effort_desc,現代の戦闘艦隊は戦艦ではなく、航空機母艦をその中核とするだろう。船舶に対する航空機の優位性は1921年にアメリカ人によって証明されている!
english,replace/focus_l_japanese.yml,ITA_claims_on_france,フランスでの領有主張
english,replace/focus_l_japanese.yml,ITA_claims_on_france_desc,ヴィシー・フランスから領土を取れ。ドイツのパリ征服とフランスにおける新政権樹立に伴い、南ヨーロッパに於ける正当な領有権を主張する時が来た。ドイツは重点的な北方への拡張を達成した以上、我らもたとえ少しでもあろうと正当な報酬を受け取るべきである。
english,replace/focus_l_japanese.yml,ITA_claims_on_france_tt,§Yヴィシー・フランス§!が存在していて§Yサヴォイ§!と§Yコルシカ§!を支配している
english,replace/focus_l_japanese.yml,ITA_claims_on_turkey,トルコでの領有主張
english,replace/focus_l_japanese.yml,ITA_claims_on_turkey_desc,1915年のロンドン条約は西欧列強がレヴァントに手を伸ばす事と引き換えに、イタリアがアナトリアの地を獲得することを約束した。彼らは自らの約束を国際連盟の委任統治と言う形で実現させた一方で、イタリアの権利を却下した。新しきイタリアは以前よりもより強力となり、トルコ人にイギリスとの約束を強要させる事ができる。
english,replace/focus_l_japanese.yml,ITA_demand_balearic_islands,バレアレス諸島の要求
english,replace/focus_l_japanese.yml,ITA_demand_balearic_islands_desc,フランコの新政権に対する義理は果たした。我々はその防衛において犠牲を払った対価を受け取る立場にいる。バレアレス諸島は我々の地中海における戦略的拠点として割譲されなければならない。
english,replace/focus_l_japanese.yml,ITA_escort_effort,護衛艦への注力
english,replace/focus_l_japanese.yml,ITA_escort_effort_desc,地中海の脆弱な船団を護衛するために、さらなる努力が必要だ。
english,replace/focus_l_japanese.yml,ITA_ethiopian_war_logistics,エチオピア戦争における兵站
english,replace/focus_l_japanese.yml,ITA_ethiopian_war_logistics_desc,もしかすると我々は栄光あるエチオピア征服において兵站を軽視していたのかもしれない。勇猛な兵士に十分な補給を提供すべきだろう。
english,replace/focus_l_japanese.yml,ITA_fortification_effort,要塞化への注力
english,replace/focus_l_japanese.yml,ITA_fortification_effort_desc,衰亡の真っ只中にあるフランスとイギリスという帝国主義者の侵略に対し、沿岸と国境線を防衛せねばならない。
english,replace/focus_l_japanese.yml,ITA_fortification_effort_forts,フランスとの国境に§Y陸上要塞を15§!追加する。\n
english,replace/focus_l_japanese.yml,ITA_germ_italy_same_tt,§Yイタリア§!と§Yドイツ§!は同じ§Yイデオロギー§!である
english,replace/focus_l_japanese.yml,ITA_german_millitary_cooperation,ドイツ軍の協力
english,replace/focus_l_japanese.yml,ITA_german_millitary_cooperation_desc,力強いドイツ軍との強力な協力を通して、ドイツの効率性とイタリアの革新性の最良の部分を組み合わせることができる。これで我々に相対する如何なる敵への戦略的優位性を保つことが可能だ。
english,replace/focus_l_japanese.yml,ITA_german_rd_treaty,ドイツとの条約
english,replace/focus_l_japanese.yml,ITA_german_rd_treaty_desc,我らの偉大なる国家の相互利益の為にドイツ人と秘匿技術の交換を提案するべきだろう。
english,replace/focus_l_japanese.yml,ITA_go_after_france,フランスを追撃
english,replace/focus_l_japanese.yml,ITA_go_after_france_desc,フランス……それはまた一つの反動的な西欧民主主義国の一国で、常にその拡張欲を隠し、隙あらばイタリア人民の存続すらも危機に陥れようとする勢力だ。イタリアと帝国の未来の為に、決着をつける時が来たのである。
english,replace/focus_l_japanese.yml,ITA_greece_friend,ギリシャとの友好
english,replace/focus_l_japanese.yml,ITA_greece_friend_desc,ギリシャは西洋文明の発祥地であり、聡明な古代ギリシャ人たちは多くの物を残した。彼らと我々の目標をすり合わせる事は不可能ではないはずだ……
english,replace/focus_l_japanese.yml,ITA_greece_war_goal,ギリシャと交戦
english,replace/focus_l_japanese.yml,ITA_greece_war_goal_desc,ギリシャ抜きにローマ帝国の再興を語ることができるであろうか？容易い目標な筈である……
english,replace/focus_l_japanese.yml,ITA_italian_highways,アウトストラーダ
english,replace/focus_l_japanese.yml,ITA_italian_highways_desc,帝国領内における兵士の機動性を確保する為に、インフラの拡張が急務である。敵軍が世界中に存在する以上、この拡張はイタリア本土防衛の為に欠かせない物である。
english,replace/focus_l_japanese.yml,ITA_italy_first,イタリア至上主義
english,replace/focus_l_japanese.yml,ITA_italy_first_desc,ムッソリーニはヒトラーのいかさまに乗せられる事は決して無い!チュートン人共のイタリア情勢への介入は碌な結果にならない、と言うローマ帝国の教訓を心に留めなければならない……
english,replace/focus_l_japanese.yml,ITA_japan_friend,日本との友好
english,replace/focus_l_japanese.yml,ITA_japan_friend_desc,日本人は我々と同じ立場にある。若く、将来性のある人口を持つ飢えた力が、イギリスやオランダの様な衰退しつつある拝金・民主主義者に交易を通して人質を取られているのだ。我々は団結し、脈動する海軍枢軸を確立せねばならないのだ!
english,replace/focus_l_japanese.yml,ITA_jet_engine_effort,ジェットエンジンへの注力
english,replace/focus_l_japanese.yml,ITA_jet_engine_effort_desc,セコンド・カンピーニ技師の素晴らしき成果のお陰で、イタリアはジェットエンジン開発における最前線に立つことができる。我々は投入可能な資源を全て彼に与え、レッジョ・アエロナウティカ（王立空軍）向けの設計案を向上させるべきだろう。
english,replace/focus_l_japanese.yml,ITA_libyan_infrastructure,リビアのインフラ
english,replace/focus_l_japanese.yml,ITA_libyan_infrastructure_desc,我らの帝国において、北アフリカの広大な大地はインフラ整備の観点から依然として取り残されている。この問題に注力し、平均的なレベルへと押し上げる必要があるだろう。
english,replace/focus_l_japanese.yml,ITA_libyan_refineries,リビアの製油所
english,replace/focus_l_japanese.yml,ITA_libyan_refineries_desc,石油資源と本土の工業地帯に双方に近いベンガジは、製油所の建設に完璧に適した地である。
english,replace/focus_l_japanese.yml,ITA_light_ship_effort,小型艦への注力
english,replace/focus_l_japanese.yml,ITA_light_ship_effort_desc,海外領土へ向かう船団には保護が必要だ。新しいドクトリンと、より現代的な駆逐艦が必要となるだろう。
english,replace/focus_l_japanese.yml,ITA_mare_nostrum,我らが海
english,replace/focus_l_japanese.yml,ITA_mare_nostrum_desc,我らの資源は限られており、痛みを伴う決断も行う必要がある。しかし英帝国は我々を地中海という檻に閉じ込めている。この檻から抜け出すためにはロイヤル・ネイビーにすら対抗できる海軍が必要になるだろう……
english,replace/focus_l_japanese.yml,ITA_marines_and_landing_craft,海兵隊と上陸艇
english,replace/focus_l_japanese.yml,ITA_marines_and_landing_craft_desc,戦争とは海軍力のみで勝利が決する訳ではない。軍が幾多の波を超え、安全に敵地に上陸できるようにしなければならない……
english,replace/focus_l_japanese.yml,ITA_modernized_army,陸軍近代化
english,replace/focus_l_japanese.yml,ITA_modernized_army_desc,砲兵の改善は我々の交戦能力を大幅に向上させた。しかし、同時に新しい戦術やドクトリンも必要となるだろう。
english,replace/focus_l_japanese.yml,ITA_modernized_artillery,砲兵近代化
english,replace/focus_l_japanese.yml,ITA_modernized_artillery_desc,レッジョ・エゼールチト（王立陸軍）は、理論上世界においても有数の陸軍のはずである。だが不幸なことに、全軍に適切な装備が行き渡っているとは言い難い。更に最悪なことに、我らの砲兵の大半は1918年から進歩していないのだ!
english,replace/focus_l_japanese.yml,ITA_pact_of_steel,鋼鉄条約
english,replace/focus_l_japanese.yml,ITA_pact_of_steel_desc,我々とナチス・ドイツとの関係はイデオロギー的な差異や衝突している目的によって複雑な状態にある。ドイツのオーストリアとバルカン半島に対する野心をドゥーチェは極めて警戒している。しかし、現実とは変化するものだ……
english,replace/focus_l_japanese.yml,ITA_portugal_friend,ポルトガルとの友好
english,replace/focus_l_japanese.yml,ITA_portugal_friend_desc,スペインと同様、ポルトガルはイタリア人民と自然な同盟関係にある。我らはこの友好の絆を強めるべきである。
english,replace/focus_l_japanese.yml,ITA_prospect_for_oil,石油の産出調査
english,replace/focus_l_japanese.yml,ITA_prospect_for_oil_desc,古の諸帝国は、常に新たなる競合相手を利する事に怯えてきた。この例に沿って、我々は他の国家からの石油に頼るわけにはならず、帝国内での資源自給に尽力せねばならない。これによっは遠い将来まで競争力を保つことかできるのである。
english,replace/focus_l_japanese.yml,ITA_romania_friend,ルーマニアとの友好
english,replace/focus_l_japanese.yml,ITA_romania_friend_desc,遠方ながらも友好的なルーマニアを我々の影響圏に置くことは最も利潤的な選択だろう。ドゥーチェは「鉄衛団」に大きな可能性を見い出しておられる。
english,replace/focus_l_japanese.yml,ITA_sea_wolves,海の狼
english,replace/focus_l_japanese.yml,ITA_sea_wolves_desc,同盟国ドイツは恐ろしい程強力な潜水艦を開発し、「ウルフ・パック」ドクトリンに基づき運用を行っている。彼らから学ばなければならない。
english,replace/focus_l_japanese.yml,ITA_slovenia_dalmatia_claims,ユーゴスラビアでの領有主張
english,replace/focus_l_japanese.yml,ITA_slovenia_dalmatia_claims_desc,ユーゴスラビアにはイタリアの同胞が現在も一定数在住している。彼らは過去のヴェネツィア共和国の栄光ある日々にまでその起源を遡るのだ。これらの地域をイタリアの統治下に取り戻すことは、ローマ帝国の再興において重要な一歩となるだろう!
english,replace/focus_l_japanese.yml,ITA_slovenia_dalmatia_claims_threat,イタリアのユーゴスラビアにおける領有権主張
english,replace/focus_l_japanese.yml,ITA_spanish_italian_faction,西伊同盟
english,replace/focus_l_japanese.yml,ITA_spanish_italian_faction_desc,フランコとスペインの国粋派は宗教、文化そしてイデオロギーを共とする生まれつきの同盟だ。団結することで、我々はジブラルタルを奪還しロイヤル・ネイビーに対し出血を強いることができるであろう……
english,replace/focus_l_japanese.yml,ITA_support_nationalist_spain,国粋スペインへの支援
english,replace/focus_l_japanese.yml,ITA_support_nationalist_spain_desc,スペインは今後の舵取りを決める内戦のさなかにある。彼らは将来的にはファシストの良き同盟手ともなり得るし、無能な共和制を維持するかもしれず、最悪の場合には共産主義者か無政府主義者の手に落ちるかもしれない!事態が手遅れになる前に、真のスペイン人へと支援をせねば!
english,replace/focus_l_japanese.yml,ITA_turkey_friend,トルコとの友好
english,replace/focus_l_japanese.yml,ITA_turkey_friend_desc,伊土戦争と先の大戦を経て、トルコ人が我々を愛する理由など存在しないだろう。しかし、現実的政策というものは過去の小競り合いを乗り越えさせ、現在の地中海情勢から2つの巨星を同盟へと導く事ができるだろう。
english,replace/focus_l_japanese.yml,ITA_victoryinETH,アフリカでの大勝利
english,replace/focus_l_japanese.yml,ITA_victoryinETH_desc,第一次エチオピア戦争に於ける敗戦は40年間イタリアの名誉に対する汚点として残り続けてきた。しかしこの汚点は勝利により取り除かれ、ファシズムの鋼鉄の意志の強さを示すであろう!
english,replace/focus_l_japanese.yml,ITA_yugoslavia_friend,ユーゴスラビアとの友好
english,replace/focus_l_japanese.yml,ITA_yugoslavia_friend_desc,いまユーゴスラビアを敵に回すよりも、絶好の機会が訪れるまで待ってから征服するほうがよいだろう。もしかすると、彼らの政権と友好関係を築き、我々の影響圏に組み込むこともできるかもしれない。
english,replace/focus_l_japanese.yml,JPN_army_primancy_focus_bypass_tt,本国の§Y軍需工場§!用の建築スロットが不十分。
english,replace/focus_l_japanese.yml,JPN_navy_primancy_focus_bypass_tt,本国の§Y海軍造船所§!用の建築スロットが不十分。
english,replace/focus_l_japanese.yml,JPN_synth_oil_focus_tt,工業会社として出光興産が利用可能
english,replace/focus_l_japanese.yml,NATIONAL_FOCUS_EXCLUSIVE_INFO_DESC,択一的
english,replace/focus_l_japanese.yml,NATIONAL_FOCUS_EXCLUSIVE_INFO_ENTRY,$FOCUS|Y$
english,replace/focus_l_japanese.yml,NATIONAL_FOCUS_MUTUALLY_EXCLUSIVE_TREE,分岐しているルートは択一式である。
english,replace/focus_l_japanese.yml,NATIONAL_FOCUS_NO_CURRENT_EFFECT,この方針には現在何の効果もない。世界情勢の変化が影響することがある。
english,replace/focus_l_japanese.yml,NAV_effort,海軍への注力
english,replace/focus_l_japanese.yml,NAV_effort_desc,新しい海の戦いは水上はもちろん、空中にも水面下にもその場を広げていくだろう。
english,replace/focus_l_japanese.yml,NZL_2nzef,ニュージーランド第2遠征軍
english,replace/focus_l_japanese.yml,NZL_2nzef_desc,先の大戦の恐怖にもかかわらず、ニュージーランドは再び行進する準備ができている。こうしている間にも、ニュージーランド第2遠征軍が組織されつつある。
english,replace/focus_l_japanese.yml,NZL_amend_the_maori_affairs_act,改正マオリ保護法
english,replace/focus_l_japanese.yml,NZL_amend_the_maori_affairs_act_desc,未利用の土地の生産性を向上させるために、マオリ市民法を改正する必要があるが、それによって不必要にマオリ市民を立ち退かせることはない。
english,replace/focus_l_japanese.yml,NZL_army_reforms,陸軍の諸改革
english,replace/focus_l_japanese.yml,NZL_army_reforms_desc,陸軍の訓練と昇進の制度を近代化しなくてはならない。これにより、危機的状況にある世界において起こりうるいかなる事態に対しても備えることができる。
english,replace/focus_l_japanese.yml,NZL_arrest_pacifist_leaders,平和主義の指導者を逮捕
english,replace/focus_l_japanese.yml,NZL_arrest_pacifist_leaders_desc,今や国内で争っている時ではない。国民全員が戦争に勝つことに集中する必要があり、それが戦争に反対する者を拘留することを意味するならば、我々はそうすべきだ。
english,replace/focus_l_japanese.yml,NZL_artillery_focus,砲兵重視
english,replace/focus_l_japanese.yml,NZL_artillery_focus_desc,砲兵は前進運動を行う歩兵を支援するには不可欠である。弾道学と大口径砲の研究を発展させよ。
english,replace/focus_l_japanese.yml,NZL_befriend_japan,日本との友好
english,replace/focus_l_japanese.yml,NZL_befriend_japan_desc,太平洋の国家として、その地域における最も強力な国家に与することが我々の安全保障上の利益に適している。日本とその強力な海軍は、我々を世界の危険から守ることができる。
english,replace/focus_l_japanese.yml,NZL_big_bob_tank,ビッグ・ボブ戦車
english,replace/focus_l_japanese.yml,NZL_big_bob_tank_desc,ヨーロッパの戦場では、敵の超重戦車に対抗するためにより重装甲が求められている。ビッグ・ボブはニュージーランドの重装甲設計への努力に貢献するだろう。
english,replace/focus_l_japanese.yml,NZL_bob_semple_tank,ボブ・センプル戦車
english,replace/focus_l_japanese.yml,NZL_bob_semple_tank_desc,なぜニュージーランドには戦車がないのだ？テムカの軍事工場では、機関銃のみで武装した軽戦車を開発している。この戦車がたとえ試作車の域を超えることはできないとしても、得られる経験は非常に貴重なものだ。
english,replace/focus_l_japanese.yml,NZL_bomber_focus,爆撃機重視
english,replace/focus_l_japanese.yml,NZL_bomber_focus_desc,戦術爆撃機は海岸線を効果的に防衛でき、海外での敵との戦闘に必要になるだろう。
english,replace/focus_l_japanese.yml,NZL_bureau_of_industry,産業局
english,replace/focus_l_japanese.yml,NZL_bureau_of_industry_desc,ニュージーランドは牧畜に重点を置く農業国である。産業局は、資本基盤と製造業への大きな投資を奨励しなければならない。
english,replace/focus_l_japanese.yml,NZL_capital_ship_effort,主力艦への注力
english,replace/focus_l_japanese.yml,NZL_capital_ship_effort_desc,もしニュージーランドが一流の海軍を持つ必要があるならば、一流の船を持つ必要がある。戦艦および重巡洋艦に投資しなければならない。
english,replace/focus_l_japanese.yml,NZL_charlton_automatic_rifle,チャールトン自動小銃
english,replace/focus_l_japanese.yml,NZL_charlton_automatic_rifle_desc,我が国の市民の一人は、標準的なリー・エンフィールド小銃を自動小銃に改造した。これは、ニュージーランドにおける最高の創意工夫であり、この線に沿った技術革新を奨励すべきだ。
english,replace/focus_l_japanese.yml,NZL_coastal_defense,沿岸防衛
english,replace/focus_l_japanese.yml,NZL_coastal_defense_desc,ニュージーランドは島国であり、敵からは遠く離れているが、海岸沿いは水陸両用の攻撃に備える必要がある。
english,replace/focus_l_japanese.yml,NZL_constitution_amendment_act,憲法改正法
english,replace/focus_l_japanese.yml,NZL_constitution_amendment_act_desc,ニュージーランドが自国をイギリス自治領から切り離す時が来た。我々自身の諸事をより統制するために憲法を改正しよう。
english,replace/focus_l_japanese.yml,NZL_defend_our_islands,島嶼防衛
english,replace/focus_l_japanese.yml,NZL_defend_our_islands_desc,我々の楽園島に対する海からの攻撃に備えなければならない。対艦攻撃機は揚陸艦を妨害、攻撃し、主力艦でさえも目標とできる。
english,replace/focus_l_japanese.yml,NZL_department_of_scientific_and_industrial_research,科学産業研究庁
english,replace/focus_l_japanese.yml,NZL_department_of_scientific_and_industrial_research_desc,他の英連邦諸国や連邦自治領では科学研究や産業研究に投資している。我々も同様のことをすべきだ。
english,replace/focus_l_japanese.yml,NZL_destroyer_effort,駆逐艦への注力
english,replace/focus_l_japanese.yml,NZL_destroyer_effort_desc,我々の小さな産業基盤では、駆逐艦はニュージーランドが海軍力を行使する最も効率的な方法だ。海岸を警備し、潜水艦を迎撃し、早期警戒監視隊を配備する。
english,replace/focus_l_japanese.yml,NZL_domestic_arms_industry,国内武器産業
english,replace/focus_l_japanese.yml,NZL_domestic_arms_industry_desc,できるだけ多くの産業を小火器生産に回すべきだ。弾薬、銃部品、支援装備などが必要とされている。これらは国内で作ることができる。
english,replace/focus_l_japanese.yml,NZL_empower_the_working_class,労働者階級の権利を拡大
english,replace/focus_l_japanese.yml,NZL_empower_the_working_class_desc,労働党は、設立当初から労働者階級を擁護してきた、いやそれどころか労働党の幹部の多くは労働者階級出身だ。より劇的に労働組合を保護し、権限を求めるようにしよう。
english,replace/focus_l_japanese.yml,NZL_expand_devonport_naval_base,デヴォンポート海軍基地の拡張
english,replace/focus_l_japanese.yml,NZL_expand_devonport_naval_base_desc,デヴォンポート海軍基地は海軍の司令部になるであろうが、総力戦での新しい要求を満たすように拡張されなければならない。
english,replace/focus_l_japanese.yml,NZL_expand_the_nzpaf,ニュージーランド恒久空軍の拡張
english,replace/focus_l_japanese.yml,NZL_expand_the_nzpaf_desc,ニュージーランド恒久空軍には沿岸哨戒機および対艦攻撃機が必要である。現代の国家は空中戦を無視できない。
english,replace/focus_l_japanese.yml,NZL_expand_the_university_of_auckland,オークランド大学の拡張
english,replace/focus_l_japanese.yml,NZL_expand_the_university_of_auckland_desc,オークランド大学は、我が国で最も重要な高等教育機関である。その施設を拡張することで、我が国最高の頭脳を母国に留めることができるだろう。
english,replace/focus_l_japanese.yml,NZL_fighter_focus,戦闘機重視
english,replace/focus_l_japanese.yml,NZL_fighter_focus_desc,戦闘機は、同盟国にとって決定的な兵器となる爆撃機を迎撃し、護衛することに効果を発揮するだろう。
english,replace/focus_l_japanese.yml,NZL_form_the_rnzaf,王立ニュージーランド空軍の創設
english,replace/focus_l_japanese.yml,NZL_form_the_rnzaf_desc,時は、空軍を他の戦闘兵種から独立させるに至った。王立ニュージーランド空軍は独自の指揮命令系統を持つが、イギリス王立空軍とは密接に協力するだろう。
english,replace/focus_l_japanese.yml,NZL_form_the_rnzn,ニュージーランド王立海軍の創設
english,replace/focus_l_japanese.yml,NZL_form_the_rnzn_desc,かつての小さな沿岸警備隊はイギリス海軍監督下から独立して行動できる船を所有する迄に成長した。ニュージーランドは独自の海軍を有するだろう。
english,replace/focus_l_japanese.yml,NZL_heavy_bombers,重爆撃機
english,replace/focus_l_japanese.yml,NZL_heavy_bombers_desc,戦争は、敵本国の中心部を攻撃することによってのみ勝利することができる。重爆撃機は敵の工場と都市に破壊的な一撃を加えるために必要だ。
english,replace/focus_l_japanese.yml,NZL_in_the_darkness,暗闇の中に
english,replace/focus_l_japanese.yml,NZL_in_the_darkness_desc,我々の母国が支持している民主主義制度には生来の腐敗がある。真の強さは妥協では証明できない。
english,replace/focus_l_japanese.yml,NZL_independent_new_zealand,ニュージーランドの独立
english,replace/focus_l_japanese.yml,NZL_independent_new_zealand_desc,我々は今や共和国だ!ニュージーランドはイギリスに何の責任も負わず、どんな子供でも安全に育ててくれた母親に抱くような感謝の念を覚えるだけだ。しかし、我々はイギリス連邦という安全な巣を離れ、自身の国益の観点から世界を見る必要がある。
english,replace/focus_l_japanese.yml,NZL_industrial_conscription,産業徴兵
english,replace/focus_l_japanese.yml,NZL_industrial_conscription_desc,身体健常な男が、軍に奉仕したり軍需関連業界で働かない理由などない。新しい法律は、すべての男たちを奮起させて、軍に動員し、軍需品を製造させる。
english,replace/focus_l_japanese.yml,NZL_join_comintern,コミンテルンに加盟
english,replace/focus_l_japanese.yml,NZL_join_comintern_desc,社会主義者の同胞と共に同盟に加わる時が来た。コミンテルンを通じて、我々は労働者の楽園を達成するだろう。
english,replace/focus_l_japanese.yml,NZL_light_cruiser_effort,軽巡洋艦への注力
english,replace/focus_l_japanese.yml,NZL_light_cruiser_effort_desc,中型艦は中規模国家に適切な艦船である。軽巡洋艦は打撃を与えることができ、必要に応じて大きな交戦を免れる速度を有する。
english,replace/focus_l_japanese.yml,NZL_long_range_patrol,長距離哨戒
english,replace/focus_l_japanese.yml,NZL_long_range_patrol_desc,長距離哨戒は、北アフリカの広い領域をカバーすることを目的としている。この偵察コマンドー部隊は、世界で最も厳しい気候のいくつかの地点で特殊任務を遂行する予定だ。
english,replace/focus_l_japanese.yml,NZL_maori_affairs_act,マオリ保護法
english,replace/focus_l_japanese.yml,NZL_maori_affairs_act_desc,マオリが所有する土地の多くは経済的には非生産的である。それを統合して政府の管理下に置くことができれば、これらの不毛の地を有益な産業拠点や商業地に変えることができるだろう。
english,replace/focus_l_japanese.yml,NZL_maori_conscription,マオリ人の徴兵
english,replace/focus_l_japanese.yml,NZL_maori_conscription_desc,遠征軍に配属されたマオリ大隊の勇気と英雄的行動は、しぶるマオリ族を無理やり徴兵してでも、全人口を最大限に活用しなければならないという証左である。
english,replace/focus_l_japanese.yml,NZL_maori_volunteers,マオリ人志願兵
english,replace/focus_l_japanese.yml,NZL_maori_volunteers_desc,彼らは愛国心を示そうとし、何百ものマオリ人がニュージーランド軍に従軍しようと志願し始めている。
english,replace/focus_l_japanese.yml,NZL_modern_fighters,近代戦闘機
english,replace/focus_l_japanese.yml,NZL_modern_fighters_desc,戦闘機設計を射程が長く高速な飛行機に改良する時だ。我々の同盟国は、世界がこれまでに遭遇した最高発展型飛行機のいくつかの手本を示している。
english,replace/focus_l_japanese.yml,NZL_national_defense_institute,国立防衛研究所
english,replace/focus_l_japanese.yml,NZL_national_defense_institute_desc,今やニュージーランドは完全な主権国家であり、もはや以前のように先進的な試作型や設計図を受け取る立場ではない。我々は常に、敵より先進的であり、遅れを取らぬようにしなければならない。
english,replace/focus_l_japanese.yml,NZL_national_roads_board,国道委員会
english,replace/focus_l_japanese.yml,NZL_national_roads_board_desc,ニュージーランドの起伏の多い地形は整然とした道路建設網を阻むが、我々は適所を改善する必要がある。高速道路網は研究されなければならず、道路は舗装されなければならず、そして、新しい道は山を切り開く。
english,replace/focus_l_japanese.yml,NZL_new_zealand_steel,ニュージーランド鋼鉄
english,replace/focus_l_japanese.yml,NZL_new_zealand_steel_desc,特に北島において、ニュージーランドは潤沢な砂鉄の埋蔵量に恵まれている。砂から鉱石を抽出するには特殊な工程がかかるが、製鉄業の礎として今後何年もの間有益である。
english,replace/focus_l_japanese.yml,NZL_project_seal,秘匿計画
english,replace/focus_l_japanese.yml,NZL_project_seal_desc,「秘匿計画」は敵をのみこむ津波誘発兵器をアメリカ人と共同で開発する新たな取り組みだ。それはやや非現実的だが、開発された反跳爆弾は前途有望に見える。
english,replace/focus_l_japanese.yml,NZL_ratana_alliance,ラタナ協定
english,replace/focus_l_japanese.yml,NZL_ratana_alliance_desc,ラタナ運動との提携は、マオリを政府に参画させ、願わくば英国支配による傷をいくらかでも癒す端緒となろう。
english,replace/focus_l_japanese.yml,NZL_research_collaboration,共同研究
english,replace/focus_l_japanese.yml,NZL_research_collaboration_desc,イギリスは同盟国間で技術進歩を共有することによる利益を証明した。協働の為に必要とされる段階を踏むならば、我が陣営全体が戦時研究開発をより効率的に遂行することができるだろう。
english,replace/focus_l_japanese.yml,NZL_rule_them_all,全てを統べよ
english,replace/focus_l_japanese.yml,NZL_rule_them_all_desc,オーストラリアとニュージーランドすなわち南太平洋の国々は統一勢力でなければならない。オーストラリアは、我が国の優れた理念を受容するよう熟考すべきだろう。
english,replace/focus_l_japanese.yml,NZL_schofield_tank,スコフィールド戦車
english,replace/focus_l_japanese.yml,NZL_schofield_tank_desc,もし、センプル戦車が我々のニーズを満たしていなければ、おそらく適切な砲を持った戦車が用を成すだろう。履帯とトラックタイヤを組み合わせた足回りの仕組みは独特であり、戦車設計の新しい知見につながる可能性がある。
english,replace/focus_l_japanese.yml,NZL_social_security_act,社会保障法
english,replace/focus_l_japanese.yml,NZL_social_security_act_desc,ニュージーランドの失業者は、経済が回復し、より多くの雇用が得られるまでは世話をする必要がある。始まりは1935年のクリスマスのボーナスだったが、いまやすべての市民のための適切な社会保障を整備する時だ。
english,replace/focus_l_japanese.yml,NZL_statute_of_westminster,ウェストミンスター憲章
english,replace/focus_l_japanese.yml,NZL_statute_of_westminster_desc,ウェストミンスター憲章により、我々は帝国の中に留まりながら、王冠のもとでのより大きな自立を果たすことができる。
english,replace/focus_l_japanese.yml,NZL_strengthen_the_commonwealth,イギリス連邦の強化
english,replace/focus_l_japanese.yml,NZL_strengthen_the_commonwealth_desc,小さな自治領として、我々は友人や家族の近くにいることが重要だ。我々は仲間である英領土との関係を強化する。
english,replace/focus_l_japanese.yml,NZL_submarine_effort,潜水艦への注力
english,replace/focus_l_japanese.yml,NZL_submarine_effort_desc,どんな侵略も船で来るのだから、海の狼は強い防御線を構築できる。隠密性と群狼作戦により、潜水艦隊は海上交通路を防衛できる。
english,replace/focus_l_japanese.yml,NZL_taranaki_oil,タラナキ石油
english,replace/focus_l_japanese.yml,NZL_taranaki_oil_desc,北島のタラナキ地域は鉱物と石油が豊富だ。起業家はこれらの油田開発を試みているが、製油所と掘削には多くの投資が必要だ。
english,replace/focus_l_japanese.yml,NZL_technology_sharing_with_britain,イギリスとの技術共有
english,replace/focus_l_japanese.yml,NZL_technology_sharing_with_britain_desc,英国の科学と産業の基礎は我々などはるかに寄せ付けないほどだが、我々は家族であるため、彼らの知識を我々と共有しようとしてくれている。
english,replace/focus_l_japanese.yml,NZL_technology_sharing_with_japan,日本との技術共有
english,replace/focus_l_japanese.yml,NZL_technology_sharing_with_japan_desc,日本には、世界トップクラスの科学者や革新的技術者が多くいる。彼らは戦友として知りうることを気前よく共有してくれる。
english,replace/focus_l_japanese.yml,NZL_technology_sharing_with_soviet_union,ソビエト連邦との技術共有
english,replace/focus_l_japanese.yml,NZL_technology_sharing_with_soviet_union_desc,ソビエト連邦には、世界トップクラスの科学者や革新的技術者が多くいる。彼らは戦友として知りうることを気前よく共有してくれる。
english,replace/focus_l_japanese.yml,NZL_the_first_labor_government,第一次労働党政権
english,replace/focus_l_japanese.yml,NZL_the_first_labor_government_desc,ニュージーランド第一次労働政権は、進歩的な社会および経済的な議題を追求する機会を持っていた。産業規制、労働者の権利、社会福祉法、賃金に関する規則も全て議題となっている。
english,replace/focus_l_japanese.yml,NZL_the_lee_affair,リー事件
english,replace/focus_l_japanese.yml,NZL_the_lee_affair_desc,グレー・リン出身の国会議員であるジョン・リーは、労働党の幹部会で問題を引き起こしている。彼は我々が取っている慎重な道ではなく、より過激に行うべき事柄があると煽り立てている。彼の反乱を静めるために対策を講じなければならない。
english,replace/focus_l_japanese.yml,NZL_the_manpower_act,人的資源法
english,replace/focus_l_japanese.yml,NZL_the_manpower_act_desc,戦争が始まって以来、多数のマオリが都市に流入した。人的資源法は、これらの労働力をニュージーランドの工場に送りこむことができる。
english,replace/focus_l_japanese.yml,NZL_think_big,野心
english,replace/focus_l_japanese.yml,NZL_think_big_desc,我々は、オーストラリアやカナダといった同盟国と比較して、自らをちっぽけな自治領だと見なすことに慣れていた。しかし、ニュージーランドは工業的に大変優れている。
english,replace/focus_l_japanese.yml,NZL_transfer_ships_tt,[GBR.GetNameDefCap]が§Y軽巡洋艦2隻§!を我が国に譲渡する。
english,replace/focus_l_japanese.yml,NZL_transfer_the_new_zealand_division,ニュージーランド師団の移送
english,replace/focus_l_japanese.yml,NZL_transfer_the_new_zealand_division_desc,ニュージーランド第2師団は行動を起こせるよう動員された。これを戦地に輸送しなければならない。第1次大戦において我がニュージーランド義勇兵師団が地中海方面に配属されたのと同じように、第2師団もそこへ向かうだろう。
english,replace/focus_l_japanese.yml,NZL_wairarapa_sheep_farms,ワイララパ羊農場
english,replace/focus_l_japanese.yml,NZL_wairarapa_sheep_farms_desc,ワイララパの羊毛産業は、ニュージーランド経済の礎石の一つだ。世界恐慌が勃発したときのように、羊毛にはより需要が増えるだろう。
english,replace/focus_l_japanese.yml,NZL_waitangi_tribunal,ワイタンギ法廷
english,replace/focus_l_japanese.yml,NZL_waitangi_tribunal_desc,英国系ニュージーランド人は、彼らの祖先がニュージーランドのマオリを無用のものとして扱い、立ち退かせて混乱させたことに折り合いをつけるべきだ。血まみれの戦争、土地の収奪、自然権無視のやりたい放題。この負の遺産を認識することが克服の第一歩だろう。
english,replace/focus_l_japanese.yml,PRM_dokutorinhenozhu_li_,機械化への注力
english,replace/focus_l_japanese.yml,PRM_dokutorinhenozhu_li__desc,自動車化歩兵の可能性を再考することで、今日の自動車両の可能性の限界を突破することができる。
english,replace/focus_l_japanese.yml,PRM_ji_jia_bu_dui_henozhu_li_,機甲部隊への注力
english,replace/focus_l_japanese.yml,PRM_ji_jia_bu_dui_henozhu_li__desc,歩兵の機械化で学んだことを生かし、装甲車両をより良く改善できるだろう。
english,replace/focus_l_japanese.yml,PRM_lu_jun_henozhu_li_,陸軍への注力
english,replace/focus_l_japanese.yml,PRM_lu_jun_henozhu_li__desc,空戦や海戦がどれだけ進歩しても、陸上戦闘は将来の戦争でも鍵であり続ける。備えることで、塹壕の地獄へ舞い戻ることを回避できるのだ。
english,replace/focus_l_japanese.yml,PRM_ssnoshe_li_,特殊部隊
english,replace/focus_l_japanese.yml,PRM_ssnoshe_li__desc,我々には特殊部隊が必要である。よって、山岳部隊と空挺部隊を優先事項とせねばならない。
english,replace/focus_l_japanese.yml,PRM_undefined,ドクトリンへの注力 II
english,replace/focus_l_japanese.yml,PRM_undefined_desc,戦場は戦間期のみならず、最近の紛争の経過を通して変化している。このことを反映するためにドクトリンを絶えず再評価せねばならない。
english,replace/focus_l_japanese.yml,PRM_zhuang_bei_henozhu_li_,装備への注力
english,replace/focus_l_japanese.yml,PRM_zhuang_bei_henozhu_li__desc,歩兵が持ち運べる装備の限界は絶え間なく押し上げられている。我々は可能な限り最高の装備を部隊に与えることを重視しよう。
english,replace/focus_l_japanese.yml,PRM_zhuang_bei_henozhu_li_ii,装備への注力 II
english,replace/focus_l_japanese.yml,PRM_zhuang_bei_henozhu_li_ii_desc,歩兵と支援部隊が可能な限り最高の装備を持てるよう、不断の努力を行わねばならない。
english,replace/focus_l_japanese.yml,PRM_zhuang_bei_henozhu_li_iii,装備への注力 III
english,replace/focus_l_japanese.yml,PRM_zhuang_bei_henozhu_li_iii_desc,外国製装備の模倣や購入よりも、歩兵用武器で世界の最先端になることを目指すべきである。
english,replace/focus_l_japanese.yml,PRM_zi_dong_che_hua_henozhu_li_,自動車化への注力
english,replace/focus_l_japanese.yml,PRM_zi_dong_che_hua_henozhu_li__desc,機動力と防御力は歩兵を安全に戦場へ輸送、また撤退させる上で必要不可欠だ。この分野への注力は我々の迅速な対応を可能にするだろう。
english,replace/focus_l_japanese.yml,PRU_Abolition_social_division,
english,replace/focus_l_japanese.yml,PRU_cusco_upheaval,クスコ動乱
english,replace/focus_l_japanese.yml,PRU_cusco_upheaval_desc,クスコで身分制度に反対するデモが発生した。\n長年身分制度が残っていることで差別は年々深刻化している。\n被差別身分の人々は不満を募らせていたのだった。\nしかし、彼らとは対象的に伝統的なインカを望む者達も彼らに対抗してデモを行い、\n両者は衝突した。クスコは今騒乱状態にある
english,replace/focus_l_japanese.yml,PRU_worship_of_inti,インティの崇拝
english,replace/focus_l_japanese.yml,PRU_worship_of_inti_desc,インカ帝国国内で大規模な飢饉が発生した。人々は不安に駈られている。神の怒りに違いない。
english,replace/focus_l_japanese.yml,RAJ_air_support_effort,航空支援への注力
english,replace/focus_l_japanese.yml,RAJ_air_support_effort_desc,諸兵科連合戦闘は戦争の新しい手法である。従って、陸軍と海軍を支援する為のパイロットの訓練と航空機生産に注力する必要がある。
english,replace/focus_l_japanese.yml,RAJ_all_india_forward_bloc,全インド前進同盟
english,replace/focus_l_japanese.yml,RAJ_all_india_forward_bloc_desc,全インド前進同盟はイギリスからのインド解放に時間がかかりすぎていると考えている。より強い、武力行使も辞さない姿勢で臨まなければならない。
english,replace/focus_l_japanese.yml,RAJ_an_indian_sandhurst,インド・サンドハースト士官学校
english,replace/focus_l_japanese.yml,RAJ_an_indian_sandhurst_desc,インドは先の大戦以来独自の陸軍士官学校を要求してきた、そして、遂に我々は1932年に設立した。インド陸軍士官学校はこの数年間インド人将校を輩出し、我々の中核となる将校団を供給している。
english,replace/focus_l_japanese.yml,RAJ_army_motorization,陸軍の自動車化
english,replace/focus_l_japanese.yml,RAJ_army_motorization_desc,インドは鉄道と馬匹を以て有効に防衛するには広すぎる。陸軍は自動車化師団と正規の自動車輸送隊を保有しなくてはならない。
english,replace/focus_l_japanese.yml,RAJ_assam_oil,アッサム石油
english,replace/focus_l_japanese.yml,RAJ_assam_oil_desc,アッサムはインドの石油生産の中心地である。とりわけディボイ精油所は。この資源利用を拡大して開発する必要がある。
english,replace/focus_l_japanese.yml,RAJ_battaglione_azad_hindoustan,自由インド大隊
english,replace/focus_l_japanese.yml,RAJ_battaglione_azad_hindoustan_desc,イタリアは、インド人捕虜からなる連隊である自由インド大隊を結成した。破壊活動、空挺効果、浸透戦術の訓練を受けた自由インド大隊は、国家の誇りのための大きな一歩となるだろう。
english,replace/focus_l_japanese.yml,RAJ_british_arms_investors,イギリスの武器投資家
english,replace/focus_l_japanese.yml,RAJ_british_arms_investors_desc,もし兵器工場を迅速に操業させたければ、イギリスの銀行に軍事インフラへの投資を求める必要があるだろう。
english,replace/focus_l_japanese.yml,RAJ_british_army_support,イギリス陸軍による支援
english,replace/focus_l_japanese.yml,RAJ_british_army_support_desc,イギリス陸軍は200年にわたる駐留によってインドを熟知している。彼らは住民と国土に精通しているし、またインド兵がその母国において戦うための訓練を支援することができるだろう。
english,replace/focus_l_japanese.yml,RAJ_british_pilot_training,イギリスによるパイロットの訓練
english,replace/focus_l_japanese.yml,RAJ_british_pilot_training_desc,イギリス空軍は訓練を引き受けるためにインド人パイロットを受け入れることに合意した。この教育は我らが航空隊の発展において大きな助けになるだろう。
english,replace/focus_l_japanese.yml,RAJ_british_rail_investors,イギリスの鉄道投資家
english,replace/focus_l_japanese.yml,RAJ_british_rail_investors_desc,インドの民間工場および交通インフラには、イギリスの資本家から注入される大量の現金が必要だ。
english,replace/focus_l_japanese.yml,RAJ_capital_ship_effort,主力艦への注力
english,replace/focus_l_japanese.yml,RAJ_capital_ship_effort_desc,英国の前哨基地として、インドは海を支配する主力艦の力を見せつけられてきた。我々は自らの重巡洋艦と戦艦を建造すべきだ。
english,replace/focus_l_japanese.yml,RAJ_chindits,チンディット
english,replace/focus_l_japanese.yml,RAJ_chindits_desc,インドは特殊部隊を必要としているため、アジアの密林において敵前線の背後で作戦行動をするための師団、チンディットを創設した。これは危険な作戦であり、高い犠牲率を有するが、戦争の努力には非常に役立つ可能性がある。
english,replace/focus_l_japanese.yml,RAJ_clamp_down_on_corruption,汚職の取り締まり
english,replace/focus_l_japanese.yml,RAJ_clamp_down_on_corruption_desc,インドの鉄道システムを拡張しようとする英国の産業界の努力にもかかわらず、この拡張の恩恵はほとんどないように思われる。輸送部門にはインド特有の汚職と二重取引という問題があり、我々はその問題について何かをする必要がある。
english,replace/focus_l_japanese.yml,RAJ_combined_arms_academy,諸兵科連合学校
english,replace/focus_l_japanese.yml,RAJ_combined_arms_academy_desc,ソビエト軍の訓練は、新しい諸兵科連合学校を通じてより効率的に行うことができる。陸海空の力を使った現代戦について最新の知見を得ることができる。
english,replace/focus_l_japanese.yml,RAJ_create_general_rani_tt,\n§Yスキル3の将軍§!、§Yラクシュミー・サーガル§!が登場する。
english,replace/focus_l_japanese.yml,RAJ_create_unit_gurkas_tt,デリーにおいてグルカ兵精鋭部隊を獲得する。
english,replace/focus_l_japanese.yml,RAJ_create_unit_rani_tt,デリーにおいて歩兵部隊を獲得する。
english,replace/focus_l_japanese.yml,RAJ_create_unit_red_eagles_tt,デリーにおいて精鋭歩兵師団を獲得する。\n
english,replace/focus_l_japanese.yml,RAJ_create_unit_sikh_tt,デリーにおいて歩兵部隊を獲得する。
english,replace/focus_l_japanese.yml,RAJ_cripps_mission,クリップス使節団
english,replace/focus_l_japanese.yml,RAJ_cripps_mission_desc,独立への民族主義者の熱狂を差し置いて、インドを連合国及びイギリス勢力側に忠実な国家として保つ必要がある。スタッフォード・クリップス卿は熟練した交渉者であり、民族主義団体の指導者たちに彼らの要求が将来的に対処されると納得させることができる。
english,replace/focus_l_japanese.yml,RAJ_cruiser_effort,巡洋艦への注力
english,replace/focus_l_japanese.yml,RAJ_cruiser_effort_desc,インドの海軍力の発展と拡大には、今はまだ巡洋艦で十分足りるであろう。
english,replace/focus_l_japanese.yml,RAJ_east_india_railways,東インド鉄道
english,replace/focus_l_japanese.yml,RAJ_east_india_railways_desc,政府が東インド鉄道をコントロールすることは、その拡大と改善のためのすべてを我々の閣僚の手で決定できるということだ。
english,replace/focus_l_japanese.yml,RAJ_expand_air_bases,航空基地の拡張
english,replace/focus_l_japanese.yml,RAJ_expand_air_bases_desc,インドは広大だ。従って、その領空を巡回し防護することは、亜大陸の各地に航空基地を増加させなければならないことを意味する。
english,replace/focus_l_japanese.yml,RAJ_expand_mazagon_dock,マザゴン・ドックの拡張
english,replace/focus_l_japanese.yml,RAJ_expand_mazagon_dock_desc,ムンバイのマザゴン・ドックは西海岸における最も重要な造船所である。この世界的な危機に際してはより大きな能力が必要になる。
english,replace/focus_l_japanese.yml,RAJ_fighter_effort,戦闘機への注力
english,replace/focus_l_japanese.yml,RAJ_fighter_effort_desc,爆撃機を護衛し、また我が国を脅かす敵航空機を迎撃する為に、戦闘機が必要である。
english,replace/focus_l_japanese.yml,RAJ_found_scindia_shipyard,シンディア造船所の設立
english,replace/focus_l_japanese.yml,RAJ_found_scindia_shipyard_desc,我が国には東海岸の造船所が必要だ。ヴィシャカパトナムでのシンディア造船所の建設は、我らが海軍の未来のために理にかなっている。
english,replace/focus_l_japanese.yml,RAJ_german_technology,[Root.GetGermanTechnologyName]
english,replace/focus_l_japanese.yml,RAJ_german_technology_desc,ドイツの科学者は世界一であり、最高の現代的工学技術を基準にその軍事機構は作られておるのだ。彼らはその技術進歩を我々と共有しようとしてくれている。
english,replace/focus_l_japanese.yml,RAJ_german_technology_german,ドイツの技術
english,replace/focus_l_japanese.yml,RAJ_german_technology_japan,日本の技術
english,replace/focus_l_japanese.yml,RAJ_great_indian_peninsula_railway,大インド半島鉄道
english,replace/focus_l_japanese.yml,RAJ_great_indian_peninsula_railway_desc,1925年の大インド半島鉄道の政府支配は、その拡大と改善が我々にも及ぶことを意味する。人口の増加には交通インフラの改善が必要だ。
english,replace/focus_l_japanese.yml,RAJ_imperial_service_troops,帝国に従軍する諸部隊
english,replace/focus_l_japanese.yml,RAJ_imperial_service_troops_desc,帝国に従軍する諸部隊は諸藩王が募兵し、その兵員数は数十万にも達する。困難な今の時代においても、陛下が諸王の忠誠を頼りとすることができることを知るのは素晴らしいことだ。
english,replace/focus_l_japanese.yml,RAJ_indian_armor,インド機甲部隊
english,replace/focus_l_japanese.yml,RAJ_indian_armor_desc,インドは独自の機甲師団の発達に注力しなくてはならない。
english,replace/focus_l_japanese.yml,RAJ_indian_defense_research,インド防衛研究
english,replace/focus_l_japanese.yml,RAJ_indian_defense_research_desc,今やインドは完全な主権国家であり、もはや以前のように先進的な試作型や設計図を受け取る立場ではない。我々は常に、敵より先進的であり、遅れを取らぬようにしなければならない。
english,replace/focus_l_japanese.yml,RAJ_indian_gentlemen_officers,インド人紳士の将校
english,replace/focus_l_japanese.yml,RAJ_indian_gentlemen_officers_desc,帝国の諸機関との緊密な協力を通して英国による統治に従事してきた紳士たちは軍隊指揮官の出来合いの補充源であり、忠実な者たちには新たなインド陸軍を率いてもらわねばならない。
english,replace/focus_l_japanese.yml,RAJ_indian_gurkhas,インドのグルカ兵
english,replace/focus_l_japanese.yml,RAJ_indian_gurkhas_desc,パンジャーブとネパール高地のグルカ兵は伝説的なまでの軍事能力がある。彼らは何年も忠実に藩王に仕えてきており、あらゆる種類の戦闘を得意としている。
english,replace/focus_l_japanese.yml,RAJ_indian_institute_of_science,インド理科大学院
english,replace/focus_l_japanese.yml,RAJ_indian_institute_of_science_desc,バンガロールのインド理科大学院キャンパスでは、インド国民の中でも最高で輝かしい頭脳が、我々の進歩をさらに押し進めることを可能にしている。
english,replace/focus_l_japanese.yml,RAJ_indian_national_army,インド国民軍
english,replace/focus_l_japanese.yml,RAJ_indian_national_army_desc,英国の支配下にある軍隊とは別のインド国軍が組織されている。我々は英国の影響を受けない地域でそれを作り上げ、連合国に対峙させ、人的資源をイギリス領インドから奪い取ることができる。
english,replace/focus_l_japanese.yml,RAJ_indian_national_army_effect,ファシストの支持者たちが自由を求めて内戦を開始する。その規模は党への支持と自治権の進行度による。
english,replace/focus_l_japanese.yml,RAJ_indian_national_army_support,[DEU.GetNameDefCap]が主張を支持する。
english,replace/focus_l_japanese.yml,RAJ_indian_national_congress,インド国民会議
english,replace/focus_l_japanese.yml,RAJ_indian_national_congress_desc,インド国民会議は、亜大陸にまたがる選挙において非常な成功を収めている。彼らは独立インドのための強い声であり、少なくとも帝国内において大きな自治団体の一つである。
english,replace/focus_l_japanese.yml,RAJ_indian_peoples_army,インド人民軍
english,replace/focus_l_japanese.yml,RAJ_indian_peoples_army_desc,我々は、共産主義から学んだ軍隊を組織し、共産主義者と同盟すべきである。
english,replace/focus_l_japanese.yml,RAJ_indian_peoples_army_effect,共産主義の支持者たちが自由を求めて内戦を開始する。その規模は党への支持と自治権の進行度による。
english,replace/focus_l_japanese.yml,RAJ_indian_peoples_army_support,[SOV.GetNameDef]が主張を支持する。
english,replace/focus_l_japanese.yml,RAJ_indian_sandhurst_tt,§Yスキル4の将軍§!、§Yコーデンデラ・マダッパ・カリアッパ§!が登場する。\n§Yスキル3の将軍§!、§Yコーデンデラ・スマイヤ・ティマイヤ§!が登場する。\n§Yスキル3の将軍§!、§Yジャヤント・ナス・チャウドゥリ§!が登場する。
english,replace/focus_l_japanese.yml,RAJ_indianisation_of_army,陸軍のインド化
english,replace/focus_l_japanese.yml,RAJ_indianisation_of_army_desc,総力戦においてインドを適切に保護するためには、インドの全人口が動員されなければならない。これは、インド国民をより広く徴募するだけでなく、インド人将校が指揮官として指揮命令系統に組み込まれることを意味する。
english,replace/focus_l_japanese.yml,RAJ_industrial_expansion,産業の拡大
english,replace/focus_l_japanese.yml,RAJ_industrial_expansion_desc,何億人もの人々が、インドを家とみなしている。この民衆が、巨大産業の基盤となってはならない理由などないだろう。
english,replace/focus_l_japanese.yml,RAJ_institute_of_fundamental_research,基礎研究所
english,replace/focus_l_japanese.yml,RAJ_institute_of_fundamental_research_desc,我が国をリードする科学者たちや産業界の幾人かは、物理学における最新の発見を優位に活用するために、新しい基礎研究所設立の擁護者となっている。
english,replace/focus_l_japanese.yml,RAJ_integrate_princely_railways,藩王国鉄道の統合
english,replace/focus_l_japanese.yml,RAJ_integrate_princely_railways_desc,インドの藩王の中には、自らの鉄道システムの資金を調達している者もいるが、今までは藩王国が建設した鉄道線との結合が不十分だった。インドの鉄道を結びつけるために何かが行われなければならない。
english,replace/focus_l_japanese.yml,RAJ_ishapore_arsenal,イシャポール造兵廠
english,replace/focus_l_japanese.yml,RAJ_ishapore_arsenal_desc,イシャポール造兵廠とライフル工場は18世紀以来操業し続けている。そこでは銃の設計における多くの革新を担っており、武器生産システムの中心的存在である。
english,replace/focus_l_japanese.yml,RAJ_japanese_army_air_force_academy,[Root.GetJAAFAName]
english,replace/focus_l_japanese.yml,RAJ_japanese_army_air_force_academy_desc,日本陸軍飛行学校はアジアにおいてヨーロッパによる支配と戦うことを希求する新兵を受け入れることを決定した。
english,replace/focus_l_japanese.yml,RAJ_japanese_army_air_force_academy_german,ドイツ空軍飛行訓練学校
english,replace/focus_l_japanese.yml,RAJ_japanese_army_air_force_academy_japan,日本陸軍飛行学校
english,replace/focus_l_japanese.yml,RAJ_jungle_training,密林訓練
english,replace/focus_l_japanese.yml,RAJ_jungle_training_desc,インド、ビルマ、インドシナは密林で覆われており、この危険な地形で効果的に兵士を活動させるために特別な訓練が推奨されている。
english,replace/focus_l_japanese.yml,RAJ_jungle_training_effect,§H密林訓練§!を有効化\n§H海兵隊\n    密林§!\n      攻撃: §G+5%§!\n      移動: §G+10%§!\n§H山岳兵\n    密林§!\n      攻撃: §G+5%§!\n      移動: §G+10%§!\n§H空挺兵\n    密林§!\n      攻撃: §G+5%§!\n      移動: §G+10%§!\n
english,replace/focus_l_japanese.yml,RAJ_lessons_of_the_great_war,先の大戦の教訓
english,replace/focus_l_japanese.yml,RAJ_lessons_of_the_great_war_desc,インド植民地軍の兵士たちは先の大戦に参加した。この戦争の教訓こそが、軍の訓練及び組織機構を支えるべきである。
english,replace/focus_l_japanese.yml,RAJ_lions_of_the_great_war,大戦の獅子
english,replace/focus_l_japanese.yml,RAJ_lions_of_the_great_war_desc,シーク教徒は強き軍の伝統を有し、先の大戦で大いに叙勲された。パンジャーブの獅子は自分達だけで強き軍隊を形成し、さらに当地域では更なる徴兵の準備が整っている。
english,replace/focus_l_japanese.yml,RAJ_modernizing_army,陸軍の近代化
english,replace/focus_l_japanese.yml,RAJ_modernizing_army_desc,あまりにも長期間、インド軍は植民地の前哨基地程度と見なされており、わずかな貢献とイギリス本国軍が利用する装備を提供するだけであった。インド帝国が保持する軍備を近代化する時が来た。
english,replace/focus_l_japanese.yml,RAJ_modernizing_navy,海軍の近代化
english,replace/focus_l_japanese.yml,RAJ_modernizing_navy_desc,より良い機関、より多くの乗組員居住空間、より速い速度とより大きな砲。インド海軍はすぐさま大陸最高峰に位置にするようになるだろう。
english,replace/focus_l_japanese.yml,RAJ_navy_funding,海軍の創設
english,replace/focus_l_japanese.yml,RAJ_navy_funding_desc,インド王立海軍はイギリスからより多く資金と資産を受け取る予定である。
english,replace/focus_l_japanese.yml,RAJ_navy_funding_effect,技術を開発済みであれば、§Y2隻の軽巡洋艦§!が海軍に加わる。\n
english,replace/focus_l_japanese.yml,RAJ_navy_funding_effect_mtg,同型の§Y2隻の軽巡洋艦§!が海軍に加わる。\n
english,replace/focus_l_japanese.yml,RAJ_orde_wingate_tt,§Yスキル4の将軍§!、§Yオード・ウィンゲート§!が登場する。\n
english,replace/focus_l_japanese.yml,RAJ_princely_state_donations,藩王国からの寄付
english,replace/focus_l_japanese.yml,RAJ_princely_state_donations_desc,インドの諸藩王国は長い間英国の下でインド陸軍の中核を為す兵士を提供し続けてきた。これらの土侯たちのさらなる寄付は彼らの帝国への支援を明瞭に示す。
english,replace/focus_l_japanese.yml,RAJ_provincial_elections,地方選挙
english,replace/focus_l_japanese.yml,RAJ_provincial_elections_desc,新しいインド法は地方選挙を義務づけ、インド民衆に責任を負う地方政府の設立を制定することとなる。これが英国の支配にどのような効果を与えるか注視しよう。
english,replace/focus_l_japanese.yml,RAJ_quit_india_movement,インドから去れ運動
english,replace/focus_l_japanese.yml,RAJ_quit_india_movement_desc,ガンジーのインド独立運動は、英国がインドから去るように求める要請で頂点に達した。大戦が終わる前に英国による統治が終結するとは考えられないが、この地は日に日に緊張を増している。
english,replace/focus_l_japanese.yml,RAJ_raf_funding,王立空軍の創設
english,replace/focus_l_japanese.yml,RAJ_raf_funding_desc,インド王立空軍はイギリスからより多く資金と資産を受け取る予定である。
english,replace/focus_l_japanese.yml,RAJ_rani_of_jhans,ジャーンシーのラニ
english,replace/focus_l_japanese.yml,RAJ_rani_of_jhans_desc,ジャーンシーのラニは1857年のインド革命の偉大な英雄であった。勇気と国家の誇りを体現する彼女の前例は、武器をとり自らの連隊を形成したいすべてのインド女性のモデルとなる。
english,replace/focus_l_japanese.yml,RAJ_rebuilding_the_nation,国家再建
english,replace/focus_l_japanese.yml,RAJ_rebuilding_the_nation_desc,インドの民衆が結集され、圧制者どもが駆逐されたことで、2世紀にわたる占領の損害を回復する時が来たのだ。
english,replace/focus_l_japanese.yml,RAJ_red_eagle_division,赤鷲師団
english,replace/focus_l_japanese.yml,RAJ_red_eagle_division_desc,赤鷲師団は海外で戦うために訓練され、過酷な状況における戦闘への備えが為されてるインドの最初の師団となるだろう。
english,replace/focus_l_japanese.yml,RAJ_research_city_excursions,研究都市遊学
english,replace/focus_l_japanese.yml,RAJ_research_city_excursions_desc,ソ連の研究都市は驚嘆すべきであり、インドの民衆はエネルギッシュで聡明な知性に満ちている。これらの都市に若手技術者を遊学させることは、国内の研究産業基盤を発展させるのに役立つだろう。
english,replace/focus_l_japanese.yml,RAJ_research_collaboration,共同研究
english,replace/focus_l_japanese.yml,RAJ_research_collaboration_desc,英国人は、親密な同盟国間で科学的進歩を共有することによる利益を教示してくれた。我が陣営の皆がそのために歩調を合わせることで、戦時研究開発をより効率的に行うことができるだろう。
english,replace/focus_l_japanese.yml,RAJ_revive_the_screw_guns,スクリュー・ガンの復活
english,replace/focus_l_japanese.yml,RAJ_revive_the_screw_guns_desc,インド北部の山岳地帯は、分解でき、必要な所ならどこにでもラバの背で運搬できる砲の開発をもたらした。この7ポンド砲は少し時代遅れかもしれないが、我々はその有用性を無視するべきでない。
english,replace/focus_l_japanese.yml,RAJ_revive_the_screw_guns_effect,§H山砲§!を有効化\n§H砲兵\n    山岳§!: 移動: §G+15%§!\n§H対戦車砲兵\n    山岳§!: 移動: §G+15%§!
english,replace/focus_l_japanese.yml,RAJ_royal_indian_air_force,王立インド空軍
english,replace/focus_l_japanese.yml,RAJ_royal_indian_air_force_desc,我々の小さな航空師団を独立した軍事部門へと拡大する時が来た。独立司令部を持つインド空軍はインド国民と帝国にさらに貢献するだろう。
english,replace/focus_l_japanese.yml,RAJ_royal_indian_artillery,王立インド砲兵
english,replace/focus_l_japanese.yml,RAJ_royal_indian_artillery_desc,王立インド砲兵は東インド会社が野戦砲とインド人の砲手を以て大隊を編成したとき以来から存在し続けている。我々はこの何十年もの経験を活用することができる。
english,replace/focus_l_japanese.yml,RAJ_royal_indian_navy,王立インド海軍
english,replace/focus_l_japanese.yml,RAJ_royal_indian_navy_desc,王立インド海軍は急速に拡大する必要がある。新戦術と新規艦船が優先されるべきだ。
english,replace/focus_l_japanese.yml,RAJ_screening_effort,直衛艦への注力
english,replace/focus_l_japanese.yml,RAJ_screening_effort_desc,インドは、スエズ運河への南ルートを守る上で重要な役割を果たしている。海上警備や護衛任務は、重要な物資や兵士がヨーロッパおよびアフリカ戦域にたどり着く助けになっている。
english,replace/focus_l_japanese.yml,RAJ_seek_help_from_germany,ドイツに助けを乞う
english,replace/focus_l_japanese.yml,RAJ_seek_help_from_germany_desc,ドイツは英国がそうしたようにインドを害したことは一度もなく、ライヒは英国に対する最も現実的な対抗勢力である。我々は枢軸国にもっと接近すべきだろう。
english,replace/focus_l_japanese.yml,RAJ_seek_help_from_germany_promised,ドイツが彼らに援助を約束。
english,replace/focus_l_japanese.yml,RAJ_seek_help_from_soviet,ソビエトに助けを乞う
english,replace/focus_l_japanese.yml,RAJ_seek_help_from_soviet_desc,ソビエト連邦は、大英帝国との自然平衡状態を保っている。彼らは自らが革命機関であり、革命をインドに輸出するよう支援すべきだと主張している。
english,replace/focus_l_japanese.yml,RAJ_seek_help_from_soviet_promised,ソビエト連邦が彼らに援助を約束
english,replace/focus_l_japanese.yml,RAJ_strengthen_ties_with_british_investors,イギリス投資家との関係強化
english,replace/focus_l_japanese.yml,RAJ_strengthen_ties_with_british_investors_desc,工場と資源生産の拡大は、依然としてイギリスの資本に大きく依存している。インド自身の銀行業界が活発になるまでは、ロンドンにひざまずき援助を乞い続ける必要がある。
english,replace/focus_l_japanese.yml,RAJ_submarine_effort,潜水艦への注力
english,replace/focus_l_japanese.yml,RAJ_submarine_effort_desc,アジアにおける日本の海軍力の向上に対しては、潜水艦の開発に力を注ぎ、海中からの一撃を加えるのも一つの方法であろう。
english,replace/focus_l_japanese.yml,RAJ_swaraj,スワラージ
english,replace/focus_l_japanese.yml,RAJ_swaraj_desc,ガンジーの概念「自己の支配」すなわちスワラージはインド全体で人気を博している。それは英国の法令と習慣からの完全な遮断を提唱しており、スワラージ派集団はインドの学校で関心を喚起している。
english,replace/focus_l_japanese.yml,RAJ_tata_steel,タタ鋼鉄
english,replace/focus_l_japanese.yml,RAJ_tata_steel_desc,タタ鋼鉄は、帝国最大の鉄鋼メーカーになるための道を歩んでいる。より一層の増産は、インドの近代化を大いにたきつけることとなるだろう。
english,replace/focus_l_japanese.yml,RAJ_the_bangalore_torpedo,バンガロール爆薬筒
english,replace/focus_l_japanese.yml,RAJ_the_bangalore_torpedo_desc,戦術への英領インドの最大の貢献の一つはバンガロール爆薬筒であり、それは工兵が攻撃を受けている間、障害物を破壊する使用ことがでる連結されたパイプである。この兵器は世界中で大きな人気を得ている。
english,replace/focus_l_japanese.yml,RAJ_the_smiling_buddha,微笑むブッダ
english,replace/focus_l_japanese.yml,RAJ_the_smiling_buddha_desc,科学者たちは原子力エネルギーの秘密を解き明かしつつあり、これは非常に強力な爆薬の創造につながるだろう。我々は、原子力兵器の探求に遅れをとることはできない。
english,replace/focus_l_japanese.yml,RAJ_two_nation_theory,二民族論
english,replace/focus_l_japanese.yml,RAJ_two_nation_theory_desc,インドは長い間単一の領土であったが、インドをヒンドゥー教徒とイスラム教徒の2つの国と見なすのは理にかなっている。国家の分割は唯一の答えではないかもしれないが、インド独立にとってのいかなる取引も、この亜大陸の二面性に直面しなければならない。
english,replace/focus_l_japanese.yml,RAJ_two_nation_theory_effect,インドが自由を得ると、同時にパキスタンは解放されるだろう。
english,replace/focus_l_japanese.yml,RAJ_vickers_berthier_gun,ヴィッカーズ・ベルチェー銃
english,replace/focus_l_japanese.yml,RAJ_vickers_berthier_gun_desc,ヴィッカーズ・ベルチェー銃は少し扱いにくいが急速に生産するのが容易である点が長所である。インドのような国家にとっては、この銃の特徴は非常に重要である。
english,replace/focus_l_japanese.yml,SAF_PRM_ji_jia_bu_dui_henozhu_li_,機甲部隊への注力
english,replace/focus_l_japanese.yml,SAF_PRM_ji_jia_bu_dui_henozhu_li__desc,戦車は先の戦争ののろまな獣から長い道のりを歩んできた。我々の研究と訓練は、敵やもちろん友好国に比べてさえも劣っていない。
english,replace/focus_l_japanese.yml,SAF_Union_of_the_African_People,アフリカ人の団結
english,replace/focus_l_japanese.yml,SAF_Union_of_the_African_People_desc,とても長い間、アフリカの人々は自らの運命を決めるにあたって何の発言力も持っていなかった。その日々は終わった。報復主義者の大国列強たちが我々の成果を取り返そうとするあらゆる試みにも耐えうる強固な党派を創造する。アフリカは植民地主義から解放されるだろう。
english,replace/focus_l_japanese.yml,SAF__south_african_military_college,南アフリカ士官学校
english,replace/focus_l_japanese.yml,SAF__south_african_military_college_desc,南アフリカはアメリカのウェストポイント陸軍士官学校をモデルとした軍事アカデミーを開設すべきだ。これにより我ら連合に忠実な将校団を養成できるだろう。
english,replace/focus_l_japanese.yml,SAF_a_king_for_our_people,我らに王を
english,replace/focus_l_japanese.yml,SAF_a_king_for_our_people_desc,南アフリカには王がいなければならない。そして幸運なことに現在王位を離れているウィンザー公がいる。元エドワード8世、ウィンザー公が我々の王座に座ることができる。
english,replace/focus_l_japanese.yml,SAF_a_king_for_our_people_trigger_tt,エドワード王は追放された。
english,replace/focus_l_japanese.yml,SAF_abandon_westminster,ウェストミンスター制の放棄
english,replace/focus_l_japanese.yml,SAF_abandon_westminster_desc,喜望峰ルートがスエズ運河に置き換えられたことは、ボーア戦争の経験で形成されたことはもちろんだが、他の自治領諸国とは異なる南アフリカのアイデンティティーを創造することに役立った。我々は国王と距離を置いて、自らの道を築くべきだろう。
english,replace/focus_l_japanese.yml,SAF_anti_colonialist_crusade,反植民地主義十字軍
english,replace/focus_l_japanese.yml,SAF_anti_colonialist_crusade_desc,植民地主義は世界の労働者を圧迫する帝国主義体制の中心にある。我々はその体制を打ち砕き、何世紀にもわたって搾取に耐えねばならなかったアフリカの人々を、自由にさせることのできる唯一の地位にいる。
english,replace/focus_l_japanese.yml,SAF_anti_submarine_tactics,対潜戦術
english,replace/focus_l_japanese.yml,SAF_anti_submarine_tactics_desc,潜水艦が喜望峰を航行する艦船の脅威となっている。それを見つけ出し、撃滅せねばならない。
english,replace/focus_l_japanese.yml,SAF_armament_effort,武装化への注力
english,replace/focus_l_japanese.yml,SAF_armament_effort_desc,南アフリカは、どんな外国の侵攻からも安全ではあるが、他の連合国から離れてもいる。我が国を無防備な状態に置かないためには、軍事産業を発展させることが不可欠だ。
english,replace/focus_l_japanese.yml,SAF_burn_the_kings_portraits,王の肖像画を焼却
english,replace/focus_l_japanese.yml,SAF_burn_the_kings_portraits_desc,王族をぶっつぶせ!この象徴的な行為は、外国王室との絶交を公然と宣言する。
english,replace/focus_l_japanese.yml,SAF_cape_garrison_artillery,ケープ守備砲兵隊
english,replace/focus_l_japanese.yml,SAF_cape_garrison_artillery_desc,喜望峰は、多くの国にとって重要な海上ルートであり、南アフリカの中核地域への玄関口である。沿岸防衛守備隊及び砲兵の拡張は、我々のTO-DOリストの一番上になければならない。
english,replace/focus_l_japanese.yml,SAF_celebrate_the_great_trek,グレート・トレックを祝賀
english,replace/focus_l_japanese.yml,SAF_celebrate_the_great_trek_desc,一世紀ほど前、我々のアフリカの先祖たちは、イギリスの植民地支配から逃れ、北東に独自のボーア国家を建設した。彼らの頑強な精神は、依然として南アフリカの最高の美徳を象徴している。
english,replace/focus_l_japanese.yml,SAF_civil_war_tt,南西アフリカの§Yファシストの国民党§!と、その他の地域の§Y民主主義者の統一党§!との間で§R内戦が勃発§!する。
english,replace/focus_l_japanese.yml,SAF_commemorate_the_battle_of_blood_river,血の川の戦いを祝す
english,replace/focus_l_japanese.yml,SAF_commemorate_the_battle_of_blood_river_desc,1838年、ボーアの開拓者は数千人のズールー族の戦士を避け、さらにナタールのズールー族勢力には激しい打撃を与えた。まさしくこれは我々が正義であるという神のお告げである。
english,replace/focus_l_japanese.yml,SAF_commit_to_the_five_year_plan,五ヵ年計画への傾注
english,replace/focus_l_japanese.yml,SAF_commit_to_the_five_year_plan_desc,南アフリカ空軍の近代化と拡大のための5カ年計画を策定した。政府は公にこのスケジュールを守ることを約束しなければならない。
english,replace/focus_l_japanese.yml,SAF_csir,科学産業研究評議会
english,replace/focus_l_japanese.yml,SAF_csir_desc,南アフリカは科学技術分野において他の連邦諸国に遅れをとっているため、プレトリアにおける科学産業研究評議会の設立は政府にとって喫緊の課題となっている。
english,replace/focus_l_japanese.yml,SAF_defense_collaboration_initiative,共同防衛構想
english,replace/focus_l_japanese.yml,SAF_defense_collaboration_initiative_desc,イギリスは我らに緊密な同盟国同士の研究協力の有用性を示してくれた。陣営全体で協力体制を築けば、戦時の研究開発をより効率的にできるだろう。
english,replace/focus_l_japanese.yml,SAF_demand_madagascar,マダガスカルを要求
english,replace/focus_l_japanese.yml,SAF_demand_madagascar_desc,ヨーロッパにおける状況の劇的な変化に伴い、植民地主義体系全体を再評価する時が来た。なぜマダガスカルは衰退する帝国に縛られるべきなのか？
english,replace/focus_l_japanese.yml,SAF_desert_air_force,砂漠空軍
english,replace/focus_l_japanese.yml,SAF_desert_air_force_desc,砂漠の空は晴れ渡っており、その暑熱と砂は航空機整備に特別な注意を要することを意味する。この容赦ない環境で学ぶべき貴重な技能がある。
english,replace/focus_l_japanese.yml,SAF_desert_equipment,砂漠装備
english,replace/focus_l_japanese.yml,SAF_desert_equipment_desc,北アフリカでの戦争には特別な装備が必要である。我々の軍隊がその前線に従事する可能性があるのだから、装備を準備し供給することは兵站上の重要な課題になるだろう。
english,replace/focus_l_japanese.yml,SAF_disrupt_the_trade,貿易を混乱
english,replace/focus_l_japanese.yml,SAF_disrupt_the_trade_desc,先の大戦では、護送船団と護衛艦の重要性が示された。南アフリカは主要な貿易航路上にあり、敵船団を迎撃して通商破壊をおこなうのに理想的な位置にある。
english,replace/focus_l_japanese.yml,SAF_emergency_workers,非常時の労働者
english,replace/focus_l_japanese.yml,SAF_emergency_workers_desc,戦争のために南アフリカの人口の多くを動員する時が来た。女性を工場に連れて来ることができるだろう。おまけに低コストで。
english,replace/focus_l_japanese.yml,SAF_empower_the_workers,労働者の権利を拡大
english,replace/focus_l_japanese.yml,SAF_empower_the_workers_desc,我が国は鉱夫と農民の国だ。南アフリカの労働者は唯一真実の国家意志を体現している。
english,replace/focus_l_japanese.yml,SAF_encourage_segregation,人種的分離を奨励
english,replace/focus_l_japanese.yml,SAF_encourage_segregation_desc,支配階級の権力と団結を促進するために、異なる民族集団を法的に分離することをより強く勧めなければならない。
english,replace/focus_l_japanese.yml,SAF_equal_opportunity_employment,機会均等雇用
english,replace/focus_l_japanese.yml,SAF_equal_opportunity_employment_desc,我が国で多くの労働者を進歩させるには、肌の色にかかわらず、すべての労働者が平等に扱われるようにしなければならない。
english,replace/focus_l_japanese.yml,SAF_equipment_effort,装備への注力
english,replace/focus_l_japanese.yml,SAF_equipment_effort_desc,軍隊に必要な支援装備の供給を軽んじてはならない。銃や戦車も有用だが、軍服、無線、修理用具なども必要だ。
english,replace/focus_l_japanese.yml,SAF_establish_the_atomics_energy_board,原子力エネルギー委員会を設置
english,replace/focus_l_japanese.yml,SAF_establish_the_atomics_energy_board_desc,核兵器は黒色火薬以来、最大の革新的軍事技術となるだろう。我々が原子を制御下に置いた暁には、この力を平和的に利用することは言うまでもない。最高の科学者を結集しこれを研究するのだ。
english,replace/focus_l_japanese.yml,SAF_expand_the_cape_corps,ケープ軍団の拡張
english,replace/focus_l_japanese.yml,SAF_expand_the_cape_corps_desc,ケープ軍団は主に非戦闘部隊として再構成されたものであるが、侵略の脅威はこの部隊により多くの資源、訓練、武器の利用方法などを与えなくてはいけないということを意味している。
english,replace/focus_l_japanese.yml,SAF_expand_the_mining_industry,鉱業の拡大
english,replace/focus_l_japanese.yml,SAF_expand_the_mining_industry_desc,南アフリカの鉱物資源は伝説的なものであり、我々は膨大な埋蔵品である金、クロム、プラチナをようやく掘り起こし始めたところだ。
english,replace/focus_l_japanese.yml,SAF_expand_the_rand_mines,ランド鉱山の拡張
english,replace/focus_l_japanese.yml,SAF_expand_the_rand_mines_desc,ランド鉱山は、世界で最も深厚な金鉱山の一部であり、19世紀の技術でさえもそう判断された。いまやより多くの掘削が可能だ。深く!そして貪欲に掘りすすめよ!
english,replace/focus_l_japanese.yml,SAF_expand_the_simons_town_base,サイモンズタウン基地の拡張
english,replace/focus_l_japanese.yml,SAF_expand_the_simons_town_base_desc,ケープ半島のサイモンズタウンは、1790年代から南アフリカの最も重要な海軍基地であった。より大型の艦船をさらに多く収容できるように、改修、拡張する必要がある。
english,replace/focus_l_japanese.yml,SAF_expand_the_south_african_artillery,南アフリカ砲兵隊の拡大
english,replace/focus_l_japanese.yml,SAF_expand_the_south_african_artillery_desc,砲兵隊は1934年に一元化された。今こそこれを拡充するときだ。
english,replace/focus_l_japanese.yml,SAF_fund_the_university_of_south_africa,南アフリカ大学の設立
english,replace/focus_l_japanese.yml,SAF_fund_the_university_of_south_africa_desc,南アフリカのプレトリア大学は大陸一、いや南半球一の大学である。これに投資すれば、海外の大学に送らずとも、国内の才能ある若者たちを育て上げることができるだろう。
english,replace/focus_l_japanese.yml,SAF_german_research_tt,ドイツとの技術共有協定を締結するだろう。
english,replace/focus_l_japanese.yml,SAF_german_scientists,ドイツの科学者
english,replace/focus_l_japanese.yml,SAF_german_scientists_desc,ドイツの科学者は世界一であり、我々と共有する多くのものを持っている。
english,replace/focus_l_japanese.yml,SAF_heavy_engineering,重工学
english,replace/focus_l_japanese.yml,SAF_heavy_engineering_desc,南アフリカの工学技術を常に最新の状態に保つことが重要だ。我々の産業基盤は小さくても、急いで諸国に追いつくために重機械工業と工学技術に投資すべきだ。
english,replace/focus_l_japanese.yml,SAF_improve_the_hawker_hartbees,ホーカー ハートを改良
english,replace/focus_l_japanese.yml,SAF_improve_the_hawker_hartbees_desc,我々が保有するホーカー ハートは世界で最も高度な戦闘機ではないが、これを当座の戦力として用い続ける。改善された空力と訓練により、これらの複葉機を最大限に活用する。
english,replace/focus_l_japanese.yml,SAF_improve_the_three_oh_three,.303口径弾使用銃の改良
english,replace/focus_l_japanese.yml,SAF_improve_the_three_oh_three_desc,南アフリカ陸軍は様々な土地で戦い、幸運にもリー・エンフィールドライフルは改造が容易だ。.303口径カートリッジは他の国々でも用途に合わせた改良が行われてきたのだ。
english,replace/focus_l_japanese.yml,SAF_infrastructure_effort,インフラへの注力
english,replace/focus_l_japanese.yml,SAF_infrastructure_effort_desc,南アフリカの多くは未だに田舎で未開発のままだ。より多くの道路や鉄道があれば、飢えた港町にその国の自然の豊かさをもたらすことができるだろう。
english,replace/focus_l_japanese.yml,SAF_invite_soviet_advisers,ソビエトの顧問を招待
english,replace/focus_l_japanese.yml,SAF_invite_soviet_advisers_desc,世界の労働者に自由をもたらすための闘争を行っている[SOV.GetNameDef]を支援するのなら、彼らから学び軍隊を改善する必要がある。
english,replace/focus_l_japanese.yml,SAF_join_comintern,コミンテルンに加盟
english,replace/focus_l_japanese.yml,SAF_join_comintern_desc,ソ連は、労働者のための反ファシズム十字軍の最前線に位置している。彼らの強力な同盟に加わるのだ。
english,replace/focus_l_japanese.yml,SAF_joint_air_training_scheme,協同航空訓練計画
english,replace/focus_l_japanese.yml,SAF_joint_air_training_scheme_desc,英連邦諸国はパイロットや搭乗員の訓練を促進し、加速するために資源と経験を蓄積している。
english,replace/focus_l_japanese.yml,SAF_liberate_belgian,ベルギー植民地の解放
english,replace/focus_l_japanese.yml,SAF_liberate_belgian_desc,ベルギー領コンゴは搾取と抑圧の最も残酷な物語の1つとして広く認識されている。この物語の最終章は我々が書く。
english,replace/focus_l_japanese.yml,SAF_liberate_british,イギリス植民地の解放
english,replace/focus_l_japanese.yml,SAF_liberate_british_desc,大英帝国は歴史上の植民地主義で最も悪名高い例だ。我々はそれを終わらせるのだ。
english,replace/focus_l_japanese.yml,SAF_liberate_portugese,ポルトガル植民地の解放
english,replace/focus_l_japanese.yml,SAF_liberate_portugese_desc,アンゴラ植民地とモザンビーク植民地が国境に居座っている。彼の人々の搾取を終わらせる時だ。
english,replace/focus_l_japanese.yml,SAF_mechanization_effort,機械化への注力
english,replace/focus_l_japanese.yml,SAF_mechanization_effort_desc,自動車化、機械化された戦争はすぐそこにやってきている。未来のグレート・トレックは装軌化、装輪化された車両によって先導される。
english,replace/focus_l_japanese.yml,SAF_native_laws_amendment_act,原住民関連法改正法
english,replace/focus_l_japanese.yml,SAF_native_laws_amendment_act_desc,アフリカーナー人の仕事をより確保するためには、南アフリカ黒人の都市内の定住を制限しなければならない。その町での長い歴史を持つ者だけが居住権を持っているのだ。
english,replace/focus_l_japanese.yml,SAF_outlaw_strikes,ストライキの非合法化
english,replace/focus_l_japanese.yml,SAF_outlaw_strikes_desc,国家に危機が迫っているのに、労働を中断するなどは、非愛国的な非国民である。ストライキは違法と宣告され、政府は強制的に人々をその職場へ戻すだろう。
english,replace/focus_l_japanese.yml,SAF_perfect_the_cab_rank_technique,完璧な「カブ・ランク」技術
english,replace/focus_l_japanese.yml,SAF_perfect_the_cab_rank_technique_desc,「カブ・ランク」技術は、一つのターゲットに対し一連の爆撃機が続いて長い列で攻撃する。これにより敵への圧力を掛け続けることができるが、同時に高度な技術を必要とする。
english,replace/focus_l_japanese.yml,SAF_police_windhoek,ウィントフック警察
english,replace/focus_l_japanese.yml,SAF_police_windhoek_desc,先の大戦が終わってから、我々はかつてドイツの植民地であった南西アフリカの統治権を得た。我々の使命に従って、最大の都市であるウィントフックの治安の確保と発展を促進することこそが重要である。
english,replace/focus_l_japanese.yml,SAF_prepare_overseas_offensive,海外攻勢の準備
english,replace/focus_l_japanese.yml,SAF_prepare_overseas_offensive_desc,長い海岸線のため、南アフリカは強襲揚陸戦の訓練にうってつけである。これは最も難しい戦い方の一つだが、兵隊たちはうまくやってくれるだろう。
english,replace/focus_l_japanese.yml,SAF_pretoria_arms,プレトリア兵器装備
english,replace/focus_l_japanese.yml,SAF_pretoria_arms_desc,プレトリアの既存の製鉄所では、鋼製厚板の製造に焦点を当てていた。しかし、いくつかの工作機械を使えば、工場の一部を小火器生産の中心地に転換することができそうだ。
english,replace/focus_l_japanese.yml,SAF_protect_the_trade,貿易の保護
english,replace/focus_l_japanese.yml,SAF_protect_the_trade_desc,先の大戦では、護送船団と護衛艦の重要性が示された。南アフリカは主要な貿易航路上にあり、船団が目的地まで確実にたどり着けるようにしなければならない。
english,replace/focus_l_japanese.yml,SAF_q_services_corps,Q任務軍団
english,replace/focus_l_japanese.yml,SAF_q_services_corps_desc,Q任務軍団は中央集権的で即応性の高い、陸軍と密な関係にある兵站供給のための軍団だ。彼らは燃料、糧食、弾薬と軍服をの供給取り扱う。
english,replace/focus_l_japanese.yml,SAF_reclaim_boer_colonies,ボーア植民地の回収
english,replace/focus_l_japanese.yml,SAF_reclaim_boer_colonies_desc,トランスヴァールやその他の地域に渡る旧ボーア領の真の帰属先は、冒険者たちの自由な継承者たちにある。
english,replace/focus_l_japanese.yml,SAF_reconstitute_the_cape_corps,ケープ軍団の再編成
english,replace/focus_l_japanese.yml,SAF_reconstitute_the_cape_corps_desc,歴史をひもとけば、我々は南アフリカを守るためいくつかの有色人種に軍役を押し付けることができた。これは我が国の全ての人種に歓迎されるわけではないが、白人系南アフリカ人に海外で従軍する自由を与えるだろう。
english,replace/focus_l_japanese.yml,SAF_repeal_the_native_representation_act,原住民代表法を廃止
english,replace/focus_l_japanese.yml,SAF_repeal_the_native_representation_act_desc,人種差別は、南アフリカの大衆革命の価値観に反する。黒人を一般投票名簿に戻し、政治的権利を与えなければならない。
english,replace/focus_l_japanese.yml,SAF_replace_the_blenheim,ブレニムの更新
english,replace/focus_l_japanese.yml,SAF_replace_the_blenheim_desc,ブリストル・ブレニムは、英空軍と連邦諸国のための戦術爆撃機であった。しかし、より航続距離が長く、より頑丈な爆撃機を見つける時が来たようだ。
english,replace/focus_l_japanese.yml,SAF_retain_experienced_pilots,経験豊富なパイロットの保持
english,replace/focus_l_japanese.yml,SAF_retain_experienced_pilots_desc,我らが経験豊富なパイロットたちは、南アフリカ空軍に所属し続けることなく、頻繁に英空軍へ転籍してしまう。確かに英空軍はより多くの戦闘機会と先進性を持っている。しかし、訓練されたパイロットたちが他の南アフリカ人を鼓舞し、教育できるように母国軍に所属させ続ける努力をすべきだろう。
english,replace/focus_l_japanese.yml,SAF_sa_engineer_corps,南アフリカ工兵軍団
english,replace/focus_l_japanese.yml,SAF_sa_engineer_corps_desc,南アフリカ工兵軍団は定数600人に過ぎない。これは近代軍隊に適合しない数である。もっと多くの人間にこの極めて重要な任務に就けるよう訓練を施さなければならない。
english,replace/focus_l_japanese.yml,SAF_seaward_defence_force,海上防衛隊
english,replace/focus_l_japanese.yml,SAF_seaward_defence_force_desc,海上防衛隊は20年にわたって我々の海軍として勤めを果たしてくれた。防衛隊の予算を増やすべきだ。
english,replace/focus_l_japanese.yml,SAF_secure_interests_in_africa,アフリカにおける権益確保
english,replace/focus_l_japanese.yml,SAF_secure_interests_in_africa_desc,南アフリカ連邦は我々に管理を任されたいくつかのイギリス植民地に隣接している。南西アフリカ地域での委任統治領を永久に確保するためにできることをすべきだろう。
english,replace/focus_l_japanese.yml,SAF_secure_the_cape_sea_route,ケープ海航路の確保
english,replace/focus_l_japanese.yml,SAF_secure_the_cape_sea_route_desc,スエズが陥落した場合は、喜望峰は再び東洋への玄関口となる。どれほど費用をかけようと守りぬくのだ。
english,replace/focus_l_japanese.yml,SAF_south_africa_first,南アフリカ至上主義
english,replace/focus_l_japanese.yml,SAF_south_africa_first_desc,南アフリカは大陸で最も強力な独立国家であり、アフリカの未来と旧植民地のための象徴となりうる。
english,replace/focus_l_japanese.yml,SAF_south_african_railways,南アフリカ鉄道
english,replace/focus_l_japanese.yml,SAF_south_african_railways_desc,南アフリカ鉄道を拡大する必要がある。若者たちの一団はそこで訓練された結果、国内で働くスキルだけでなく海外勤務のために必要なスキルをも与えられている。
english,replace/focus_l_japanese.yml,SAF_south_african_soviet_research_treaty,ソ連との研究協定
english,replace/focus_l_japanese.yml,SAF_south_african_soviet_research_treaty_desc,ソ連の友人たちから多くの貴重な教訓を学んだ後、関係を深め正式な条約に調印する時が来た。
english,replace/focus_l_japanese.yml,SAF_south_african_special_forces,南アフリカ特殊部隊
english,replace/focus_l_japanese.yml,SAF_south_african_special_forces_desc,到達困難な場所で任務を遂行するため、南アフリカ育ちのコマンドー分隊を育成する必要がある。
english,replace/focus_l_japanese.yml,SAF_south_african_steel,南アフリカ製鉄
english,replace/focus_l_japanese.yml,SAF_south_african_steel_desc,我々は石炭も鉄鉱石も持っている。そして今の我々にはそれを必要とする理由もある。プレトリアのイスカー製鉄所の拡張は現代兵器に必要な重鋼製メッキを国家に提供するだろう。
english,replace/focus_l_japanese.yml,SAF_special_service_battalion,特務大隊
english,replace/focus_l_japanese.yml,SAF_special_service_battalion_desc,南アフリカには、職に就いておらず、人の役に立つ何かを見つける必要のある若者で溢れている。特務大隊は彼らに不可欠な規律と統制を注入するだろう。
english,replace/focus_l_japanese.yml,SAF_strengthen_the_cape_garrison_artillery,ケープ駐屯砲兵隊を強化
english,replace/focus_l_japanese.yml,SAF_strengthen_the_cape_garrison_artillery_desc,ケープ駐屯砲兵隊はケープを敵の攻撃から守るべく改善され、強化されなければならない。
english,replace/focus_l_japanese.yml,SAF_submarine_warfare,潜水艦戦
english,replace/focus_l_japanese.yml,SAF_submarine_warfare_desc,敵輸送船は喜望峰を通過する航路の航行を続けている。我々は水面下からそれを攻撃する。
english,replace/focus_l_japanese.yml,SAF_support_axis_interests,枢軸国の権益を支援
english,replace/focus_l_japanese.yml,SAF_support_axis_interests_desc,枢軸国は、南アフリカが世界にその地位を確立するのを助ける力とイデオロギーを持っている。彼らを外交的に完全に支援すべきだ。
english,replace/focus_l_japanese.yml,SAF_support_axis_interests_effect_tt,アフリカ中部及び南部の占領された州に§Yインフラ§!を建設し、§Y建築スロット§!を追加する。\n
english,replace/focus_l_japanese.yml,SAF_support_nazification_of_south_west_africa,南西アフリカのナチ化を支援
english,replace/focus_l_japanese.yml,SAF_support_nazification_of_south_west_africa_desc,旧ドイツ植民地として、南西アフリカにおけるドイツの政治思想の成長を奨励することが唯一適切なことだ。
english,replace/focus_l_japanese.yml,SAF_support_ossewabrandwag,牛車の番人を支援
english,replace/focus_l_japanese.yml,SAF_support_ossewabrandwag_desc,ファシスト団体牛車の番人の準軍事組織は、外国からの扇動への防波堤として、あるいは支配階級を対象とする国内反乱への防護壁として使われるべきである。
english,replace/focus_l_japanese.yml,SAF_support_spain,スペインを支援
english,replace/focus_l_japanese.yml,SAF_support_spain_desc,ファシズムはヨーロッパで日の出の勢いだが、我々はスペインにおいては、それを押しとどめるか少なくともその普及を遅らせることができる。共和派の正当性を支援するために人員と材料を送るべきである。
english,replace/focus_l_japanese.yml,SAF_support_the_afrikaner_broederbond,アフリカーナー兄弟同盟を支援
english,replace/focus_l_japanese.yml,SAF_support_the_afrikaner_broederbond_desc,アフリカーナー兄弟同盟は、アフリカーナーの発言権を高め、また人種間の分離独立を強化するために扇動を続けてきた。ボーア戦争におけるイギリスの政策の記憶は依然として強く、兄弟同盟は新たな南アフリカを創り出すのに役に立つ。
english,replace/focus_l_japanese.yml,SAF_support_the_german_coup,ドイツによるクーデターを支援
english,replace/focus_l_japanese.yml,SAF_support_the_german_coup_desc,19世紀にまで遡れば、ドイツ政府は長きに渡り南アフリカを大きな影響力のある肥沃な土地と見なしてきた。我々の未来は、大英帝国ではなくライヒにある。現政権を打ち倒す計画を進めよう。
english,replace/focus_l_japanese.yml,SAF_support_the_policy_of_appeasement,宥和政策を支持
english,replace/focus_l_japanese.yml,SAF_support_the_policy_of_appeasement_desc,先の大戦の結果、ドイツは正当な不平不満を持っていて、連邦諸国は大きく苦しんでいた。我々の時代では、平和の機会をすべて利用するべきだ。
english,replace/focus_l_japanese.yml,SAF_support_the_world_revolution,世界革命を支援
english,replace/focus_l_japanese.yml,SAF_support_the_world_revolution_desc,地球全体を一つの努力で団結させることこそ、労働者が勝利するための唯一の方法だ。革命は普遍的でなければならず、したがって、それは輸出されなければならない。
english,replace/focus_l_japanese.yml,SAF_suppress_the_stormjaers,ストルムヤエルスを鎮圧
english,replace/focus_l_japanese.yml,SAF_suppress_the_stormjaers_desc,親ドイツのファシスト団体オッセヴァーブランドヴァグは、ヨーロッパの同様のグループをモデルにした準軍事的組織を持っている。彼らは、兵士を募集するための政府の努力と安全で統一された戦争政策の追求を妨害している。ストルムヤエルスは粉砕されねばならない。
english,replace/focus_l_japanese.yml,SAF_the_cape_defense_institute,ケープ防衛研究所
english,replace/focus_l_japanese.yml,SAF_the_cape_defense_institute_desc,今や南アフリカは完全な主権国家であり、もはや以前のように先進的な試作型や設計図を受け取る立場ではない。我々は常に、敵より先進的であり、遅れを取らぬようにしなければならない。
english,replace/focus_l_japanese.yml,SAF_voortrekker_monument,フォールトレッカー記念碑
english,replace/focus_l_japanese.yml,SAF_voortrekker_monument_desc,グレート・トレックに参加したフォールトレッカー達の記念碑は、この厄介な時代に国民の精神と結束を強めるだろう。
english,replace/focus_l_japanese.yml,SAF_war_measures_act,戦時措置法
english,replace/focus_l_japanese.yml,SAF_war_measures_act_desc,戦争への努力にいささかの混乱が起きることも許されないため、我々は政府のねらいを全国民に遵守させるよう新しい法律を制定している。これにより、資源の流動を保護し、必要とするところに政治的エネルギーを集中させることができるだろう。
english,replace/focus_l_japanese.yml,SAF_work_for_all_poor,すべての貧者への仕事
english,replace/focus_l_japanese.yml,SAF_work_for_all_poor_desc,貧しい農村部のアフリカーナーは、過去数年の恐慌のために仕事を求めて都市に溢れているが、我々は彼らを助けることはほとんどなかった。ただし、今までは。工業化と政府による雇用の保護は、この人々の助けになるだろう。
english,replace/focus_l_japanese.yml,SOV_annex_tannu_tuva,タンヌ・トゥヴァを併合
english,replace/focus_l_japanese.yml,SOV_annex_tannu_tuva_desc,経済的にはほとんど重要ではないものの、政治的理由から我々はタンヌ・トゥヴァ人民共和国を自治州としてソビエト連邦に併合すべきである。
english,replace/focus_l_japanese.yml,SOV_anti_capitalist_diplomacy,反資本主義外交
english,replace/focus_l_japanese.yml,SOV_anti_capitalist_diplomacy_desc,世界革命に対する最大の障害が、アメリカの肥え太った銀行家どもやイギリスの冷酷なる植民地主義的圧制者であることは疑いようもない。我々の目的は常に、奴らの欲深き手をはたき落とし、奴らの自由主義的プロパガンダを弱体化させることに向けられねばならない。
english,replace/focus_l_japanese.yml,SOV_anti_colonialist_rebels,コミンテルン
english,replace/focus_l_japanese.yml,SOV_anti_colonialist_rebels_desc,資本主義体制が崩壊の最終段階に達したのに伴い、あらゆる共産党は正しき姿勢として攻撃的、軍事的、極左的に振る舞わねばならない。特に我々が奨励しているのは、全世界の共産党が自らの精力を中道左派の破壊へと振り向けることである。
english,replace/focus_l_japanese.yml,SOV_anti_fascist_diplomacy,反ファシズム外交
english,replace/focus_l_japanese.yml,SOV_anti_fascist_diplomacy_desc,西側のあらゆる体制は抑圧的でかつ腐敗しているが、中でも最悪なのは進歩性を装っている連中であり、中には社会主義者を自称するものすらいるのだ!プロレタリアートの中にあるこうした虚偽意識を促進することで奴らは革命を遅滞させ、労働者を永遠の束縛に留め置かんとしているのである。
english,replace/focus_l_japanese.yml,SOV_aviation_cult,航空崇拝
english,replace/focus_l_japanese.yml,SOV_aviation_cult_desc,航空分野における驚異的な功績によりソビエト連邦は世界を驚かせる事だろう。我らの英雄的飛行士はボリシェヴィキ的な文化と進歩を守る騎士であり、自然を打ち負かすほどの技術的熟達を披露する。ツァーリの支配する日々からよくぞここまで来たものだ!
english,replace/focus_l_japanese.yml,SOV_baltic_security,バルト地方の安全保障
english,replace/focus_l_japanese.yml,SOV_baltic_security_desc,バルト海は我々の庭であり、あらゆる犠牲を払ってでも守られねばならない。レニングラードに対する緩衝地帯としてカレリアを割譲させる必要があるだろう。エストニアの自治などはもってのほかである!
english,replace/focus_l_japanese.yml,SOV_claim_bessarabia,ベッサラビアへの要求
english,replace/focus_l_japanese.yml,SOV_claim_bessarabia_desc,我が国の経済において黒海はバルト海以上の重要性を有する。ボスポラス並びにダータルネス海峡の支配権を確保するためにあらゆる手を尽くすべきである。
english,replace/focus_l_japanese.yml,SOV_claim_on_sinkiang,新疆を要求
english,replace/focus_l_japanese.yml,SOV_claim_on_sinkiang_desc,同志盛世才の統治の下、新疆は既に事実上ソビエトの傀儡国家である。我々はこれを公的なものとすべきだろう……
english,replace/focus_l_japanese.yml,SOV_claim_on_sinkiang_threat,ソビエト連邦が新疆を要求
english,replace/focus_l_japanese.yml,SOV_claim_on_the_straits,海峡を要求
english,replace/focus_l_japanese.yml,SOV_claim_on_the_straits_desc,黒海からエーゲ海へと通じるこの2つの海峡は戦略的要所であり、この領域が他国によって支配されることは到底看過できない。赤色艦隊の展開能力を保証するためにも2つの海峡を確保する必要があるだろう。
english,replace/focus_l_japanese.yml,SOV_claims_on_baltic,バルト地域を要求
english,replace/focus_l_japanese.yml,SOV_claims_on_baltic_desc,西方に通ずる港を求めたピョートル大帝の判断は正しかった。革命によって解体したバルト諸国はソビエト連邦の中で再統合されるべきである。
english,replace/focus_l_japanese.yml,SOV_claims_on_poland,ポーランドへの要求
english,replace/focus_l_japanese.yml,SOV_claims_on_poland_desc,ソビエト・ポーランド戦争であらわとなった無能と逼迫は挽回されねばならず、東部ポーランドはソ連領として再統合されるのだ!
english,replace/focus_l_japanese.yml,SOV_claims_on_turkey,トルコへの要求
english,replace/focus_l_japanese.yml,SOV_claims_on_turkey_desc,トルコ人どもはボスポラス海峡の共同管理という我々の要求を一貫して拒絶しているのみならず、東部における国境調整の話し合いにも応じない。今こそ奴らを教育してやるべきだろう!
english,replace/focus_l_japanese.yml,SOV_closed_city_network,閉鎖都市網
english,replace/focus_l_japanese.yml,SOV_closed_city_network_desc,軍事基地よりも広大な空間を必要とする研究のためには閉鎖都市を設立する必要があるだろう。都市の出入りを制限することで研究の機密を保ちつつ、同時に大規模実験に必要な空間を科学者に提供することができる。
english,replace/focus_l_japanese.yml,SOV_collectivist_propaganda,集産主義プロパガンダ
english,replace/focus_l_japanese.yml,SOV_collectivist_propaganda_desc,ソビエト連邦に個人の栄光が入り込む余地はない。生産目標の超過達成や、探検遠征の成功、大規模建築計画といった集産主義的努力を我が党のプロパガンダは断固として強調すべきである。
english,replace/focus_l_japanese.yml,SOV_defense_of_moscow,モスクワの防衛
english,replace/focus_l_japanese.yml,SOV_defense_of_moscow_desc,ファシストどもが首都の門を叩いている!たとえいかなる犠牲を払ってもモスクワが陥落するようなことがあってはならない。子供から老人までありとあらゆるものを動員し、可能なかぎりの防御陣地をすみやかに構築するのだ!
english,replace/focus_l_japanese.yml,SOV_defense_of_moscow_forts,モスクワの周辺に§Y陸上要塞を28§!追加する。\n
english,replace/focus_l_japanese.yml,SOV_demand_eastern_poland,東部ポーランドを要求
english,replace/focus_l_japanese.yml,SOV_demand_eastern_poland_desc,ポーランド東部領域への権利が回復したことをもって、ポーランドが新たな分割を免れるためには自ら平和的に領土を手渡すしか無いのだということをはっきりさせておく必要があるだろう。
english,replace/focus_l_japanese.yml,SOV_diversify_the_programme,計画の多角化
english,replace/focus_l_japanese.yml,SOV_diversify_the_programme_desc,この数年に渡って我々は伝統的戦争の分野について多くを学び、発展を成し遂げてきた。ソビエト連邦は偉大なる科学者の国であり、彼らには我が国に莫大な優位をもたらすような戦争手法を明らかにできるだけの才能がある。彼らの成果を目にするためにも、彼らが万全な状態で研究に取り組めるようにせねばならない。
english,replace/focus_l_japanese.yml,SOV_expand_red_fleet,赤色艦隊の拡大
english,replace/focus_l_japanese.yml,SOV_expand_red_fleet_desc,帝国主義者どもの海軍力に比べ、赤色艦隊は惨めなほどに弱体である。我々は海軍の拡大を国家的優先課題とせねばならない!
english,replace/focus_l_japanese.yml,SOV_far_east_fortification,極東の要塞化
english,replace/focus_l_japanese.yml,SOV_far_east_fortification_desc,日本はソ満国境の侵犯を絶えず行なっている。奴らを永遠に抑止すべく、東方辺境の防御を固めねばならない。
english,replace/focus_l_japanese.yml,SOV_far_east_fortification_forts_1,日本との国境に§Y陸上要塞を6§!追加する。\n
english,replace/focus_l_japanese.yml,SOV_far_east_fortification_forts_2,日本との国境に§Y陸上要塞を8§!追加する。\n
english,replace/focus_l_japanese.yml,SOV_far_east_fortification_forts_3,日本との国境に§Y陸上要塞を4§!追加する。\n
english,replace/focus_l_japanese.yml,SOV_finish_five_year_plan,五ヵ年計画の完了
english,replace/focus_l_japanese.yml,SOV_finish_five_year_plan_desc,第二次五ヵ年計画は重工業の発展に重点が置かれている。西側の資本主義者やファシストどもに対抗するためにもソビエト連邦をすみやかに発展させねばならない。
english,replace/focus_l_japanese.yml,SOV_great_purge,大粛清
english,replace/focus_l_japanese.yml,SOV_great_purge_bypass_tt,トロツキーがソビエト連邦の指導者となる
english,replace/focus_l_japanese.yml,SOV_great_purge_desc,危険なるトロツキストどもの陰謀が軍内部に蔓延し、最も高位の軍人にまで及んでいる。トロツキー本人の関与は不明であるものの、可能性は非常に高いといえる。ソ連を新たな内戦へと導かないためにも……いくらかの犠牲に備える必要があるだろう。
english,replace/focus_l_japanese.yml,SOV_great_purge_tt,トロツキー派の疑いがある大臣や指導者を粛清するため、連続した§Y見世物裁判§!が開廷される。\n
english,replace/focus_l_japanese.yml,SOV_great_purge_tt2,完了した粛清の回数によって、新たなる§Y内戦§!の可能性と§H将校の粛清§!に影響が出て効果と規模が変化する。\nこの国家方針を選択しなければ§Yレフ・トロツキー§!が亡命からの帰国を果たし、§Y内戦§!へと至る可能性がある。\n\n
english,replace/focus_l_japanese.yml,SOV_has_not_officers_purged_tt,§Y将校の粛清§!の国民精神を持っていない
english,replace/focus_l_japanese.yml,SOV_improve_railway,鉄道網の改善
english,replace/focus_l_japanese.yml,SOV_improve_railway_desc,第一次五カ年計画はあまりにも大きな成功を収めた。これによる重工業の大規模な拡大はソビエト連邦の防衛力をより強固にしたものの、ソビエトの鉄道網が致命的なボトルネックとして残されることとなった。鉄道人民委員部（NKPS）はこのボトルネックを解消し、祖国防衛を確かなものとするための野心的な計画を有している。
english,replace/focus_l_japanese.yml,SOV_improve_stalin_line,スターリン線の改良
english,replace/focus_l_japanese.yml,SOV_improve_stalin_line_desc,ファシストの侵略に備え、西側国境の防御を固めねばならない。スターリン線を延長し、あわせて防御施設の近代化も進める必要があるだろう。
english,replace/focus_l_japanese.yml,SOV_infrastructure_effort,インフラへの注力
english,replace/focus_l_japanese.yml,SOV_infrastructure_effort_desc,ソビエト連邦は広大ではあるがほとんど空白に近い。国土の隅々まで物品や設備を輸送する能力をすみやかに確保する必要があるだろう。
english,replace/focus_l_japanese.yml,SOV_lessons_of_war,戦争の教訓
english,replace/focus_l_japanese.yml,SOV_lessons_of_war_desc,限定的戦争によって得られた経験により、機甲戦においていくつかの大きな発見があった。さらに劣化した将校団についても最終的に鍛えあげることが可能かもしれない。
english,replace/focus_l_japanese.yml,SOV_militarized_schools,軍事学校
english,replace/focus_l_japanese.yml,SOV_militarized_schools_desc,ソビエト連邦の児童には軍事規律とともに自己犠牲や連帯といった社会主義者的美徳も教え込む必要がある。若き精神はより容易に成形することが可能だ。
english,replace/focus_l_japanese.yml,SOV_military_reorganization,軍隊を再編
english,replace/focus_l_japanese.yml,SOV_military_reorganization_desc,粛清後の赤軍は良い状態にあるとは言いがたかった。新たな指導部は未熟で非効率的である。そして我々の戦闘教条を発展させるための努力はなされていない。こうした事態を直ちに是正せねばならない!
english,replace/focus_l_japanese.yml,SOV_move_industry_to_urals,ウラルへの産業移転
english,replace/focus_l_japanese.yml,SOV_move_industry_to_urals_desc,ソ連西方にある貴重な工場群は何があろうとも裏切り者のヒトラー主義者どもに奪われてはならない。最大級の努力と犠牲をもって我々は最も価値ある重機や設備をチェリャビンスクその他のウラル地方へと速やかに移転させるべきだろう。
english,replace/focus_l_japanese.yml,SOV_new_soviet_man,新たなソビエト人
english,replace/focus_l_japanese.yml,SOV_new_soviet_man_desc,新たなソビエト人は私心なく、教育を受け、規律に満ち、そして健康である。彼らは動物的本能や虚偽意識に対する勝利の生きた証なのだ。男性は全体の利益のために自らの生を喜んで投げ出し、女性はソビエト社会の未来の為に多くの子を産むことだろう。
english,replace/focus_l_japanese.yml,SOV_night_witches_tt,第588夜間爆撃連隊がモスクワで有効化される。
english,replace/focus_l_japanese.yml,SOV_nkvd_divisions,NKVD師団
english,replace/focus_l_japanese.yml,SOV_nkvd_divisions_desc,鉄道路線や重要軍事施設を警備する国内軍として働くために、NKVDに自前の部局を与える必要があるだろう。
english,replace/focus_l_japanese.yml,SOV_nkvd_primacy,NKVD優先
english,replace/focus_l_japanese.yml,SOV_nkvd_primacy_desc,軍は一切信用ならないということが明らかとなった。それゆえNKVDを拡大し、より大きな権限を与える必要があるだろう。より多くの政治将校を配備し、士官を監視させるのだ。
english,replace/focus_l_japanese.yml,SOV_nkvd_upgrade_tooltip,§YNKVD§!は今や陸軍と強固に統合され、兵士の士気と党への忠誠心の高さを確実にしている。\n
english,replace/focus_l_japanese.yml,SOV_ocean_going_navy,外洋海軍
english,replace/focus_l_japanese.yml,SOV_ocean_going_navy_desc,連邦は地球上のあらゆる国家よりも多くの領土を有しているにもかかわらず、世界の海は未だ我々の海軍の支配するところとなっていない。将来の外洋艦隊のためには重装備の戦艦が不可欠となるだろう。
english,replace/focus_l_japanese.yml,SOV_offer_poland_protection,ポーランドの保護を提案
english,replace/focus_l_japanese.yml,SOV_offer_poland_protection_desc,単純に東部ポーランドを奪取することも可能だが、むしろこれを通じてポーランドが我々のコミンテルンに参加するならばそちらのほうがより望ましいといえる。この要求に対して我々は何らかの見返りをポーランドに与える必要があるだろうが、もし我々が東部ドイツを与えると約束するならば、彼らもきっと興味をもつはずだ。
english,replace/focus_l_japanese.yml,SOV_offer_poland_protection_tt,§Yソビエト占領地において、この協定で領有権が認められる州がポーランドに与えられる。§!
english,replace/focus_l_japanese.yml,SOV_operation_zet,Z作戦
english,replace/focus_l_japanese.yml,SOV_operation_zet_desc,中国国民党は確かに反動的であるが、毛沢東と彼なりの共産主義が中国において勝利をおさめることはなさそうだ。我々は蒋介石との関係を改善し、馬鹿げたほどに時代錯誤な大日本帝国をすぐにでも破滅させねばならない。
english,replace/focus_l_japanese.yml,SOV_pan_slavic_rhetoric,汎スラヴ主義の援用
english,replace/focus_l_japanese.yml,SOV_pan_slavic_rhetoric_desc,同志レーニンは世界革命を追い求めるあまり、ロシア的、あるいはスラヴ的なアイデンティティを放棄しすぎてしまった。適度なナショナリズムは必ずや我々の助けとなることだろう。加えてある種の汎スラヴ主義の復興は他のスラヴ諸国と親密になるうえで役立つかもしれない。
english,replace/focus_l_japanese.yml,SOV_partisan_suppression,パルチザン鎮圧
english,replace/focus_l_japanese.yml,SOV_partisan_suppression_desc,占領地域におけるあらゆる形態のパルチザンに潜入し、これを無慈悲に鎮圧できるようにすべく、スメルシをより一層拡大すべきである。
english,replace/focus_l_japanese.yml,SOV_peoples_commissariat,防衛産業人民委員部の設置
english,replace/focus_l_japanese.yml,SOV_peoples_commissariat_desc,ソ連防衛産業人民委員部は軍事産業計画に焦点を当てた重工業の省庁である。長い目で見ると、この仕事をこなすためには人民委員部により多くの部局を設ける必要があるかもしれない。
english,replace/focus_l_japanese.yml,SOV_permanent_revolution,永続革命論
english,replace/focus_l_japanese.yml,SOV_permanent_revolution_desc,圧政的な煽動家は去った!人民は真の力を取り戻した。今や皆がそれぞれの関心を個別に妥協することなく追求できる。我々は常に変化し続ける。永続革命こそが勝利した革命なのだ。
english,replace/focus_l_japanese.yml,SOV_permanent_revolution_tt,トロツキーが帰国
english,replace/focus_l_japanese.yml,SOV_permanent_revolution_tt2,§Yトロツキー§!はより良い指導者特性を得る。
english,replace/focus_l_japanese.yml,SOV_positive_heroism,積極的な英雄主義
english,replace/focus_l_japanese.yml,SOV_positive_heroism_desc,今こそ古きレーニン主義的集産主義プロパガンダを脱し、様々な分野で特異な能力を示した個々人を伝説的な社会主義英雄として讃え崇めるのだ!
english,replace/focus_l_japanese.yml,SOV_progress_cult,進歩崇拝
english,replace/focus_l_japanese.yml,SOV_progress_cult_desc,ソビエトの傑出した科学者たちによる革新を讃えるとともに、適切な自由思考に関しては推奨する必要があるだろう。科学の斬新な新分野に関してソ連は常に退廃的な西側諸国の先を行く。同志ルイセンコの素晴らしき業績を見よ!
english,replace/focus_l_japanese.yml,SOV_reconcile_japan,日本との和解
english,replace/focus_l_japanese.yml,SOV_reconcile_japan_desc,日本との関係は常に厄介事の連続だった。しかしいまやより大きな餌がぶら下がっている。日本に自然資源が絶望的に欠乏していることを利用し、日本を我々に盲従させることができるかもしれない……奴らの時代錯誤的な封建体制はどの道まもなく崩壊するだろう。
english,replace/focus_l_japanese.yml,SOV_rehabilitated_military,軍隊の回復
english,replace/focus_l_japanese.yml,SOV_rehabilitated_military_desc,トロツキズムの汚染は将校団からついに拭い去られ、政治的干渉に対するある程度の自由を軍に与えることが再び可能となった。
english,replace/focus_l_japanese.yml,SOV_research_city_experiment,研究都市実験
english,replace/focus_l_japanese.yml,SOV_research_city_experiment_desc,ソビエト最高の科学者の1人であるクルチャトフは「1kgのウランの核を破壊することで、TNT火薬20000tに等しい爆発エネルギーが得られる」と記した。祖国の安全を確かなものにするためにも、敵に先んじてこの力を利用する必要がある。
english,replace/focus_l_japanese.yml,SOV_smersh,スメルシ
english,replace/focus_l_japanese.yml,SOV_smersh_desc,「スパイに死を」としても知られるスメルシは防諜構想案として以下の2つの目的に従事する。すなわち敵スパイの摘発と、赤軍内部における脱走兵およびパルチザンの処刑である。
english,replace/focus_l_japanese.yml,SOV_smersh_tt,§Yクーデターの危険性を無効化する。§!\n
english,replace/focus_l_japanese.yml,SOV_socialist_realism,社会主義リアリズム
english,replace/focus_l_japanese.yml,SOV_socialist_realism_desc,ソビエト連邦のあらゆる芸術作品は、プロレタリアートの日常風景を写実的に描き出すなどして、共産主義の目標と意味について人民に教育するようなものであるよう努力せねばならない。ソビエトの芸術家は魂の技術者なのだ!
english,replace/focus_l_japanese.yml,SOV_socialist_science,社会主義科学
english,replace/focus_l_japanese.yml,SOV_socialist_science_desc,地球はまるで精神のように絶えず動き続け、自然は進歩を続ける国家に等しい。自然においては革命さえも起こるのだ。唯物的弁証法の弁足は社会に対してと同等に自然科学に対しても当てはまることだろう……
english,replace/focus_l_japanese.yml,SOV_southern_thrust,南方への進出
english,replace/focus_l_japanese.yml,SOV_southern_thrust_desc,イランといらくの併合は、莫大なる石油備蓄を革命のために確保すると同時に、ｴｼﾞﾌﾟﾄとインドのイギリス帝国主義者に対する直接的圧力として機能するだろう。
english,replace/focus_l_japanese.yml,SOV_stalin_constitution,スターリン憲法
english,replace/focus_l_japanese.yml,SOV_stalin_constitution_desc,いまこそ古き憲法を更新し、ソビエト連邦の労働者と農民が享受している諸権利を世界に向けて印象づけるのだ!
english,replace/focus_l_japanese.yml,SOV_tranformation_of_nature,自然改造計画
english,replace/focus_l_japanese.yml,SOV_tranformation_of_nature_desc,スターリンの偉大なる自然改造計画が今こそ実行に移されるべき時だ。人民の支持を受けた大規模工事により自然環境が新たに形作られることだろう。
english,replace/focus_l_japanese.yml,SOV_transpolar_flights,極地飛行
english,replace/focus_l_japanese.yml,SOV_transpolar_flights_desc,我が国の最も勇敢なる飛行士たちは、北極を横断する大胆な航路が可能であることを証明しようとしている。航空戦の計画にこの予期せぬ近道を用いることで、敵を奇襲することが可能となるやもしれない。
english,replace/focus_l_japanese.yml,SOV_ultimatum_to_greece,ギリシャへの最後通牒
english,replace/focus_l_japanese.yml,SOV_ultimatum_to_greece_desc,このエーゲ海の島々は赤色艦隊が自由に作戦を実行するための最後の戦略的区画である。ギリシャはあらゆる方面から圧力を受けており、全面戦争を避けるためなら国土の僅かな部分を諦める方を選ぶだろう。
english,replace/focus_l_japanese.yml,SOV_war_since_purge,大粛清を完了し戦争をした
english,replace/focus_l_japanese.yml,SOV_war_with_germany,ドイツと交戦
english,replace/focus_l_japanese.yml,SOV_war_with_germany_desc,ドイツの脅威は増大し続けている。ドイツ軍を必ずや撃破し、新たな支配者に対して平伏させねばならない。
english,replace/focus_l_japanese.yml,SOV_war_with_germany_tt,モロトフ＝リッペントロップ協定は無効となる
english,replace/focus_l_japanese.yml,SOV_war_with_japan,日本と交戦
english,replace/focus_l_japanese.yml,SOV_war_with_japan_desc,日本は敗北を認めるための一切の計画を有していないように見える。奴らを止めるための唯一効果的な方法は戦争にほかならない。赤軍が奴らを蹂躙する時、奴らは我々の要求を拒絶したことを後悔することだろう。
english,replace/focus_l_japanese.yml,SOV_war_with_uk,イギリスと交戦
english,replace/focus_l_japanese.yml,SOV_war_with_uk_desc,帝国主義的ブリテン人どもは我々に対する一切の敬意を欠いていた。奴らが世界中を支配下に置こうものなら次にソビエト連邦を狙ってくるであろうことは疑いようもない。奴らの侵略的拡大を抑える方法は1つしか無い。戦争だ!
english,replace/focus_l_japanese.yml,SOV_women_pilots,女性飛行士
english,replace/focus_l_japanese.yml,SOV_women_pilots_desc,英雄的長距離飛行士たる同志ラスコーヴァの提案する122飛行隊プログラムを承認し、女性のみで構成された複数の航空連隊の設立を認めるべきである。
english,replace/focus_l_japanese.yml,SOV_workers_culture,労働者文化
english,replace/focus_l_japanese.yml,SOV_workers_culture_desc,社会主義は単なる経済制度ではなく、マルクス主義も単なる科学ではない。我々はソビエト社会の構造すらも改造し、ブルジョワ的伝統のあらゆる残滓を必ずや根絶せねばならない。
english,replace/focus_l_japanese.yml,SOV_xian_incident,西安事件
english,replace/focus_l_japanese.yml,SOV_xian_incident_desc,我々は主だった国民党官僚との接触を続けてきた。しかし今となっては蒋介石を誘拐して毛沢東と権力を分かち合うよう強制し、破壊的な内輪揉めを終わらせることで日本の略奪行為に対し中国がより強固に抵抗できるようにせねばならない。
english,replace/focus_l_japanese.yml,SOV_xian_incident_tt,もし双方が同意したならば、国民党と共産党の間に休戦が結ばれる。
english,replace/focus_l_japanese.yml,TREE_FILTER_TOGGLE,複数のフィルター表示を切り替えるには§Gクリック§!して下さい
english,replace/focus_l_japanese.yml,UK_secret_focus,秘密兵器
english,replace/focus_l_japanese.yml,UK_secret_focus_desc,今や我々は十分な知識、インフラを有している。SFの世界にしかなかった数多の秘密兵器を開発する準備は整っている。
english,replace/focus_l_japanese.yml,USA_TAC,戦術爆撃機への注力
english,replace/focus_l_japanese.yml,USA_TAC_desc,戦術目標を攻撃する飛行機を製造することでより安全に進撃をすることが可能となるだろう。
english,replace/focus_l_japanese.yml,USA_USACE_projects,合衆国工兵隊計画
english,replace/focus_l_japanese.yml,USA_USACE_projects_desc,合衆国工兵隊は世界がいまだ見たことのないような、多くの先進的軍事計画の基礎構築任務が可能になる。お試しあれ!
english,replace/focus_l_japanese.yml,USA_accumulated_wealth_tax_act,貯蓄財産富裕税法
english,replace/focus_l_japanese.yml,USA_accumulated_wealth_tax_act_desc,一部の国民は途方に暮れるほど大量の資本を蓄えている。蓄えた金は銀行口座で眠るか、非実用的な巨大建造物だの金メッキの家具だの高価な絵画だのに費やされる。これらはどれ一つ取っても有益な経済効果をもたらさない。新しい税制を設けることで、我々は今述べたような無駄に富を蓄える国民に対し、再び国内経済に金を落とさせる。
english,replace/focus_l_japanese.yml,USA_adjusted_compensation_act,調整補償法
english,replace/focus_l_japanese.yml,USA_adjusted_compensation_act_desc,第一次世界大戦の退役軍人達は公正な年金が保証されていた。しかし、大恐慌により窮地に陥った。必要な時に共和国の呼びかけに答える人々を助けるためにも我々は最大の努力をしなければならない。
english,replace/focus_l_japanese.yml,USA_advanced_basing,発展的な基地
english,replace/focus_l_japanese.yml,USA_advanced_basing_desc,我々の近海から敵を遠ざければ遠ざけるほど、状況もより良くなっていく。
english,replace/focus_l_japanese.yml,USA_advanced_mahanian_doctrine,進歩的シーパワー・ドクトリン
english,replace/focus_l_japanese.yml,USA_advanced_mahanian_doctrine_desc,アルフレッド・セイヤー・マハンの提唱した海戦における作用は過小評価されている。彼の理論に基づいた作戦立案によって、彼が決定的な要素と位置付ける戦艦を最大限活用することが可能となる。
english,replace/focus_l_japanese.yml,USA_agricultural_adjustment_act,農業調整法
english,replace/focus_l_japanese.yml,USA_agricultural_adjustment_act_desc,アメリカの農家は恐慌の影響をとりわけ強く受けてきた。食い止められない市場による廃業から彼らを守らなければならない。
english,replace/focus_l_japanese.yml,USA_air_support,航空支援
english,replace/focus_l_japanese.yml,USA_air_support_desc,空の戦いはまずは他の軍事作戦のために行われるべきだ。
english,replace/focus_l_japanese.yml,USA_air_war_plans_division,航空戦争計画局
english,replace/focus_l_japanese.yml,USA_air_war_plans_division_desc,航空術、航空機産業に十分な割り当てを組むのは骨の折れる作業だ。航空戦争計画局は我々の軍備、秩序、戦略を保障する。
english,replace/focus_l_japanese.yml,USA_airborne_divisions,空挺師団
english,replace/focus_l_japanese.yml,USA_airborne_divisions_desc,航空機の航続距離と積載量の発展は多くの可能性を切り開いている。輸送機は敵前線の遥か後方に部隊の全師団を届けることができる。そうなれば、敵に大混乱をもたらすだろう。
english,replace/focus_l_japanese.yml,USA_ally_with_the_silver_shirts,白銀軍団との同盟
english,replace/focus_l_japanese.yml,USA_ally_with_the_silver_shirts_desc,世界における然るべき地位へと我々の国家を取り戻し、明白なる運命を主張するためには、より根本的な再編が必要である。白銀軍団がこれらの実現の助けとなるだろう。
english,replace/focus_l_japanese.yml,USA_america_first,アメリカ至上主義
english,replace/focus_l_japanese.yml,USA_america_first_desc,一部の人々は我が国に対し、我が国の財産と我が国の若者の血を他所の国の戦争に投入したいそうだ。我々はこんな戦争屋共に煽動されてはならない。その代わりにただ一つだけ、金言を掲げて生きよう、「アメリカ・ファースト」と。他所は他所だ。
english,replace/focus_l_japanese.yml,USA_amphibious_operations,上陸作戦
english,replace/focus_l_japanese.yml,USA_amphibious_operations_desc,悪夢が現実のものとならなければ、この戦争がアメリカの地にて終結することはなさそうだ。勝利への道には、完璧な上陸作戦が必要である。
english,replace/focus_l_japanese.yml,USA_anti_bolshevist_aid,防共援助
english,replace/focus_l_japanese.yml,USA_anti_bolshevist_aid_desc,共産主義の蔓延と戦う人々に対して、我々は鉄砲から砲弾から、弾丸だろうとブーツの一足だろうと何でも与えてくれよう。それが巡り巡って我々を守ってくれるのだから。
english,replace/focus_l_japanese.yml,USA_anti_imperialism,反帝国主義
english,replace/focus_l_japanese.yml,USA_anti_imperialism_desc,アメリカは常に帝国主義的な抑圧者の敵であったが、所謂民主主義の大半は、利益を得られる限りにおいて、その国制を維持してきた事は明らかである。ソビエト連邦の革命家達はより良い同盟者となるであろう。
english,replace/focus_l_japanese.yml,USA_armored_infantry,装甲歩兵
english,replace/focus_l_japanese.yml,USA_armored_infantry_desc,戦車だけでは勝利を掴むことはできない。領土を保持するためには歩兵がひつようだ。歩兵に装甲車両を提供することで、彼らは戦車についていくことができて、様々な攻撃から生き延びることができる。
english,replace/focus_l_japanese.yml,USA_army_of_the_united_states,合衆国陸軍
english,replace/focus_l_japanese.yml,USA_army_of_the_united_states_desc,来るべき戦いにとって、米軍は小さすぎる。達成する必要のある規模までの劇的な増加を監督するためには、我々は新たな組織を創出する必要があるだろう。
english,replace/focus_l_japanese.yml,USA_arsenal_of_democracy,民主主義の兵器廠
english,replace/focus_l_japanese.yml,USA_arsenal_of_democracy_desc,あらゆる民主主義国家は知ってほしい。戦争への直接介入如何にかかわらず、我が国は必ず諸君に武器を与え、支援を欠かさぬものであると。
english,replace/focus_l_japanese.yml,USA_battleship_primacy,戦艦優先
english,replace/focus_l_japanese.yml,USA_battleship_primacy_desc,日本のワシントン海軍軍縮条約からの離脱に際して、我々は次なる建艦競争を繰り広げることだろう。最強の戦艦をどこより多く揃えることを約束しよう。
english,replace/focus_l_japanese.yml,USA_black_chamber,ブラックチェンバー作戦
english,replace/focus_l_japanese.yml,USA_black_chamber_complete,§R機密§!
english,replace/focus_l_japanese.yml,USA_black_chamber_desc,アメリカ大陸諸国において我々の意思と相容れない政治的活動の存在が伝えられている。幸運にも我々は非公式な情報網の構築に成功しており、これらの国々を我々の意向通りに動かす事が可能だ。これは我々が本土における安全を確保する上で欠かせない事である。
english,replace/focus_l_japanese.yml,USA_build_the_pentagon,ペンタゴンの建設
english,replace/focus_l_japanese.yml,USA_build_the_pentagon_desc,軍の拡大は、指揮に強大な本部を必要としている。
english,replace/focus_l_japanese.yml,USA_bureau_of_aeronautics,航空局
english,replace/focus_l_japanese.yml,USA_bureau_of_aeronautics_desc,海軍航空隊発展の要求を満たすため、こうした課題の解決を担い続けてきた航空局を強化しなければならない。
english,replace/focus_l_japanese.yml,USA_bureau_of_ships,艦船局
english,replace/focus_l_japanese.yml,USA_bureau_of_ships_desc,将来的な海軍の発展を見越して、我々は建艦・修理を担う局と技術局を一つに統合する。
english,replace/focus_l_japanese.yml,USA_cancel_pearl_harbor_gambit,パールハーバーでの策略の中止
english,replace/focus_l_japanese.yml,USA_cancel_pearl_harbor_gambit_desc,パールハーバーに艦隊を配備することは、我々の海兵の命を危険に晒してしまう。日本に開戦をさせるリスクは取るべきではない。
english,replace/focus_l_japanese.yml,USA_carribean_sphere,カリブ圏
english,replace/focus_l_japanese.yml,USA_carribean_sphere_desc,カリブの島々は我々の東海岸及びパナマ運河を攻めるにうってつけの拠点であり、そこを敵に占領されるということは当然認められないことだとはっきりさせなければならない。
english,replace/focus_l_japanese.yml,USA_carrier_primacy,空母優先
english,replace/focus_l_japanese.yml,USA_carrier_primacy_desc,制空力は来たるべき海戦に必ず求められるものであり、その拡大に当たっては、空母の活用が最適であると言える。我々はより先進的で専門化した新型艦を生み出さなければならない。
english,replace/focus_l_japanese.yml,USA_central_america,中央アメリカ
english,replace/focus_l_japanese.yml,USA_central_america_desc,パナマ運河が外国の支配に置かれる、あるいは脅威に晒されることを許すなどというのは考えられない話である。また、中央アメリカ諸国の独立も我々は間違いなく保障しよう。
english,replace/focus_l_japanese.yml,USA_civil_war_fired,第二次南北戦争が勃発した。
english,replace/focus_l_japanese.yml,USA_combined_bomber_offensive,混合爆撃機攻勢
english,replace/focus_l_japanese.yml,USA_combined_bomber_offensive_desc,我々の陣営にある列強国のおかげで、大規模攻勢爆撃の研究と遂行に思いがけない利益がもたらされた。
english,replace/focus_l_japanese.yml,USA_committee_on_technocracy,技術者の委員会
english,replace/focus_l_japanese.yml,USA_committee_on_technocracy_desc,数多くの政治家やビジネスマンを科学者や技術者で置き換えるべきだ。彼らは経済のやりくりの技術に一日の長があり、科学的な飛躍を遂げることだろう。そうして我々の経済は再び花開くのだ。
english,replace/focus_l_japanese.yml,USA_communal_property_act,共有財産法
english,replace/focus_l_japanese.yml,USA_communal_property_act_desc,多数派による要求が、少数の人々やただ一人の願望を押し潰すことなど、決してあってはならない。このことを確実なものとするために、我々は地域社会がより簡単に土地の収用を執行できる新法制を通過させる。
english,replace/focus_l_japanese.yml,USA_continue_the_new_deal,ニューディールの継続
english,replace/focus_l_japanese.yml,USA_continue_the_new_deal_desc,ニューディール政策は機能していることが証明された。今後もこの道を踏み外してはならない。
english,replace/focus_l_japanese.yml,USA_convoy_tactics,輸送船団の戦術
english,replace/focus_l_japanese.yml,USA_convoy_tactics_desc,商船の保護には護衛と知略だけではなく、通商の航路、日程の調整をする戦術が必要だ。
english,replace/focus_l_japanese.yml,USA_crusade_against_communism,共産主義に対する十字軍
english,replace/focus_l_japanese.yml,USA_crusade_against_communism_desc,赤色テロはこの世界がこれまでに直面してきた脅威の中で最悪なものだ。ソビエト連邦から発せられる破壊のイデオロギーは、必要なあらゆる手段を使ってでも根源から断たなければならない、そしてその実行者は我々だ。
english,replace/focus_l_japanese.yml,USA_de_regulate_the_banking_sector,銀行業の規制緩和
english,replace/focus_l_japanese.yml,USA_de_regulate_the_banking_sector_desc,景気循環として全く当たり前のことである金融市場の適正化に続き、前政権は金融活動に対し極めて不条理な成約を設けた。善意によるものであることは疑わないにしても、一連の成約は善の面にくらべて、明らかに悪の面が強すぎる。
english,replace/focus_l_japanese.yml,USA_defense_of_the_pacific,太平洋の防衛
english,replace/focus_l_japanese.yml,USA_defense_of_the_pacific_desc,我々国民とアジアの近隣諸国の両方を脅かす拡張政策において、日本政府にはもう見込みがない。この国家は、改革とこれまでの過ちを繰り返さないためにアメリカ政府の下に置かれなければならない。
english,replace/focus_l_japanese.yml,USA_democratic_socialism,民主社会主義
english,replace/focus_l_japanese.yml,USA_democratic_socialism_desc,善良な考えを持った人々は皆、社会主義が人類文明の未来であることを否定しない。同時に、誇り高く愛国心に溢れる共和国の人民は皆、もはや人民の人民によるものではなくなった政府に対し、支援し得ることもありえない。我らの誇り高き祖先たちのように、我々は両方を結合させた新しい政体を創り上げる。
english,replace/focus_l_japanese.yml,USA_department_of_defense,国防総省
english,replace/focus_l_japanese.yml,USA_department_of_defense_desc,陸軍省の名を変更するということは、それが試される瞬間まで保護を無視するということがもはやできないということを強調するものだ。我々は用心深く在らねばならない。
english,replace/focus_l_japanese.yml,USA_desegregate_the_armed_forces,軍内の人種差別を撤廃
english,replace/focus_l_japanese.yml,USA_desegregate_the_armed_forces_desc,自国の軍隊の一員として奉仕するのは人によっては歓迎されない責務かもしれない。だが人から大事に扱われる権利でもある。我らが多くの国民の権利は、それぞれの先祖の評価によって拒絶されているのだ。
english,replace/focus_l_japanese.yml,USA_destroyers_for_bases,駆逐艦と基地の交換
english,replace/focus_l_japanese.yml,USA_destroyers_for_bases_desc,イギリスは軍艦を必要としており、我々は拠点となる領地を必要としている。今の英領土に軍事拠点を設える権利のために、我々は駆逐艦を交換に出す。願わくばうまく使ってもらいたいものだ。
english,replace/focus_l_japanese.yml,USA_destroyers_for_bases_tt,§Y[USA.GetNameDef]§!: \n
english,replace/focus_l_japanese.yml,USA_eliminate_the_southern_threat,南の脅威を排除
english,replace/focus_l_japanese.yml,USA_eliminate_the_southern_threat_desc,この30年間ずっとメキシコは不安定な混乱の中にあった。暴力が国境を越えて流入してくるだとか、国民が団結して北へ行進するだとか、そんなことはどうでもいい。我々は南の横腹を守らなければならない。
english,replace/focus_l_japanese.yml,USA_embargo_USSR,ソ連への禁輸
english,replace/focus_l_japanese.yml,USA_embargo_USSR_desc,ソ連から我々との貿易の機会を奪うことで彼らの軍事力増強に資することを止められ、また、我々の経済の優越を彼らに見せつけてやることができる。
english,replace/focus_l_japanese.yml,USA_embargo_germany,ドイツへの禁輸
english,replace/focus_l_japanese.yml,USA_embargo_germany_desc,ドイツは戦争のための石油その他天然資源において外に依存している。その供給を絶つことが我々が最低限できることだ。
english,replace/focus_l_japanese.yml,USA_embargo_japan,日本への禁輸
english,replace/focus_l_japanese.yml,USA_embargo_japan_desc,日本にその侵略を米国は受け入れず、助力することはできないことを明らかにしなければならない。禁輸は太平洋での計画を妨害することへの第一歩である。
english,replace/focus_l_japanese.yml,USA_embargo_the_empire,イギリスへの禁輸
english,replace/focus_l_japanese.yml,USA_embargo_the_empire_desc,長らく蜜月にあったにもかかわらず、イギリス人は疑念の余地のないと思われていた我々との理想的関係を裏切った。その結果がどうなるかを彼らに分からせてやる時が来た。
english,replace/focus_l_japanese.yml,USA_empower_the_huac,下院非米活動委員会の強化
english,replace/focus_l_japanese.yml,USA_empower_the_huac_desc,下院非米活動委員会は我々の健全な民主主義において重要な役割を果たしている。我々は不誠実な分子が政治プロセスに影響を及ぼそうとするのを許してはならない。
english,replace/focus_l_japanese.yml,USA_end_monarchism,君主主義の終焉
english,replace/focus_l_japanese.yml,USA_end_monarchism_desc,以前、ヨーロッパの君主主義者によってこの星は一つの世界大戦に巻き込まれた。我々はこれを二度と起こさせる訳にはいかない。我々の祖先は自由を勝ち取るためにイングランド王と戦った。我々は君主の暴虐な専制政治から世界を永遠に解放するのだ!
english,replace/focus_l_japanese.yml,USA_escort_effort,護衛艦への注力
english,replace/focus_l_japanese.yml,USA_escort_effort_desc,潜水艦によって商船団が危険に晒されている。新たな駆逐艦の開発は、効率的な対潜水艦戦の展開を可能とするだろう。
english,replace/focus_l_japanese.yml,USA_escort_fighters,護衛戦闘機
english,replace/focus_l_japanese.yml,USA_escort_fighters_desc,爆撃機部隊はいつも乗り切っているが、護衛戦闘機により守られていない限りいつか撃墜されるだろう。
english,replace/focus_l_japanese.yml,USA_expand_the_USMC,海兵隊の拡大
english,replace/focus_l_japanese.yml,USA_expand_the_USMC_desc,海兵隊は今までの戦いにおいても重要な戦力であり、上陸作戦においてはさらに重要である。海兵隊よ、常に忠誠を!
english,replace/focus_l_japanese.yml,USA_extend_the_chinese_exclusion_acts,中国人排斥法の延長
english,replace/focus_l_japanese.yml,USA_extend_the_chinese_exclusion_acts_desc,中国は戦争で荒廃している。我々は中国からの移民を制限する措置を講じなければならない。そう、難民の波に溺れないために。
english,replace/focus_l_japanese.yml,USA_extra_tech_team,追加の研究チーム
english,replace/focus_l_japanese.yml,USA_fair_labour_standards_act,公正労働基準法
english,replace/focus_l_japanese.yml,USA_fair_labour_standards_act_desc,ゆっくりと経済の回復の兆候が起こっている。労働者たちは回復に協力する必要がある、そのために我々は無給での残業などの搾取的行為を禁止し、生活可能な最低賃金を導入しなければならない。
english,replace/focus_l_japanese.yml,USA_fascist_menace,プロイセンの脅威
english,replace/focus_l_japanese.yml,USA_fascist_menace_desc,ヴェルサイユ条約と経済制裁はドイツの息の根を止めておらず、プロイセン軍国主義はその醜く侵略的な頭を上げている。ドイツを再び打倒する必要があり、少なくとも一時的に我々の管理下におく必要がある。
english,replace/focus_l_japanese.yml,USA_federal_housing_act,連邦住宅法
english,replace/focus_l_japanese.yml,USA_federal_housing_act_desc,アメリカにおける貧困撲滅の継続的な努力の一環として、我々は連邦助成金による住宅の計画を立てなければならない。
english,replace/focus_l_japanese.yml,USA_first_special_service_force,第1特殊任務部隊
english,replace/focus_l_japanese.yml,USA_first_special_service_force_desc,敵戦線後方の友好的でない地域での作戦は世界紛争のきっかけになる可能性がある。そのような任務に対応するコマンドー部隊の組織は将来の戦争に必須と言えるだろう。
english,replace/focus_l_japanese.yml,USA_fleet_submarines,艦隊型潜水艦
english,replace/focus_l_japanese.yml,USA_fleet_submarines_desc,海戦において、我が国と我が国の仮想敵国はどちらも、潜水艦に対して非常に脆弱な対外貿易に依拠している。大海原を横切りつつ敵の沿海部で作戦を展開できるよう、潜水艦は非常に長い航続距離を持つべきだ。
english,replace/focus_l_japanese.yml,USA_focus_on_asia,アジア重視
english,replace/focus_l_japanese.yml,USA_focus_on_asia_desc,ほとんどの国民はヨーロッパの不安定さに対し不安になっているが、我々は太平洋において不安定さや不確実性に直面している。我々の領土から近いところで攻撃するよりも、海外において介入したほうが利益が出るだろう。
english,replace/focus_l_japanese.yml,USA_focus_on_europe,ヨーロッパ重視
english,replace/focus_l_japanese.yml,USA_focus_on_europe_desc,ヨーロッパの大国は世界を戦争に突入させるつもりだ、以前のように我々に影響を与えられるまで待つことはできない。ヨーロッパの国々が平和を脅かすのであれば、我々は断固として介入の準備をしなければならない。
english,replace/focus_l_japanese.yml,USA_full_desegregation,人種差別政策の完全撤廃
english,replace/focus_l_japanese.yml,USA_full_desegregation_desc,あまりにも長期に渡って、いくつかの州は古臭く時代遅れで非人間的な規準に基づいて、人々を異なる方法で扱ってきた。この自由な共和国において、すべての人民は平等に扱われなければならない。故に別々に扱ってはならない。
english,replace/focus_l_japanese.yml,USA_fund_the_navy,海軍への投資
english,replace/focus_l_japanese.yml,USA_fund_the_navy_desc,新たな敵が何で攻撃して来ようとも対処できなければならない。海軍演習へのさらなる投資によって、敵海軍に優る腕利きの海軍を作り上げられるだろう。
english,replace/focus_l_japanese.yml,USA_global_hegemony,世界的覇権
english,replace/focus_l_japanese.yml,USA_global_hegemony_desc,我々は世界的覇権の地位として成し遂げられる最先端に立っている。我が国がただ存在するだけで紛争を防ぐことができるということだ。この惑星に存在する列強の全てが我が国の立場を理解することを、只々確実なものとしなければならない。
english,replace/focus_l_japanese.yml,USA_great_depression_cooldown,新法制はまだ起草段階にある
english,replace/focus_l_japanese.yml,USA_great_depression_cooldown_tt,この法律が通過した後、次のニューディール関連法制が起草され、大統領が署名するまでに§Y230日§!かかるだろう。\n\n
english,replace/focus_l_japanese.yml,USA_guarantee_the_american_dream,アメリカン・ドリームの保証
english,replace/focus_l_japanese.yml,USA_guarantee_the_american_dream_desc,国民の多くは、その生活に多くは望んでいない。ただ雇用の安定、健康の維持、子供を持てる家を望んでいる。人々がそんな願いを持ってはならぬ理由などない。
english,replace/focus_l_japanese.yml,USA_hemisphere_defense,西半球の防衛
english,replace/focus_l_japanese.yml,USA_hemisphere_defense_desc,諸外国の如何なる紛糾にかかわらず、我々はいの一番に近隣国に目を向けなければならない。
english,replace/focus_l_japanese.yml,USA_honor_the_confederacy,連合国の称揚
english,replace/focus_l_japanese.yml,USA_honor_the_confederacy_desc,あまりにも長きに渡って、南北戦争の物語は北軍視点で語られてきた。要は不運の叛逆の物語としてだ。今こそ、もう一方の視点から語り始める時である。
english,replace/focus_l_japanese.yml,USA_income_tax_reform,所得税改革
english,replace/focus_l_japanese.yml,USA_income_tax_reform_desc,所得税はすべてのアメリカ人の財布から金を取るが、市民の金は物を買うことに費やされ、地方経済を支えている。我々はアメリカ人に自身の財政に対する自治権を返上しよう。
english,replace/focus_l_japanese.yml,USA_institute_of_american_sciences,アメリカ科学研究所
english,replace/focus_l_japanese.yml,USA_institute_of_american_sciences_desc,これまで大学や研究室の手動により研究内容が選択されてきた。これからは我々が作成した世界レベルの科学者たちを効率的に管理する新たな組織により管理される。
english,replace/focus_l_japanese.yml,USA_intervention_in_asia,アジアへの介入
english,replace/focus_l_japanese.yml,USA_intervention_in_asia_desc,ヨーロッパにおける展開がしばしば隠しているが、我々が介入の準備をしなければならない独自の問題をアジアは有している。
english,replace/focus_l_japanese.yml,USA_intervention_in_europe,ヨーロッパへの介入
english,replace/focus_l_japanese.yml,USA_intervention_in_europe_desc,先の大戦が終わって、20年も経たないうちに欧州諸国は再び戦争の危機にある。情勢が変わり、我々の介入が必要になる場合に備えて相応の準備をしなければならない。
english,replace/focus_l_japanese.yml,USA_intervention_in_the_americas,アメリカ州での介入
english,replace/focus_l_japanese.yml,USA_intervention_in_the_americas_desc,我々が最初に取り組むべき仕事として、この西半球において起こり得る様々な事象に対し、確実に準備を整えなければならない。
english,replace/focus_l_japanese.yml,USA_invite_foreign_support,海外の支援を誘致
english,replace/focus_l_japanese.yml,USA_invite_foreign_support_desc,一部の州政府と軍の忠誠心について、いくつかの非常に由々しき報告が挙がっている。我々は海外からの支援を探す必要があるかもしれない。
english,replace/focus_l_japanese.yml,USA_issue_war_bonds,戦時国債
english,replace/focus_l_japanese.yml,USA_issue_war_bonds_desc,戦時国債によって、我々は市民の戦時運動への支援と愛国心を頼りに軍事費を調達できるだろう。
english,replace/focus_l_japanese.yml,USA_labour_management_relations_act,労使関係法
english,replace/focus_l_japanese.yml,USA_labour_management_relations_act_desc,現在、アメリカの企業はストライキ、組織化、賃上げ要求などの組合活動によって攻撃を受けている。我々は行き過ぎた行為を認め続けることはできない。
english,replace/focus_l_japanese.yml,USA_lend_lease_act,レンドリース法
english,replace/focus_l_japanese.yml,USA_lend_lease_act_desc,多数の民主主義の国々が攻撃を受けている。彼らが戦いに負けている以上、我が国の海辺に戦争がやってくるのは時間の問題だ。我々は自らが為せる支援を為すべきである。たとえ彼らが直ちに装備の代金を支払うことができないとしてもだ。
english,replace/focus_l_japanese.yml,USA_lend_lease_act_neutrality_tt,\n\n中立法を通過させた場合、レンドリース法の通過に必要な議席数が§R劇的に増加する§!だろう
english,replace/focus_l_japanese.yml,USA_liberty_for_the_philippines,フィリピンの解放
english,replace/focus_l_japanese.yml,USA_liberty_for_the_philippines_desc,フィリピンの国民は自らの手で政を組織する能力を示した。かの国に対するアメリカの支配の最後の残滓を正式に取り除く時が来た。
english,replace/focus_l_japanese.yml,USA_liberty_ships,リバティシップ
english,replace/focus_l_japanese.yml,USA_liberty_ships_desc,兵士や物資が必要とされる場所に安全に輸送されるために、貨物船の大量生産は必要な産業技術である。
english,replace/focus_l_japanese.yml,USA_limited_intervention,限定的な介入
english,replace/focus_l_japanese.yml,USA_limited_intervention_desc,これによって我々はたちまち戦火に投げ込まれてしまうことだろう。しかし、近年の発展の結果、大勢の人が外国の紛争に助力してやってもよいと考えている。
english,replace/focus_l_japanese.yml,USA_limited_intervention_tt,\n\nこの法律が通過すると経済の動員が§R極めて困難§!になる。\n\n
english,replace/focus_l_japanese.yml,USA_louisiana_maneuvers,ルイジアナ演習
english,replace/focus_l_japanese.yml,USA_louisiana_maneuvers_desc,予算の制約によって、我々は軍事的な発展を遠くから観察することを強いられてきた。さて、ついに我々はいくつかの理論を実践で試すことができる。
english,replace/focus_l_japanese.yml,USA_magic,マジック (Magic) 情報
english,replace/focus_l_japanese.yml,USA_magic_desc,海軍は日本の暗号電文を解読できると考えている。我々は日本側の船舶の航行を含め、通信文で交換される情報の全てを解読できるかもしれない。
english,replace/focus_l_japanese.yml,USA_main_battle_tanks,主力戦車
english,replace/focus_l_japanese.yml,USA_main_battle_tanks_desc,戦場での経験から、戦車部隊は歩兵支援から敵戦車との戦闘まで多くの任務を遂行しなければならないことが明らかとなった。これらの任務に合った車両を設計することで、生産を合理化することが可能となる。
english,replace/focus_l_japanese.yml,USA_manhattan_project,マンハッタン計画
english,replace/focus_l_japanese.yml,USA_manhattan_project_desc,代替物質開発、アメリカ陸軍工兵司令部のこの一見無害そうな計画は、後にマンハッタン計画として知られるようになる。軍事史上最大級に危険で機密とされる企てであり、その目標は最初の原子爆弾を作ることだ。
english,replace/focus_l_japanese.yml,USA_manifest_destiny,明白なる運命
english,replace/focus_l_japanese.yml,USA_manifest_destiny_desc,建国と歴史にまつわる我が国の特殊な環境は、世界の不公正や抑圧に対し介入するべきであるという天命を我々にもたらしている。平和な国際的共同体の創造のため、最優先に輸出しなければならないものは自由なのだ。
english,replace/focus_l_japanese.yml,USA_manifest_destiny_tt,§Yすべてのファシズム、共産主義国家に対して戦争目標を得る。§!\n
english,replace/focus_l_japanese.yml,USA_maritime_commission,海事委員会
english,replace/focus_l_japanese.yml,USA_maritime_commission_desc,素人はただ軍艦だけに集中しようとするが、本物の専門家は粗末な貨物船が戦争を勝利に導くと解っている。戦時に利用できる輸送量を増強するため、船舶建造の調整を行う特別委員会を設置する。
english,replace/focus_l_japanese.yml,USA_military_construction,軍備増強
english,replace/focus_l_japanese.yml,USA_military_construction_desc,世界平和の脅威となる大国の存在によって、我が国の公共事業計画は民間向けと同程度、軍需物資に振り向けられるだろう。
english,replace/focus_l_japanese.yml,USA_militia_organization_act,民兵組織法
english,replace/focus_l_japanese.yml,USA_militia_organization_act_desc,誇り高き我らが共和国には、公民の兵隊という長い伝統がある。異国の敵が我が国を侵略したならば、いかなる時でも十分に武装し且つ見事に組織された、自らの家庭を守るために見知った土地で戦い続ける、男女の民兵を見ることになるだろう。
english,replace/focus_l_japanese.yml,USA_national_employment_strategy,国家雇用戦略
english,replace/focus_l_japanese.yml,USA_national_employment_strategy_desc,失業が起こる真の理由は単純明快である。「その失業者にとって提供された仕事が合わなかった」からだ。経営者の求人に見合う人材を探し当てられなかったから工場も止まる。それと同時に国内の一部の人々は飢えて苦しんでいる。我々の新しい戦略では、雇用者の企業経営に必要不可欠な人材を、確実に見出だせるようになる。
english,replace/focus_l_japanese.yml,USA_national_prosperity_program,国益成長戦略
english,replace/focus_l_japanese.yml,USA_national_prosperity_program_desc,迅速な経済回復と持続可能な繁栄を、着実に実行するための鍵となるのは、自由闊達な市場だけでなく、官民が事業を連携できる、慎重に舵をとった政治プログラムにある。
english,replace/focus_l_japanese.yml,USA_naval_radar,海軍用レーダー
english,replace/focus_l_japanese.yml,USA_naval_radar_desc,レーダーは我々の敵から夜闇の緞帳を剥ぎ取り、たとえ悪天候の中にいても連中を見つけ出し、我々がゆっくりと愉しむ機会を与えてくれる。
english,replace/focus_l_japanese.yml,USA_neutrality_act,中立法
english,replace/focus_l_japanese.yml,USA_neutrality_act_desc,ヨーロッパで戦争が勃発するのは益々確実だと思われる。先の大戦を通じてアメリカは同盟国に大量の武器を売ったことで、その代金を間違いなく支払ってもらうという確証を得、アメリカは参戦すると多くの国々が思っていた。だが今回は、どうも戦争から利益を得られそうにない。
english,replace/focus_l_japanese.yml,USA_north_american_dominion,北アメリカの支配
english,replace/focus_l_japanese.yml,USA_north_american_dominion_desc,我々の目と鼻の先にある国境は安全となった。これからは北米に対する遍く脅威に先制防衛行動を取るために、我々はより遠くを見つめなければならない。この地域では如何なる悪徳国家も許されることはない。
english,replace/focus_l_japanese.yml,USA_office_of_scientific_research_and_development,科学研究開発局
english,replace/focus_l_japanese.yml,USA_office_of_scientific_research_and_development_desc,戦争が近づいており、我々は科学者の支援を行い、如何なる敵に対して圧倒的である必要がある。
english,replace/focus_l_japanese.yml,USA_office_of_strategic_services,戦略諜報局
english,replace/focus_l_japanese.yml,USA_office_of_strategic_services_desc,情報専門機関の組織は今の戦争のみならず、将来の外国への軍事行動の助けになるだろう。イギリスの情報機関は模範として役に立つはずだ。
english,replace/focus_l_japanese.yml,USA_old_age_pension_act,老齢年金法
english,replace/focus_l_japanese.yml,USA_old_age_pension_act_desc,仕事ばかりの人生を送ったなら、その人々は皆、経済の安定に楽しみつつ老齢者として尊敬されるに値する。こんな人達を支えるために存在するべき法制度が明らかに足りていない。
english,replace/focus_l_japanese.yml,USA_pacific_decolonisation,太平洋の植民地解放
english,replace/focus_l_japanese.yml,USA_pacific_decolonisation_desc,ヨーロッパの列強が太平洋への駐留を続ける、あるいは太平洋の人々にヨーロッパの主人へと奉仕させ続ける、そんなことに正統性など「決して」無い。こんな正義に背くことが続くならば、アメリカはもはや悠長に構えてはいられない。
english,replace/focus_l_japanese.yml,USA_pacific_pacification,太平洋に太平を
english,replace/focus_l_japanese.yml,USA_pacific_pacification_desc,オーストラリアとニュージーランドが効率的な防御を整えるには、イギリス本国からあまりにも遠すぎる。[USA.GetNameDef]に歯向かう国によって、この地が陥落することを決して許してはならない。
english,replace/focus_l_japanese.yml,USA_pax_americana,パックス・アメリカーナ
english,replace/focus_l_japanese.yml,USA_pax_americana_desc,アメリカ大陸の平和は維持されねばならない。我々は隣国間の些細な争いの激化をとどめる力を有している。玄関口での戦争は正に敵の願うところであり、それを防ぐためにはあらゆる手段を講じる必要があるだろう。
english,replace/focus_l_japanese.yml,USA_pax_americana_tt,@USA §Yアメリカ合衆国§!がアメリカ大陸の国家同士の戦争に介入できる。
english,replace/focus_l_japanese.yml,USA_pearl_harbor_gambit,パールハーバーでの策略
english,replace/focus_l_japanese.yml,USA_pearl_harbor_gambit_desc,パールハーバーの海軍基地は日本にとって狙いやすい目標ではあるが、そこに艦隊を配備することで太平洋における我らの力を知らしめることができる。あえて、このような大胆な配置転換を行うべきなのだろうか？
english,replace/focus_l_japanese.yml,USA_pearl_harbor_gambit_tt,§Yこの方針を選択している間、日本は攻撃を開始する機会を得る。§!
english,replace/focus_l_japanese.yml,USA_preemptive_intervention,先制介入
english,replace/focus_l_japanese.yml,USA_preemptive_intervention_desc,ただ座して、隣国が我が国やその同盟国を抑圧するための戦争の道具を作り上げているのを眺めている事はもはや出来ない。精強なる我が国と世界のために、介入の必要があるだろう。
english,replace/focus_l_japanese.yml,USA_prepare_intervention,介入の準備
english,replace/focus_l_japanese.yml,USA_prepare_intervention_desc,外交と貿易の動きを通じて、国際社会における我々の地位は中立孤立から外国への介入を画策するスタンスへと変化した。軍の方針もこれを反映することだろう。
english,replace/focus_l_japanese.yml,USA_privatize_the_TVA,TVAの民営化
english,replace/focus_l_japanese.yml,USA_privatize_the_TVA_desc,TVA、テネシー川流域開発公社は民間の競争を追い払い、テネシー州とその周辺地域の土木事業を牛耳るために設立された。民間の分野がもっと良い結果を出すと証明された事業を、わざわざ政府がやる必要はないだろう。
english,replace/focus_l_japanese.yml,USA_protect_south_america,南アメリカの保護
english,replace/focus_l_japanese.yml,USA_protect_south_america_desc,二つの大陸の南側が発見されて以来、この地は帝国主義者の遊び場だった。南側の国々が引っ掻き回されず、より生産的な未来へと導くのを着実なものとするため、我々が役目を買って出る時が来た。
english,replace/focus_l_japanese.yml,USA_protectionist_tariffs,保護主義関税
english,replace/focus_l_japanese.yml,USA_protectionist_tariffs_desc,自由貿易は我々の市場を外国の競争相手に開放したが、彼らの多くは自国の関税を引き上げた。彼らの会社は税関の壁という安全を享受し、一方で我々の会社は厳しい競争に直面している。こんなことはもう終わりにしなければならない。
english,replace/focus_l_japanese.yml,USA_reach_out_to_the_ware_group,ウェア・グループとの意思疎通
english,replace/focus_l_japanese.yml,USA_reach_out_to_the_ware_group_desc,我々の政府の内部には献身的な共産主義者による小規模な集団が存在する。彼らは秘密裏に活動していると思い込んでるが、我々は名前も顔も知っている。だがもしかすると、彼らを我々の目標について手を結ぶように見出して、政府に参加させるよう説得できるかもしれない。
english,replace/focus_l_japanese.yml,USA_recruit_the_free_corps,自由軍団の雇用
english,replace/focus_l_japanese.yml,USA_recruit_the_free_corps_desc,益々疑心暗鬼を生じている軍部に対し、我々は先の大戦の英雄たちに声を呼びかけるべきだろう。時局匡救のためにと、ドイツの義勇軍、フライコールはドイツ共和国を支援するために集結した。我々にもこれに似た、必要な時に助けてくれる忠実な組織が必要だ。
english,replace/focus_l_japanese.yml,USA_reestablish_the_gold_standard,金本位制の再導入
english,replace/focus_l_japanese.yml,USA_reestablish_the_gold_standard_desc,金本位制がなければ金銭はただの信仰の代物でしかないが、インフレの横行は国民の貯蓄を喰らい、労働賃金を下降させている。我々はこの財政的に無責任な道を放棄しなければならない。
english,replace/focus_l_japanese.yml,USA_reinforce_monroe_doctrine,モンロー主義の再確認
english,replace/focus_l_japanese.yml,USA_reinforce_monroe_doctrine_desc,100年前、モンロー教書によって、ヨーロッパがアメリカ大陸を植民地化しようとした際には介入し、しかしヨーロッパとは関わりを持たないことが規定された。ヨーロッパ大陸の平和維持隊としての力を強めることで、我々は彼らに影響力を行使できるようになるだろう。
english,replace/focus_l_japanese.yml,USA_reinforce_monroe_doctrine_tt,すべてのアメリカ大陸国家との貿易上の関係を改善する。\n
english,replace/focus_l_japanese.yml,USA_reintegration,再統合
english,replace/focus_l_japanese.yml,USA_reintegration_desc,戦争は我らの国を引き裂いた。だが最終的には、我々に対し決起した人々もまた、こちら側に還ることができる。その人々が自分たちの歩む道が誤っていると気づいた時に、我々の誇り高き共和国の政治プロセスに、再び彼らを迎え入れるべきである。
english,replace/focus_l_japanese.yml,USA_rubber_reserve_company,ゴム備蓄会社
english,replace/focus_l_japanese.yml,USA_rubber_reserve_company_desc,戦争の勃発に伴い、ほぼすべての輸入ゴム資源を喪失している。\n\n多大な協調的努力により、合衆国のゴム会社は戦争努力の要求を満たすことさえできる合成ゴムのより良い製造法を見出すことができる。
english,replace/focus_l_japanese.yml,USA_scientist_haven,科学者の避難地
english,replace/focus_l_japanese.yml,USA_scientist_haven_desc,世界の自由を護る管理人だと断言することで、我々は圧政の敷かれている外国からの研究者や知識人を受け入れることができた。彼らにこの機会に溢れた国で我々の主義を支持し、成功するチャンスを与える。
english,replace/focus_l_japanese.yml,USA_secure_asia,アジアの確保
english,replace/focus_l_japanese.yml,USA_secure_asia_desc,どうもヨーロッパの植民地国家は、アジアの植民地としてしっかりと防衛を行うことを望んでいない、または不可能なように見える。この地がさらなる侵略戦争の踏み台とならぬよう、彼らの苦しみを我々が引き継いでやらねばならない。
english,replace/focus_l_japanese.yml,USA_secure_china,中国の保障
english,replace/focus_l_japanese.yml,USA_secure_china_desc,中国は長く血生臭い内戦に巻き込まれてきた。国民党政府の腐敗は酷く、人々からの支持を完全に失っている。我々は彼らを支援する時が来た、中国を統一し国内を平定し得る唯一の立役者たる中国共産党を。
english,replace/focus_l_japanese.yml,USA_seize_cuba,キューバの確保
english,replace/focus_l_japanese.yml,USA_seize_cuba_desc,我々の裏庭に、攻撃者が基地として利用できる準備のできている不沈空母がある。これを敵に利用させてはならない。
english,replace/focus_l_japanese.yml,USA_selective_training_act,選抜徴兵法
english,replace/focus_l_japanese.yml,USA_selective_training_act_desc,戦時においてすら、歴史的に合衆国は徴兵制を採用することに遅れてきた。我々はもはやこのような驕りを許容することは出来ない。
english,replace/focus_l_japanese.yml,USA_send_lindbergh_to_germany,リンドバーグのドイツ派遣
english,replace/focus_l_japanese.yml,USA_send_lindbergh_to_germany_desc,あの著名な飛行士が、ドイツが先の大戦から如何に復興したか調査するため、ヨーロッパに行きたいのだと申し出てきた。これは我々にとって貴重な経験をもたらしてくれるに違いない。リンドバーグはまた、彼が顧問の立場から政府に加わることも厭わないと暗に示してきた。
english,replace/focus_l_japanese.yml,USA_shatter_the_empires,帝国主義者の粉砕
english,replace/focus_l_japanese.yml,USA_shatter_the_empires_desc,かつて我々は世界帝国の植民地だった、自由の対価を血で贖うまでは。我ら共和国は、自身こそ世界の支配者たりうると夢見る国々を封じ込めるまでは、心の底から安心することはない。
english,replace/focus_l_japanese.yml,USA_south_america,南アメリカ
english,replace/focus_l_japanese.yml,USA_south_america_desc,植民地帝国による南アメリカへの拡張を二度と出来ない様にするため、南の兄弟の独立を保障し我々はそれらを安全に保たねばならない。
english,replace/focus_l_japanese.yml,USA_strategic_bombing,戦略爆撃
english,replace/focus_l_japanese.yml,USA_strategic_bombing_desc,精密爆撃を遂行する能力によって戦争の道を突き進む国を必ず止めることができるだろう。
english,replace/focus_l_japanese.yml,USA_strategic_interests,戦略的関心
english,replace/focus_l_japanese.yml,USA_strategic_interests_desc,世界はこれまで以上に密接に繋がっている。一部分の脅威から全世界の危機に成長するのは容易いことだ。我々は世界中に相互支援の拠点網を構築し、あらゆる状況に対し迅速に対処できなければならない。
english,replace/focus_l_japanese.yml,USA_strike_at_the_empire,帝国への一撃
english,replace/focus_l_japanese.yml,USA_strike_at_the_empire_desc,世界の自由に対する真の脅威は、ヨーロッパの大国によって作り上げられた植民地帝国だ。かつて我々が自らを自由にした大英帝国から自由は始まる、彼らは粉砕されなければならない。
english,replace/focus_l_japanese.yml,USA_support_rock_island,ロックアイランド工廠の支援
english,replace/focus_l_japanese.yml,USA_support_rock_island_desc,可能な限りの手段でもって味方の勇敢な兵士たちを支えることが勝利への鍵となる。遠距離からあるいは戦場にて直接大口径野砲の砲火によって支援することこそ、我が軍の兵士たちに必要なのだ。
english,replace/focus_l_japanese.yml,USA_suspend_the_presecution,迫害の停止
english,replace/focus_l_japanese.yml,USA_suspend_the_presecution_desc,アメリカ市民の各々の政治的見解に対する迫害は（たとえどれほど恐ろしい思想であったとしても）この国の基本的価値観にそぐわない。直ちに迫害を中止するべきだ。
english,replace/focus_l_japanese.yml,USA_tank_destroyer_doctrine,戦車駆逐ドクトリン
english,replace/focus_l_japanese.yml,USA_tank_destroyer_doctrine_desc,何人かの砲兵将校によって展開された物議をかもす理論によると、装甲突破に対する最善の兵器は、高速かつ軽量だが重装備の武装車両である。
english,replace/focus_l_japanese.yml,USA_tank_experiments,戦車実験
english,replace/focus_l_japanese.yml,USA_tank_experiments_desc,現代の戦場において戦車は欠かすことができない。我々は戦車をどう運用するべきか研究しなければならない。
english,replace/focus_l_japanese.yml,USA_the_canadian_corridor,カナダ回廊
english,replace/focus_l_japanese.yml,USA_the_canadian_corridor_desc,貧相な人口しかないカナダの領土の一片が、アラスカと合衆国本土を分け隔てている。故に北方の防衛はカナダの善意で成り立っている。しかし、最も攻撃する可能性が高い国もカナダである。これを阻止しなければならない。
english,replace/focus_l_japanese.yml,USA_the_giant_wakes,巨人の目覚め
english,replace/focus_l_japanese.yml,USA_the_giant_wakes_desc,民主主義と自由の価値を守るため、多くの国々が我が国を頼りにしている。孤立主義のアメリカはもはや存在せず、我が国は現在の世界情勢を鑑みて行動する。
english,replace/focus_l_japanese.yml,USA_the_neighbors,隣国
english,replace/focus_l_japanese.yml,USA_the_neighbors_desc,我が国に最も近い国々の安全こそが最優先で注意すべきことだ。我が国に達するために隣国を侵攻するというよりはむしろ、隣国を侵攻するというならまず我が国と戦わねばならないことを敵に知らしめよう。
english,replace/focus_l_japanese.yml,USA_two_ocean_navy_act,両洋艦隊法
english,replace/focus_l_japanese.yml,USA_two_ocean_navy_act_desc,開戦の機運が高まってきている以上、我々はアメリカの大地に、敵が足を踏み入れることが決して叶わぬように努めなければならない。我が国の海軍は、我が国の国境線を形作る、二つの大海洋のいずれかで戦えなければならない。
english,replace/focus_l_japanese.yml,USA_unholy_alliance,非神聖同盟
english,replace/focus_l_japanese.yml,USA_unholy_alliance_desc,我々は敵を選ぶこともあるだろう。選択は簡単なこととは限らない。将来、独裁者とともにいた咎を受けるかもしれないし、独裁者から人々を守ったことを称賛されるかも知れない。
english,replace/focus_l_japanese.yml,USA_unholy_alliance_tt,独ソ両国が交戦状態にある場合、防衛国側との外交的関係、貿易における関係を改善する。
english,replace/focus_l_japanese.yml,USA_union_representation_act,組合代表法
english,replace/focus_l_japanese.yml,USA_union_representation_act_desc,労働は人間の生活の主幹であり、労働組合を組織する事とは民主主義社会を組織する為の原理的主幹である。このことを我々が認識し、労働組合が議会に対し委任代表権を有することを確実なものにするのは当然である。
english,replace/focus_l_japanese.yml,USA_unrestricted_submarine_warfare,無制限潜水艦作戦
english,replace/focus_l_japanese.yml,USA_unrestricted_submarine_warfare_desc,如何なる善意ある条約が潜水艦戦を抑制しようとも、紙に書かれただけの文書に価値がないのは歴史が証明している。我々の敵が無視する程の愚策に、思考を囚われてしまってはならない。
english,replace/focus_l_japanese.yml,USA_us_air_force,合衆国空軍
english,replace/focus_l_japanese.yml,USA_us_air_force_desc,軍事空軍力の主目的は戦争に勝つことであり、戦略爆撃は敵の継戦能力を奪うことにつながる。
english,replace/focus_l_japanese.yml,USA_us_army_airforce,合衆国陸軍航空隊
english,replace/focus_l_japanese.yml,USA_us_army_airforce_desc,軍事空軍力の主目的は地上部隊の支援であり、それ以外は二の次である。
english,replace/focus_l_japanese.yml,USA_us_ussr_economic_cooperation,米ソ経済協力
english,replace/focus_l_japanese.yml,USA_us_ussr_economic_cooperation_desc,その混沌と鮮血に包まれた誕生にもかかわらず、ソビエト連邦は現代工業化社会の建設において著しい進歩を成し遂げてきた。我々は彼らを助けるために手を差し伸べるべきだ。
english,replace/focus_l_japanese.yml,USA_voter_registration_act,有権者登録法
english,replace/focus_l_japanese.yml,USA_voter_registration_act_desc,選挙は民主主義にとって最も重要な要素である。誰が有権者であるかを確認するべきではない、などという要求は全く以て理に適わない。あるいはもしかすると、自由な選挙を求める人々はより邪悪な動機を持っていて、不正投票によって民主主義の手続きを覆そうと思っているのかも知れない……
english,replace/focus_l_japanese.yml,USA_war_department,陸軍省
english,replace/focus_l_japanese.yml,USA_war_department_desc,工業化された戦争の時代において、我々の偉大な国家の資源を最大限に活用できる行政機関を有しなければならない。
english,replace/focus_l_japanese.yml,USA_war_plan_black,ブラック計画
english,replace/focus_l_japanese.yml,USA_war_plan_black_desc,これは、ドイツの政策や拡張論が正気の沙汰を遥か超えることを考えるためのものだ。彼らの戦力が引き返せない場所までたどり着く前に止める必要がある。
english,replace/focus_l_japanese.yml,USA_war_plan_crimson,クリムゾン計画
english,replace/focus_l_japanese.yml,USA_war_plan_crimson_desc,今の所カナダは良き隣人かもしれないが、今後もそうとは限らない。
english,replace/focus_l_japanese.yml,USA_war_plan_gold,ゴールド計画
english,replace/focus_l_japanese.yml,USA_war_plan_gold_desc,フランスは国内の分裂と急進主義者の増加に苦しむ一方で、ヨーロッパの強力な軍事大国の一つでもあり続けている。この組み合わせが多くの人々を苛つかせている。
english,replace/focus_l_japanese.yml,USA_war_plan_gray,グレー計画
english,replace/focus_l_japanese.yml,USA_war_plan_gray_desc,歴史はカリブ海諸国が非常に不安定であることを示している。我々はアメリカの権益が不安定のどん底に吸い込まれる前に、素早くその保護に乗り出さなければならない。
english,replace/focus_l_japanese.yml,USA_war_plan_green,グリーン計画
english,replace/focus_l_japanese.yml,USA_war_plan_green_desc,革命の後もメキシコは不安定な国家であることに変わりはない。我々は毅然とした態度で、この地への介入に備えなければならない。
english,replace/focus_l_japanese.yml,USA_war_plan_orange,オレンジ計画
english,replace/focus_l_japanese.yml,USA_war_plan_orange_desc,日本の帝国主義的野望より脅威なものはない。アジアに、太平洋に勢力を伸ばそうとする彼らは我々の勢力圏との対立に向かうだろう。
english,replace/focus_l_japanese.yml,USA_war_plan_red,レッド計画
english,replace/focus_l_japanese.yml,USA_war_plan_red_desc,人々の権利を尊重する道を歩み始めたように見えた旧宗主国だが、我々が受け入れた風向きの変化とは相容れないようだ。大英帝国は本性を現した。我々の立場を彼らに分からせてやる必要がある。
english,replace/focus_l_japanese.yml,USA_war_plan_ruby,ルビー計画
english,replace/focus_l_japanese.yml,USA_war_plan_ruby_desc,インドには何百万もの人々が住んでいる。彼らと衝突する前にその事実に向き合う必要がある。
english,replace/focus_l_japanese.yml,USA_war_plan_scarlet_garnet,スカーレット・ガーネット計画
english,replace/focus_l_japanese.yml,USA_war_plan_scarlet_garnet_desc,太平洋において、オーストラリアとニュージーランドは彼らの祖国の助けとなるかもしれない。イギリスに対処するあらゆる計画には、彼の国の植民地も含まれなければならない。
english,replace/focus_l_japanese.yml,USA_war_plan_silver,シルバー計画
english,replace/focus_l_japanese.yml,USA_war_plan_silver_desc,イタリアは地中海の支配などという野望を公然と顕にした。イタリアの帝国主義的野心と我々の国益が相反するなら、我々はその時に備えなければならない。
english,replace/focus_l_japanese.yml,USA_war_plan_white,ホワイト計画
english,replace/focus_l_japanese.yml,USA_war_plan_white_desc,アカの脅威は拡大しており、野放しにしては置けない。外からであっても内からであっても、アカは合衆国その他の自由主義国家にとってこれ以上ない脅威だ。
english,replace/focus_l_japanese.yml,USA_war_plan_yellow,イエロー計画
english,replace/focus_l_japanese.yml,USA_war_plan_yellow_desc,中国は一世代以上にわたって内戦状態にある。いつ我々が介入しなければならないほど状況が悪化するかについては断言できない。
english,replace/focus_l_japanese.yml,USA_war_plans_division,戦争計画課
english,replace/focus_l_japanese.yml,USA_war_plans_division_desc,平和を望む一方で、戦争に備えることも欠かせない。
english,replace/focus_l_japanese.yml,USA_war_powers_act,戦争権限法
english,replace/focus_l_japanese.yml,USA_war_powers_act_desc,次々に高速化する航空機が次々に爆弾を積み増すこの世界において、また潜水艦や化学兵器の溢れるこの世界において、大統領は国家防衛に必要な事柄について、一々議会の同意を求めるよう権力を制限されているのは、災厄をおびき寄せているようなものであろう。
english,replace/focus_l_japanese.yml,USA_war_propaganda,戦争プロパガンダ
english,replace/focus_l_japanese.yml,USA_war_propaganda_desc,国民は我が子を再び戦争で失いたいと思っていないが、多くの政治家は介入の必要性を感じている。露骨な対立を煽り、敵を悪しきものとして刷り込むプロパガンダは、暴君に対抗するただの一手段では終わらないかもしれない。
english,replace/focus_l_japanese.yml,USA_wartime_industry,戦時産業
english,replace/focus_l_japanese.yml,USA_wartime_industry_desc,我が国は強力な工業力を有しているが、その全てを軍需物資の生産に割り当てているわけではない。設備の改編における効果的な方法を発見することで、より効率的に資源を活用できるだろう。
english,replace/focus_l_japanese.yml,USA_womens_armed_service_integration_act,女性武装勤務統合法
english,replace/focus_l_japanese.yml,USA_womens_armed_service_integration_act_desc,奉仕を望む人々を排除する余裕は我々にはない。制服を着たすべての女性が前線で戦う男性を解放するのだ。
english,replace/focus_l_japanese.yml,USA_work_with_the_bund,ドイツ系アメリカ人協会と連携
english,replace/focus_l_japanese.yml,USA_work_with_the_bund_desc,ドイツ系アメリカ人協会は、ドイツにルーツを持つアメリカ国民の多くに、我々の立場を伝える手助けをしてくれた。これで彼らの多い州に我々と共感する支持母体が生まれるのは、確実なものとなるだろう。
english,replace/focus_l_japanese.yml,USA_work_with_the_bund_tt,内戦の際に次の州が確実に政府側に残留する: オハイオ、ミズーリ、ウィスコンシン、イリノイ、インディアナ、ミシガン
english,replace/focus_l_japanese.yml,USA_worker_management_act,労働者管理法
english,replace/focus_l_japanese.yml,USA_worker_management_act_desc,工場や事務所の監督者が現場での経験がないという事例が頻繁に起きている。生産現場の現実を理解できないが故に、彼らは非現実的な生産目標を設ける。このような無能な監督者が引き起こす損害から我が国の経済を守るために、我々は、労働者の労働者による労働者のための労働管理を強く推し進めねばならぬ!
english,replace/focus_l_japanese.yml,USA_wpa,雇用促進局
english,replace/focus_l_japanese.yml,USA_wpa_desc,大勢の人々が未だに大恐慌による失業に苦しんでいる。公共事業で働く人々のための政府機関はこの問題への完全な対策とはならないが、その事業の進捗管理は好ましい傾向への第一歩となるだろう。
english,replace/focus_l_japanese.yml,WHILE_FOCUSING,この方針に注力する間、以下の影響がある:\n$EFF$
english,replace/focus_l_japanese.yml,advanced_torpedoes_focus,先進的魚雷
english,replace/focus_l_japanese.yml,advanced_torpedoes_focus_desc,圧縮空気の代わりに圧縮酸素を使用することで、我々の魚雷はより遠くへ到達し、今までにない大きな弾頭を運用することが可能になる。
english,replace/focus_l_japanese.yml,air_base_expansion_focus,航空基地拡張
english,replace/focus_l_japanese.yml,air_base_expansion_focus_desc,陸軍への支援を改善するため、空軍はさらに大きな飛行場が必要である。
english,replace/focus_l_japanese.yml,air_bonus,航空機のボーナス
english,replace/focus_l_japanese.yml,air_defense_focus,防空
english,replace/focus_l_japanese.yml,air_defense_focus_bypass_tt,§Y対空設備§!用の建築スロットが不十分
english,replace/focus_l_japanese.yml,air_defense_focus_desc,敵はどこからやってくるか、そんなことは決まっている。我々は膨大な対空砲台で海岸を護らねばならない。
english,replace/focus_l_japanese.yml,air_defense_focus_tt,最大限の§Y対空設備§!を§Yイースト・アングリア§!、§Yサセックス§!、§Yイングランド南西部§!に配備。
english,replace/focus_l_japanese.yml,air_doc_bonus,空軍ドクトリンのボーナス
english,replace/focus_l_japanese.yml,air_focus_bypass_tt,§Y航空基地§!用の建築スロットが不十分
english,replace/focus_l_japanese.yml,air_innovation,空軍改革
english,replace/focus_l_japanese.yml,air_innovation_2,空軍改革 II
english,replace/focus_l_japanese.yml,air_innovation_2_desc,我らが空において得るアドバンテージは素晴らしいものになるだろう。全力を挙げて戦闘機を開発しなければならない。
english,replace/focus_l_japanese.yml,air_innovation_desc,現代戦において、空を支配せずに勝利は得られない。空軍発展のため、あらゆることを行わなければならない!
english,replace/focus_l_japanese.yml,air_rearmament_focus,空軍再軍備
english,replace/focus_l_japanese.yml,air_rearmament_focus_desc,[Root.GetAirRearmamentDesc]
english,replace/focus_l_japanese.yml,air_sup_bonus,航空優勢ドクトリンのボーナス
english,replace/focus_l_japanese.yml,aircraft_production_focus,航空機生産団
english,replace/focus_l_japanese.yml,aircraft_production_focus_desc,航空機生産は今もなお我々の最優先事項である。ロンドン航空機生産団を創設し、あらゆる航空機関連産業を指揮、管理させるべきだ。
english,replace/focus_l_japanese.yml,anschluss_mefo_bills_double_reduction,§Yメフォ手形§!に日毎の政治力獲得§G+0.10§!の補正\n
english,replace/focus_l_japanese.yml,anschluss_mefo_bills_tt,オーストリアの金を利用して、§Yメフォ手形§!のコストを削減する。\n
english,replace/focus_l_japanese.yml,armor_bonus,機甲部隊のボーナス
english,replace/focus_l_japanese.yml,armor_innovations_focus,機甲部隊改革
english,replace/focus_l_japanese.yml,armor_innovations_focus_desc,我が国では陸軍が優勢であることから、一部の将軍は多数の現代的な装甲車両に投資することを提案している。
english,replace/focus_l_japanese.yml,army_air_innovations_focus,陸軍航空隊改革
english,replace/focus_l_japanese.yml,army_air_innovations_focus_desc,空軍の第一任務は我らが偉大なる陸軍の支援であるべきだ!
english,replace/focus_l_japanese.yml,army_effort,陸軍への注力
english,replace/focus_l_japanese.yml,army_effort_desc,空戦や海戦がどれだけ進歩しても、陸上戦闘は将来の戦争でも鍵であり続ける。備えることで、塹壕の地獄へ舞い戻ることを回避できるのだ。
english,replace/focus_l_japanese.yml,army_innovations_focus,陸軍改革
english,replace/focus_l_japanese.yml,army_innovations_focus_desc,今や陸軍は帝国の主たる軍であると認められた。陸軍ドクトリン開発にさらなる資源を投入するのは当然である。
english,replace/focus_l_japanese.yml,army_motorization_focus,陸軍の自動車化
english,replace/focus_l_japanese.yml,army_motorization_focus_desc,自動車化への大きな注力は歩兵が戦場に移動する速さを向上するだろう。少なくとも良く舗装された地域では。
english,replace/focus_l_japanese.yml,army_primancy_focus,陸軍優先
english,replace/focus_l_japanese.yml,army_primancy_focus_desc,陸軍こそが帝国の正当な軍隊の道である。地上を支配し、護る力は下等な海軍に遥か優越する点である。即ち、陸軍にさらなる資源を与えることで、その可能性は無限大に広がることは自明である、ということだ。
english,replace/focus_l_japanese.yml,arty_bonus,砲兵技術のボーナス
english,replace/focus_l_japanese.yml,atlantikwall_tooltip,我々が完全に支配している以下の大西洋沿岸部に§Y沿岸要塞§!を設置:\n
english,replace/focus_l_japanese.yml,atlantikwall_tooltip_2,§Yアキテーヌ§!\n§Yポワトゥー§!\n§Yロワール§!\n§Yブルターニュ§!\n§Yノルマンディー§!\n§Yパ・ド・カレー§!\n§Yフランドル§!\n§Yホラント§!\n§Yフリースラント§!\n§Yヴェーザー=エムス§!\n§Yハノーファー§!\n§Yシュレースヴィヒ＝ホルスタイン§!\n§Yユトランド§!\n§Yエストラン§!\n§Yヴェストラン§!\n§Yトロンデラーグ§!\n§Yノルドノルゲ§!\n
english,replace/focus_l_japanese.yml,available_chief_of_airforce,§Y空軍長官§!として以下が§G利用可能§!:\n
english,replace/focus_l_japanese.yml,available_chief_of_army,§Y陸軍長官§!として以下が§G利用可能§!:\n
english,replace/focus_l_japanese.yml,available_chief_of_navy,§Y海軍長官§!として以下が§G利用可能§!:\n
english,replace/focus_l_japanese.yml,available_designer,§Y設計会社§!として以下が§G利用可能§!:\n
english,replace/focus_l_japanese.yml,available_industrial_concern,§Y工業会社§!として以下が§G利用可能§!:\n
english,replace/focus_l_japanese.yml,available_military_high_command,§Y軍最高司令部§!として以下が§G利用可能§!:\n
english,replace/focus_l_japanese.yml,available_political_advisor,§Y政治顧問§!として以下が§G利用可能§!:\n
english,replace/focus_l_japanese.yml,available_theorist,§Y理論家§!として以下が§G利用可能§!:\n
english,replace/focus_l_japanese.yml,aviation_effort,空軍力への注力
english,replace/focus_l_japanese.yml,aviation_effort_2,空軍力への注力 II
english,replace/focus_l_japanese.yml,aviation_effort_2_desc,空軍力を他部門の軍とうまく統合するには、航空機のさらなる進歩が必要だろう。
english,replace/focus_l_japanese.yml,aviation_effort_desc,空の戦いにおいての技術的進化ほど速いものは他にない。近代国家なら熟達せねばならない分野が空軍力である。
english,replace/focus_l_japanese.yml,aviation_effort_tt,§Y航空基地§!用の建築スロットが不十分
english,replace/focus_l_japanese.yml,axis_leanings_focus,枢軸国に加盟
english,replace/focus_l_japanese.yml,axis_leanings_focus_desc,我々は新生ドイツと同じように多くの利益と価値を持っており、それはヨーロッパでも支持母体を築いている。枢軸同盟への参画は、充分な強さを持つ友人を仲間にし、彼らとアジアで対抗しないという取り決めを得られるだろう。
english,replace/focus_l_japanese.yml,battle3_1,現在地の把握
english,replace/focus_l_japanese.yml,battle3_10,海外からの投資の受け入れ
english,replace/focus_l_japanese.yml,battle3_10_desc,大国の莫大な資本を受け入れることにより、大規模事業を実施しやすくなる。
english,replace/focus_l_japanese.yml,battle3_11,インフラ強化
english,replace/focus_l_japanese.yml,battle3_11_desc,強力なインフラは民需、軍需双方に役に立つ。
english,replace/focus_l_japanese.yml,battle3_12,戦時経済統制法
english,replace/focus_l_japanese.yml,battle3_12_1,研究力の強化
english,replace/focus_l_japanese.yml,battle3_12_1_desc,いつまでも技術後進国の地位に甘んじるわけにはいかない。
english,replace/focus_l_japanese.yml,battle3_12_2,経済的勝利
english,replace/focus_l_japanese.yml,battle3_12_2_desc,我々は必死の努力によって、大国に劣らぬ経済力を手に入れた。今こそ飛躍の時である。
english,replace/focus_l_japanese.yml,battle3_12_desc,民需を圧縮し、また民需物資の一部を軍用に当てることで、さらに多くの軍需物資を作れる。
english,replace/focus_l_japanese.yml,battle3_13,我らの道
english,replace/focus_l_japanese.yml,battle3_13_desc,我らの運命は我らが決める。
english,replace/focus_l_japanese.yml,battle3_1_1,経済政策の強化
english,replace/focus_l_japanese.yml,battle3_1_1_desc,
english,replace/focus_l_japanese.yml,battle3_1_desc,事態の収拾のために、まずは諸民族代表による臨時政府を創立すべきだろう。
english,replace/focus_l_japanese.yml,battle3_2,臨時政府の設置
english,replace/focus_l_japanese.yml,battle3_3,蠱毒による強化
english,replace/focus_l_japanese.yml,battle3_3_desc,国を割り、争った先に我が国は繁栄するだろう。闘争を!闘争を!闘争を!闘争を!闘争を!闘争を!闘争を!闘争を!闘争を!闘争を!闘争を!闘争を!闘争を!
english,replace/focus_l_japanese.yml,battle3_4,共存による強化
english,replace/focus_l_japanese.yml,battle3_4_1,諸国工場の統合
english,replace/focus_l_japanese.yml,battle3_4_10,第二次日露戦争
english,replace/focus_l_japanese.yml,battle3_4_10_desc,今や我々は国力で日本に大きく優越している。第一次のような無様はさらさない。
english,replace/focus_l_japanese.yml,battle3_4_1_desc,これまで別々に運営されていた工場を統合することによって、さらなる工業力向上を目指せる。
english,replace/focus_l_japanese.yml,battle3_4_2,ドイツとの連携
english,replace/focus_l_japanese.yml,battle3_4_2_desc,ドイツとの連携は、我々の発展に多大な恩恵を及ぼすだろう。
english,replace/focus_l_japanese.yml,battle3_4_3,フランスとの連携
english,replace/focus_l_japanese.yml,battle3_4_3_1,連合国への加盟
english,replace/focus_l_japanese.yml,battle3_4_3_1_desc,民主主義国家同士の強固な相互援助関係でもって、ファシストやポリシェヴィキに対抗する。
english,replace/focus_l_japanese.yml,battle3_4_3_desc,フランスと連携し、民主主義の道を突き進むことこそ、我が国の国益となるだろう。
english,replace/focus_l_japanese.yml,battle3_4_4,ソ連との連携
english,replace/focus_l_japanese.yml,battle3_4_4_desc,我が国のパートナーには、革命的なかの国こそふさわしい。
english,replace/focus_l_japanese.yml,battle3_4_5,戦争準備
english,replace/focus_l_japanese.yml,battle3_4_5_desc,国民や企業、政府に至るまで、大戦争に向けての準備が足りていない。今一度気を引き締めなおすべきだろう。
english,replace/focus_l_japanese.yml,battle3_4_6,ドイツとの対決
english,replace/focus_l_japanese.yml,battle3_4_6_desc,西には広大な土地がある。この「西方生存圏」を奪い取ることで我々は発展を遂げるだろう。
english,replace/focus_l_japanese.yml,battle3_4_7,ロシア統一
english,replace/focus_l_japanese.yml,battle3_4_7_desc,東には細かく分かれたロシアが存在する。彼らを我らの手で一つにしてやるのだ。
english,replace/focus_l_japanese.yml,battle3_4_8,フランスの蹂躙
english,replace/focus_l_japanese.yml,battle3_4_8_desc,弱体なフランスなど、簡単に踏みつぶすことができるだろう。
english,replace/focus_l_japanese.yml,battle3_4_9,中国の植民地化
english,replace/focus_l_japanese.yml,battle3_4_9_desc,いまだ近代化の不十分な中国、この「東方生存圏」を飲み込み、我らの糧とするのだ。
english,replace/focus_l_japanese.yml,battle3_4_desc,民族は違えど、我々の心は一つである。手を取り合うことが発展への近道だ。
english,replace/focus_l_japanese.yml,battle3_5,工業に注力
english,replace/focus_l_japanese.yml,battle3_5_desc,近代的な工業によって西欧列強への追いつきを狙うべきだ
english,replace/focus_l_japanese.yml,battle3_6,農業近代化
english,replace/focus_l_japanese.yml,battle3_6_1,農業集団化
english,replace/focus_l_japanese.yml,battle3_6_1_desc,中央集権的な農業で生産能力を強化する。
english,replace/focus_l_japanese.yml,battle3_6_2,自己救済型農業
english,replace/focus_l_japanese.yml,battle3_6_2_desc,労働者の自己救済に任せる農業により、少ないコストで高い生産性を得ることができる。
english,replace/focus_l_japanese.yml,battle3_6_3,土地の再分配
english,replace/focus_l_japanese.yml,battle3_6_3_desc,国家の主導で土地を再分配し、余剰の土地を生み出せる。
english,replace/focus_l_japanese.yml,battle3_6_4,市場経済
english,replace/focus_l_japanese.yml,battle3_6_4_desc,市場経済の拡大によって競争を拡大し、生産性を向上させる。
english,replace/focus_l_japanese.yml,battle3_6_5,海外との貿易振興
english,replace/focus_l_japanese.yml,battle3_6_5_desc,海外との大規模な貿易は経済のカンフル剤にできる。
english,replace/focus_l_japanese.yml,battle3_6_desc,我が国伝統の農業を近代化し、生産性を高めよう。
english,replace/focus_l_japanese.yml,battle3_7,民間を利用した経済発展
english,replace/focus_l_japanese.yml,battle3_7_desc,民間の巨大な財を利用して、国力を強化する。
english,replace/focus_l_japanese.yml,battle3_8,国家主導の経済成長
english,replace/focus_l_japanese.yml,battle3_8_desc,軍需産業などで国家が経済を牽引し、それを国力源とする。
english,replace/focus_l_japanese.yml,battle3_9,軍事偏重
english,replace/focus_l_japanese.yml,battle3_9_desc,軍需産業を振興し、経済発展と防衛力強化の双方に利用する。
english,replace/focus_l_japanese.yml,battle3_s,内戦終結宣言
english,replace/focus_l_japanese.yml,battle3_s_desc, 
english,replace/focus_l_japanese.yml,battle3a_1,空軍力への注力
english,replace/focus_l_japanese.yml,battle3a_1_2,空軍力への注力 II
english,replace/focus_l_japanese.yml,battle3a_1_2_desc,空軍力を他部門の軍とうまく統合するには、航空機のさらなる進歩が必要だろう。
english,replace/focus_l_japanese.yml,battle3a_1_desc,空の戦いにおいての技術的進化ほど速いものは他にない。近代国家なら熟達せねばならない分野が空軍力である。
english,replace/focus_l_japanese.yml,battle3a_1_tt,§Y航空基地§!用の建築スロットが不十分
english,replace/focus_l_japanese.yml,battle3a_2,戦闘機重視
english,replace/focus_l_japanese.yml,battle3a_2_desc,世界大戦以来、我々は空中戦を目にしていない。戦闘機の開発を先行し続けることは将来、我々を優位に立たせるだろう。
english,replace/focus_l_japanese.yml,battle3a_3,爆撃機重視
english,replace/focus_l_japanese.yml,battle3a_3_desc,人々は将来、今日の戦争の恐怖について、それを空から降り注ぐ猛火の雨にたとえるだろう。敵にこの物語を語らせるために、最善を尽くそう。
english,replace/focus_l_japanese.yml,battle3a_4,海軍への注力
english,replace/focus_l_japanese.yml,battle3a_4_desc,新しい海の戦いは水上はもちろん、空中にも水面下にもその場を広げていくだろう。
english,replace/focus_l_japanese.yml,battle3a_5,CASへの注力
english,replace/focus_l_japanese.yml,battle3a_5_desc,現代的な軍隊が求める支援は、地上車両だけでなく、空から共に行われねばならない。
english,replace/focus_l_japanese.yml,battle3a_6,ロケットへの注力
english,replace/focus_l_japanese.yml,battle3a_6_desc,ロケットエンジンとジェットエンジンは有人・無人を問わず、機体に前代未聞のスピードをもたらす。この技術の先駆者は、敵に驚異を与えるだろう。
english,replace/focus_l_japanese.yml,battle3n_1,海軍への注力
english,replace/focus_l_japanese.yml,battle3n_1_desc,海軍の拡充を、最優先事項とせねばならない。造船所に可能な資源を全て投入し、小型水上艦を研究するのだ。
english,replace/focus_l_japanese.yml,battle3n_1_tt,§Y海軍造船所§!用の建築スロットが不十分
english,replace/focus_l_japanese.yml,battle3n_2,柔軟性のある海軍
english,replace/focus_l_japanese.yml,battle3n_2_desc,潜水艦技術の進歩による海軍戦闘の改革によって、敵輸送船団の効率的な撃滅が可能になるだろう。
english,replace/focus_l_japanese.yml,battle3n_3,大規模な海軍
english,replace/focus_l_japanese.yml,battle3n_3_desc,大型艦による輸送船団の安全確保へ海軍ドクトリンを最適化させることで、どのような艦艇を必要としているかよく分かるようになるだろう。
english,replace/focus_l_japanese.yml,battle3n_4,潜水艦への注力
english,replace/focus_l_japanese.yml,battle3n_4_desc,魚雷艇を開発して以来、潜水艦戦は最も関心の高い海軍の革新である。潜水艦対策のみならず、敵艦対策に潜水艦を利用することが上手くなるだろう。
english,replace/focus_l_japanese.yml,battle3n_5,巡洋艦への注力
english,replace/focus_l_japanese.yml,battle3n_5_desc,先進的な戦艦の研究に着手する前に、小型巡洋艦の更新が必要である。
english,replace/focus_l_japanese.yml,battle3n_6,主力艦への注力
english,replace/focus_l_japanese.yml,battle3n_6_desc,最も戦艦を多く保有する国家が海を支配するだろう。空母と戦艦はそれぞれ海軍の優越性における新旧を象徴している。
english,replace/focus_l_japanese.yml,battle3n_7,駆逐艦への注力
english,replace/focus_l_japanese.yml,battle3n_7_desc,潜水艦の設計、戦略的利用を研究する間に、こうした戦略にどう反撃すべきかを学習した。すなわち、駆逐艦をもってする反撃である。
english,replace/focus_l_japanese.yml,battleship_focus,戦艦重視
english,replace/focus_l_japanese.yml,battleship_focus_desc,日本は強力な海軍を必要としている、そして戦艦こそが艦隊力の中心たるべきである。他国には彼らの資源を有効性が実証されていない空母に無駄に費やさせておけばよい、戦艦こそが海を支配するのだ!
english,replace/focus_l_japanese.yml,bb_bonus,戦艦のボーナス
english,replace/focus_l_japanese.yml,bc_bonus,巡洋戦艦のボーナス
english,replace/focus_l_japanese.yml,befriend_siam_focus,シャムとの友好
english,replace/focus_l_japanese.yml,befriend_siam_focus_desc,シャムは欧州の植民地化を免れ、被支配国家となったこともない。彼らを征服することを考えるより、協力して歩む道を選ぶべきだろう。
english,replace/focus_l_japanese.yml,benghazi_oil_developed,ベンガジ油田の開発完了
english,replace/focus_l_japanese.yml,bomber_bonus,爆撃機のボーナス
english,replace/focus_l_japanese.yml,bomber_command_focus,爆撃機司令部
english,replace/focus_l_japanese.yml,bomber_command_focus_desc,ジュリオ・ドゥーエが絶えず言っていたように、「爆撃機は常に通り抜ける!」。レーダー技術と対空防御のみでは不十分であり、より優れた爆撃機の開発を優先すべきだろう。
english,replace/focus_l_japanese.yml,bomber_focus,爆撃機重視
english,replace/focus_l_japanese.yml,bomber_focus_desc,人々は将来、今日の戦争の恐怖について、それを空から降り注ぐ猛火の雨にたとえるだろう。敵にこの物語を語らせるために、最善を尽くそう。
english,replace/focus_l_japanese.yml,britain_enforced_our_loyalty,イギリスは我が国に忠誠を強いた。
english,replace/focus_l_japanese.yml,can_degaussing_tech,消磁技術を獲得
english,replace/focus_l_japanese.yml,capital_ships_bonus,主力艦のボーナス
english,replace/focus_l_japanese.yml,capital_ships_effort,主力艦への注力
english,replace/focus_l_japanese.yml,capital_ships_effort_desc,最も戦艦を多く保有する国家が海を支配するだろう。空母と戦艦はそれぞれ海軍の優越性における新旧を象徴している。
english,replace/focus_l_japanese.yml,carrier_focus,空母重視
english,replace/focus_l_japanese.yml,carrier_focus_desc,日本は強力な海軍を必要としている、そして航空母艦こそが艦隊力の中心たるべきである。戦艦の時代は終わりを迎え、敵艦隊は直ちに発見されるであろう!
english,replace/focus_l_japanese.yml,chinese_puppet_focus,中国の傀儡化
english,replace/focus_l_japanese.yml,chinese_puppet_focus_desc,中国が、我々との戦争回避に努めていることは明白である。おそらく彼らの指導者にとって一番の脅威は内部分裂であるだろう。我が国は大東亜共栄圏の民である彼らを、共産主義と軍閥から保護することができる。
english,replace/focus_l_japanese.yml,chinese_war_focus,中国と交戦
english,replace/focus_l_japanese.yml,chinese_war_focus_desc,盧溝橋事件の停戦を脅かす緊張を増加させることで、中国は我々との協調に関心がないことを証明した。もはや戦争のみが、中国に秩序を取り戻すただ一つの方法である。
english,replace/focus_l_japanese.yml,coastal_command_focus,沿岸防衛隊司令部
english,replace/focus_l_japanese.yml,coastal_command_focus_desc,[Root.GetCoastalCommandDesc]
english,replace/focus_l_japanese.yml,codebreaking_bonus,暗号解読のボーナス
english,replace/focus_l_japanese.yml,collectivist_ethos,集産主義精神
english,replace/focus_l_japanese.yml,collectivist_ethos_desc,敵が弱小国家を分割、征服するだろうが、国民は団結するだろう。全は一、一は全のために。
english,replace/focus_l_japanese.yml,con_def_bonus,船団護衛ドクトリンのボーナス
english,replace/focus_l_japanese.yml,construction_effort,建設への注力
english,replace/focus_l_japanese.yml,construction_effort_2,建設への注力 II
english,replace/focus_l_japanese.yml,construction_effort_2_desc,工場を拡張し続けることは、貿易や更なる建設の取り組みのための物資生産のスピードアップを可能にする。
english,replace/focus_l_japanese.yml,construction_effort_3,建設への注力 III
english,replace/focus_l_japanese.yml,construction_effort_3_desc,インフラ網の拡大は建設能力を大きく向上させてきた。
english,replace/focus_l_japanese.yml,construction_effort_desc,例え戦争が世界中で勃発しようと、民間の生産能力を過小評価してはならない。
english,replace/focus_l_japanese.yml,construction_effort_tt,§Y民需工場§!用の建築スロットが不十分
english,replace/focus_l_japanese.yml,construction_tech_bonus,建設技術のボーナス
english,replace/focus_l_japanese.yml,continuous_air_production,空軍の生産
english,replace/focus_l_japanese.yml,continuous_air_production_desc,航空業界を再編し無駄を省き、生産を合理化することができるだろう。
english,replace/focus_l_japanese.yml,continuous_boost_freedom,自治度の向上
english,replace/focus_l_japanese.yml,continuous_boost_freedom_desc,植民地の官僚機構を再編し現地民の行政官を登用することにより、我が国本来の問題に取り組むことができるようになるだろう。
english,replace/focus_l_japanese.yml,continuous_naval_production,海軍の生産
english,replace/focus_l_japanese.yml,continuous_naval_production_desc,造船所に資源を集中させ、熟練工員を兵役免除することで、艦船の製造期間を大幅に短縮できるだろう。
english,replace/focus_l_japanese.yml,continuous_non_factory_construct,建設工学
english,replace/focus_l_japanese.yml,continuous_non_factory_construct_desc,建設業界にはまだまだ多くの改善の余地がある。それを重視することで、建設速度の大幅な改善を達成できるだろう。不幸なことに工作機械の生産は重工業の拡大において、大きなボトルネックとなっており、この取り組みの恩恵を受けることはないだろう。
english,replace/focus_l_japanese.yml,continuous_reduce_training_time,陸軍の訓練
english,replace/focus_l_japanese.yml,continuous_reduce_training_time_desc,各師団内に先進的訓練を専門とする部隊を創設することで、今まで訓練が完了するまで控置されていた師団すらも前もって前線に配備できるだろう。
english,replace/focus_l_japanese.yml,continuous_repair,建造物の修理
english,replace/focus_l_japanese.yml,continuous_repair_desc,工場労働者と建築作業員から成る特別修繕隊を編成し、被害を受けたインフラの修復へ集中運用するのだ。
english,replace/focus_l_japanese.yml,continuous_restrict_freedom,従属国を抑制
english,replace/focus_l_japanese.yml,continuous_restrict_freedom_desc,植民地の従属国が「自治」や「国家の独立」などというばかげた思想にとりつかれている。彼らの目を覚まさせてやる時だ。
english,replace/focus_l_japanese.yml,continuous_suppression,抵抗運動を抑制
english,replace/focus_l_japanese.yml,continuous_suppression_desc,占領地における主要抵抗組織に潜入捜査し、首謀者の裏をかくことにより、レジスタンスによる被害を著しく抑制できるだろう。
english,replace/focus_l_japanese.yml,continuous_tech_share,技術の共有
english,replace/focus_l_japanese.yml,continuous_tech_share_desc,研究機関と大学に対し、同盟諸国のそれと遜色ない水準に追いつくよう奨励する。これにより技術共有の恩恵を受けることができるだろう。
english,replace/focus_l_japanese.yml,convoy_protection_focus,船団護衛
english,replace/focus_l_japanese.yml,convoy_protection_focus_desc,臆病で卑怯な戦術だが、敵国が我々の帝国周辺で物資や資源を輸送する商船を狙うことはあり得ることだ。どのように船を守るべきか、どう実現すべきかを研究しなければならない。
english,replace/focus_l_japanese.yml,counter_purge, トロツキーによる粛清
english,replace/focus_l_japanese.yml,cr_bonus,巡洋艦のボーナス
english,replace/focus_l_japanese.yml,cruiser_effort,巡洋艦への注力
english,replace/focus_l_japanese.yml,cruiser_effort_desc,先進的な戦艦の研究に着手する前に、小型巡洋艦の更新が必要である。
english,replace/focus_l_japanese.yml,crypto_bomb_focus,ボンべ暗号解読機
english,replace/focus_l_japanese.yml,crypto_bomb_focus_desc,ポーランドはドイツのエニグマ暗号を解読できる、「暗号爆弾」と呼ばれる素晴らしい機械を開発してきた。我々はさらにそれの開発を進めるためのリソースを、ブレッチリー・パーク政府暗号学校に有している。
english,replace/focus_l_japanese.yml,cv_bonus,空母のボーナス
english,replace/focus_l_japanese.yml,dd_bonus,駆逐艦のボーナス
english,replace/focus_l_japanese.yml,destroyer_effort,駆逐艦への注力
english,replace/focus_l_japanese.yml,destroyer_effort_desc,潜水艦の設計、戦略的利用を研究する間に、こうした戦略にどう反撃すべきかを学習した。すなわち、駆逐艦をもってする反撃である。
english,replace/focus_l_japanese.yml,deterrence,戦争抑止政策
english,replace/focus_l_japanese.yml,deterrence_desc,孤立しているせいで、戦争で殆ど利益を得られない。幸運なことに我々は、よく知られている中でも最も有効な防衛法は戦争をしないことであると知っている。
english,replace/focus_l_japanese.yml,divine_wind_focus,神風
english,replace/focus_l_japanese.yml,divine_wind_focus_desc,あらゆる兵士には死に直面して臆さぬことが要求される。しかし我々はそれをも超えて、天皇陛下と御国の栄光の為に必死の自己犠牲に備えなければならない。
english,replace/focus_l_japanese.yml,doctrine_effort,ドクトリンへの注力
english,replace/focus_l_japanese.yml,doctrine_effort_2,ドクトリンへの注力 II
english,replace/focus_l_japanese.yml,doctrine_effort_2_desc,戦場は戦間期のみならず、最近の紛争の経過を通して変化している。このことを反映するためにドクトリンを絶えず再評価せねばならない。
english,replace/focus_l_japanese.yml,doctrine_effort_desc,先の大戦の陸戦ドクトリンは、すでに時代遅れである。明日の軍事思想を成形する任務に対して最高の頭脳を割かなければならない。
english,replace/focus_l_japanese.yml,electronics_bonus,電子工学のボーナス
english,replace/focus_l_japanese.yml,end_of_czechoslovakia_mefo_bills_tt,チェコスロヴァキアの金を利用して、§Yメフォ手形§!のコストを削減する。\n
english,replace/focus_l_japanese.yml,equipment_effort,装備への注力
english,replace/focus_l_japanese.yml,equipment_effort_desc,歩兵が持ち運べる装備の限界は絶え間なく押し上げられている。我々は可能な限り最高の装備を部隊に与えることを重視しよう。
english,replace/focus_l_japanese.yml,extra_tech_focus,さらなる研究
english,replace/focus_l_japanese.yml,extra_tech_slot,追加の研究枠
english,replace/focus_l_japanese.yml,extra_tech_slot_2,追加の研究枠 II
english,replace/focus_l_japanese.yml,extra_tech_slot_2_desc,我が国の急速な工業化によって、追求すべき研究開発の新たな局面が拓けた。
english,replace/focus_l_japanese.yml,extra_tech_slot_desc,産業拡張およびその他の最近の進歩は、並行して複数の研究開発を実施することを可能にするかもしれない。
english,replace/focus_l_japanese.yml,federal_housing_tt,（§Y5つのランダムな州§!）: 建築スロットを§G1つ§!追加する。
english,replace/focus_l_japanese.yml,fighter_bonus,戦闘機のボーナス
english,replace/focus_l_japanese.yml,fighter_command_focus,戦闘機司令部
english,replace/focus_l_japanese.yml,fighter_command_focus_desc,我々の最優先事項は領空を支配することだ!軍事研究に於いて戦闘機開発より優先されるべきものはそれほど多く存在はしない。
english,replace/focus_l_japanese.yml,fighter_focus,戦闘機重視
english,replace/focus_l_japanese.yml,fighter_focus_desc,世界大戦以来、我々は空中戦を目にしていない。戦闘機の開発を先行し続けることは将来、我々を優位に立たせるだろう。
english,replace/focus_l_japanese.yml,flag_franco_british_union,フランス＝イギリス連合
english,replace/focus_l_japanese.yml,fleet_in_being_bonus,艦隊保全主義ドクトリンのボーナス
english,replace/focus_l_japanese.yml,flexible_navy,柔軟性のある海軍
english,replace/focus_l_japanese.yml,flexible_navy_desc,潜水艦技術の進歩による海軍戦闘の改革によって、敵輸送船団の効率的な撃滅が可能になるだろう。
english,replace/focus_l_japanese.yml,foreign_expeditions,海外出兵
english,replace/focus_l_japanese.yml,foreign_expeditions_desc,敵はその理想のために遠く離れた紛争に介入する準備をしている。我々も用意をしなければ。
english,replace/focus_l_japanese.yml,fortress_japan_focus,日本列島の要塞化
english,replace/focus_l_japanese.yml,fortress_japan_focus_desc,敵が我々の海軍を圧倒し続けるようなことが起きたとき、日本列島を要塞化することで、ほとんどの国は侵略にかかるコストを賄えなくなるだろう。
english,replace/focus_l_japanese.yml,found_own_faction_focus,大東亜共栄圏
english,replace/focus_l_japanese.yml,found_own_faction_focus_desc,大東亜共栄圏の創立に向けて不断の努力を続けてきた我々は、その輝ける勝利のためにアジアという枠すらも超え、一帯を一国で率いていけるほどに充分に、強力でなくてはならない。
english,replace/focus_l_japanese.yml,general_rearmament_focus,本格的再軍備
english,replace/focus_l_japanese.yml,general_rearmament_focus_desc,[Root.GetGeneralRearmamentDesc]
english,replace/focus_l_japanese.yml,generic_focus,国家方針
english,replace/focus_l_japanese.yml,ger_sov_buddies_tooltip,§Rソ連がこの提案を受諾した場合、政策の転換に伴い安定度が低下する。言うまでも無く、我々に従ってきたファシスト国家や民主主義国家もこの出来事に憤慨するだろう。§!\n
english,replace/focus_l_japanese.yml,ger_sov_buddies_tooltip_2,[Root.GetFactionName]を解散させ、§Yベルリン＝モスクワ枢軸§!陣営を形成する。\n
english,replace/focus_l_japanese.yml,german_focus,ドイツの国家方針
english,replace/focus_l_japanese.yml,heavy_bomber_bonus,戦略爆撃機のボーナス
english,replace/focus_l_japanese.yml,hk_air_focus,防空
english,replace/focus_l_japanese.yml,hk_air_focus_desc,香港の対空砲塔群を大幅に増強しなくてはならない。
english,replace/focus_l_japanese.yml,hk_landward_forts_focus,陸の要塞
english,replace/focus_l_japanese.yml,hk_landward_forts_focus_desc,大陸側からの継続した攻撃に耐えるため、香港を要塞都市にする必要がある。
english,replace/focus_l_japanese.yml,hongkong_focus,香港を保持
english,replace/focus_l_japanese.yml,hongkong_focus_desc,シンガポールを中心にした戦略はもはや不要だ。我々の構想はより大胆に、日本にはるかに近い基地によるべきだろう。必要十分な要塞と設備を有する基地として、香港は申し分ない!
english,replace/focus_l_japanese.yml,ideological_fanaticism,イデオロギー的狂信
english,replace/focus_l_japanese.yml,ideological_fanaticism_desc,我々の政治的価値観及び目標は、古代における信仰と同じく、命を捧げるに足るものだ。支持者は皆、殉死する覚悟を持つべきであるし、それに疑いを持つものもまた然りだ。
english,replace/focus_l_japanese.yml,imperial_glory_focus,帝国の栄光
english,replace/focus_l_japanese.yml,imperial_glory_focus_desc,神風（特攻戦術）による自爆攻撃が間に合わせの最後の手段から教義として確立された。新たな航空機（基本的にはただの人間ミサイル）と共に、この突撃が止むことはないだろう。
english,replace/focus_l_japanese.yml,imperial_glory_focus_effect,§H空技廠 MXY7 桜花§!の生産を有効化
english,replace/focus_l_japanese.yml,indoctrination_focus,教化
english,replace/focus_l_japanese.yml,indoctrination_focus_desc,我々のイデオロギーが真実であるとの認識を確立してしまえば、それは真実であると教えられるであろう。教育とメディアはこの教えに従うべきだ。
english,replace/focus_l_japanese.yml,industrial_bonus,産業のボーナス
english,replace/focus_l_japanese.yml,industrial_effort,工業への注力
english,replace/focus_l_japanese.yml,industrial_effort_2,工業への注力 II
english,replace/focus_l_japanese.yml,industrial_effort_2_desc,鉄の意志と苛酷な労働倫理により、国民をその他の偉大なる産業に動員できるのだ。
english,replace/focus_l_japanese.yml,industrial_effort_desc,あらゆる政治的取り組みを民需産業の飛躍的増強のために注力する。
english,replace/focus_l_japanese.yml,industrial_effort_focus,帝国の緊縮経済
english,replace/focus_l_japanese.yml,industrial_effort_focus2,工業への注力
english,replace/focus_l_japanese.yml,industrial_effort_focus2_desc,日本は新興工業国であり、欧米列強ほどの国力は有していない。その差を縮めるために手段を講じる必要がある。
english,replace/focus_l_japanese.yml,industrial_effort_focus_desc,天皇陛下の臣民たる者はすべて、より良き帝国のために犠牲を払わねばならない。
english,replace/focus_l_japanese.yml,infantry_artillery_bonus,歩兵武器と砲兵のボーナス
english,replace/focus_l_japanese.yml,infantry_weapons_bonus,歩兵武器のボーナス
english,replace/focus_l_japanese.yml,infra_effort_focus,インフラへの注力
english,replace/focus_l_japanese.yml,infra_effort_focus_desc,山がちな我が国においてインフラ整備は容易ではないが、それでもなお努力は続けなければならない。
english,replace/focus_l_japanese.yml,infrastructure_effort,インフラへの注力
english,replace/focus_l_japanese.yml,infrastructure_effort_2,インフラへの注力 II
english,replace/focus_l_japanese.yml,infrastructure_effort_2_desc,さらなるインフラ拡張によって、高度な秘密計画には必須となる輸送や通信が可能になるだろう。
english,replace/focus_l_japanese.yml,infrastructure_effort_desc,適切なインフラのない国は先進的な事業計画も建築も追及できない。
english,replace/focus_l_japanese.yml,infrastructure_effort_tt,§Yインフラ§!用の建築スロットが不十分
english,replace/focus_l_japanese.yml,internationalism_focus,国際主義重視
english,replace/focus_l_japanese.yml,internationalism_focus_desc,思想に国境はない。他国は君主制を採用するかもしれないが、我々の信念はそのようなものの上にある。
english,replace/focus_l_japanese.yml,interventionism_focus,干渉主義重視
english,replace/focus_l_japanese.yml,interventionism_focus_desc,全ての人の自由を重視する、それがたとえ我々の国民でなくともだ。邪魔となる暴君が戦争をしようというのであれば、そうするがいい。
english,replace/focus_l_japanese.yml,invite_non_fascist_communist_only_TT,対象国がファシストまたは共産主義ではなく、既に陣営にいないことが条件。\n
english,replace/focus_l_japanese.yml,italian_focus,イタリアの国家方針
english,replace/focus_l_japanese.yml,jap_improved_sprit_focus,国民精神の発揚
english,replace/focus_l_japanese.yml,jap_improved_sprit_focus_desc,天皇陛下の臣民が持つ誇り高い国民精神はきたる戦争の局面において、彼らを崇高なる自己犠牲へと導くだろう!
english,replace/focus_l_japanese.yml,jap_sia_love,日本とシャムの外交
english,replace/focus_l_japanese.yml,jap_sia_love_desc,日本はシャムとの関係改善に外交努力をしている。
english,replace/focus_l_japanese.yml,jet_bonus,ジェット航空機モデルのボーナス
english,replace/focus_l_japanese.yml,jet_rocket_bonus,ジェットとロケットエンジンのボーナス
english,replace/focus_l_japanese.yml,kamikaze_focus_tooltip,敵艦に対して自爆攻撃を行う航空任務、§Yカミカゼ攻撃§!を許可する。\n
english,replace/focus_l_japanese.yml,land_doc_bonus,上陸ドクトリンのボーナス
english,replace/focus_l_japanese.yml,large_navy,大規模な海軍
english,replace/focus_l_japanese.yml,large_navy_desc,大型艦による輸送船団の安全確保へ海軍ドクトリンを最適化させることで、どのような艦艇を必要としているかよく分かるようになるだろう。
english,replace/focus_l_japanese.yml,liberty_ethos,自由主義精神
english,replace/focus_l_japanese.yml,liberty_ethos_desc,狂ったイデオロギーの持ち主が人の精神を追い詰めようとする今、我々は個人の解放と自由を保障しよう。
english,replace/focus_l_japanese.yml,limited_rearmament_focus,限定的再軍備
english,replace/focus_l_japanese.yml,limited_rearmament_focus_desc,[Root.GetLimitedRearmamentDesc]
english,replace/focus_l_japanese.yml,marine_bonus,海兵隊のボーナス
english,replace/focus_l_japanese.yml,maud_focus,MAUD委員会
english,replace/focus_l_japanese.yml,maud_focus_desc,「ウラン爆発の軍事的利用（Military Application of Uranium Detonation）」委員会は、ウランを制御不可能な核分裂反応を起こすために利用する事で、信じがたいほどの威力を持つ爆弾の製作が理論的に可能であると確信していた。だが、独力ではこの技術の開発は間に合わないかもしれない。アメリカ人との談合をすべきだろう。
english,replace/focus_l_japanese.yml,mech_army_bonus,機械化された軍のボーナス
english,replace/focus_l_japanese.yml,mechanization_effort,機械化への注力
english,replace/focus_l_japanese.yml,mechanization_effort_desc,自動車化歩兵の可能性を再考することで、今日の自動車両の可能性の限界を突破することができる。
english,replace/focus_l_japanese.yml,med_armor_bonus,中型の機甲部隊のボーナス
english,replace/focus_l_japanese.yml,militarism,軍国主義
english,replace/focus_l_japanese.yml,militarism_desc,軍を必要悪だとみなす奴らは戦争に直面すれば二の足を踏む運命にある。人々の心に軍国主義を染みつかせ、民を兵に変えよう。
english,replace/focus_l_japanese.yml,military_youth,軍事的青少年団体
english,replace/focus_l_japanese.yml,military_youth_desc,若者への規律と政治教育を振興する組織は、国への忠誠と自己犠牲の精神を育むだろう。
english,replace/focus_l_japanese.yml,motorization_effort,自動車化への注力
english,replace/focus_l_japanese.yml,motorization_effort_desc,機動力と防御力は歩兵を安全に戦場へ輸送、また撤退させる上で必要不可欠だ。この分野への注力は我々の迅速な対応を可能にするだろう。
english,replace/focus_l_japanese.yml,motorized_bonus,自動車化歩兵のボーナス
english,replace/focus_l_japanese.yml,nationalism_focus,国粋主義重視
english,replace/focus_l_japanese.yml,nationalism_focus_desc,我が国は独立したものであり、その政治的成果は我が国においてのみ為されるべきである。どのような犠牲を払ってでもこれを守らなければならない。
english,replace/focus_l_japanese.yml,nav_bomber_bonus,対艦攻撃機のボーナス
english,replace/focus_l_japanese.yml,naval_air_effort,海軍航空隊への注力
english,replace/focus_l_japanese.yml,naval_air_effort_desc,海上目標に対する空襲の効果は、1921年には既にアメリカ人によって実証されている。海戦において勝利を得たいのならば、空軍を無視すべきではない。
english,replace/focus_l_japanese.yml,naval_air_innovations_focus,海軍航空隊改革
english,replace/focus_l_japanese.yml,naval_air_innovations_focus_desc,空軍の第一任務は我らが偉大なる海軍の支援であるべきだ!
english,replace/focus_l_japanese.yml,naval_base_focus,海軍基地拡張
english,replace/focus_l_japanese.yml,naval_base_focus_desc,海軍の増強にはより多くの海軍基地が必要になる。
english,replace/focus_l_japanese.yml,naval_doc_bonus,海軍ドクトリンのボーナス
english,replace/focus_l_japanese.yml,naval_effort,海軍への注力
english,replace/focus_l_japanese.yml,naval_effort_desc,海軍の拡充を、最優先事項とせねばならない。造船所に可能な資源を全て投入し、小型水上艦を研究するのだ。
english,replace/focus_l_japanese.yml,naval_effort_tt,§Y海軍造船所§!用の建築スロットが不十分
english,replace/focus_l_japanese.yml,naval_innovations_focus,海軍改革
english,replace/focus_l_japanese.yml,naval_innovations_focus_desc,今や海軍は帝国の主たる軍であると認められた。新型艦開発にさらなる資源を投入するのは当然である。
english,replace/focus_l_japanese.yml,naval_rearmament_focus,海軍再軍備
english,replace/focus_l_japanese.yml,naval_rearmament_focus_desc,[Root.GetNavalRearmamentDesc]
english,replace/focus_l_japanese.yml,navy_primancy_focus,海軍優先
english,replace/focus_l_japanese.yml,navy_primancy_focus_desc,海軍こそが帝国の正当な軍隊の道である。海上を手中に収める力は下等な陸軍に遥か優越する点である。即ち、海軍にさらなる資源を与えることで、その可能性が無限大に広がることは自明である、ということだ。
english,replace/focus_l_japanese.yml,needs_approval,§R効力を発揮するためには、[This.GetName]の協定への同意が必要である。§!\n
english,replace/focus_l_japanese.yml,neutrality_focus,中立主義重視
english,replace/focus_l_japanese.yml,neutrality_focus_desc,他国は、国際的な摩擦において一方の肩を持つことが勇敢さであり、賢さだとみなしているようだが、我々はそれを拒むことがより良いことだと分かっている。
english,replace/focus_l_japanese.yml,new_ideas,新たな大臣が選択可能\n
english,replace/focus_l_japanese.yml,newfocus_41,The New Order
english,replace/focus_l_japanese.yml,newfocus_41_desc,もはやわれらの覇道を阻むものはない。
english,replace/focus_l_japanese.yml,northern_expansion_focus,北進論
english,replace/focus_l_japanese.yml,northern_expansion_focus_desc,北進論は帝国陸軍が支持し、ソビエト連邦が日本の大望を脅かす最も危険な存在であると主張している。欧州での緊張の高まりは、極東ロシアを攻撃する絶好の機会を与えてくれるに違いない。我が国は一刻も早く攻撃しなくてはならない。
english,replace/focus_l_japanese.yml,nuclear_bonus,核兵器のボーナス
english,replace/focus_l_japanese.yml,nuclear_effort,核兵器への注力
english,replace/focus_l_japanese.yml,nuclear_effort_desc,世界を変える歴史の分岐点において、地球を一日で滅ぼしてしまうような火を、他国に灯されてはならないのだ。
english,replace/focus_l_japanese.yml,op_dest_bonus,作戦的破壊ドクトリンのボーナス
english,replace/focus_l_japanese.yml,oust_germans_focus,中独の合作を分断
english,replace/focus_l_japanese.yml,oust_germans_focus_desc,ドイツの軍事顧問は少なくとも、これまで二十年にわたって中国に滞在し、国民党を厚く支援してきた。これは今や耐え難いことだ。我々はドイツに、中国への軍事支援を即座に引き揚げるよう求める権利を有する。ドイツはどちらの側につくのかを選択する時だ。
english,replace/focus_l_japanese.yml,paramilitarism,準軍国主義
english,replace/focus_l_japanese.yml,paramilitarism_desc,軍国主義は、軍隊以外のところで応用される。準軍国主義的な者を軍に加えることで、より多くの国民が軍隊の訓練を受けるようになるだろう。
english,replace/focus_l_japanese.yml,peninsular_focus,半島戦争
english,replace/focus_l_japanese.yml,peninsular_focus_desc,マレー半島を南下する敵軍がシンガポールに到る前に、我らは敵軍に先制し遅滞させる必要がある。
english,replace/focus_l_japanese.yml,political_commissars,政治将校
english,replace/focus_l_japanese.yml,political_commissars_desc,政治に軍事行動が付随することを確たるものとするため、軍上層部に政治的な将校を配属させよう。
english,replace/focus_l_japanese.yml,political_correctness,政治的正当性
english,replace/focus_l_japanese.yml,political_correctness_desc,議論の余地がある、もしくは事態をこじらせる主張を穏やかに行っている人々は、様々な陰謀に加担しているとみなされるだろう。これは、素晴らしいアイデアであるように思われる。
english,replace/focus_l_japanese.yml,political_effort,政治的努力
english,replace/focus_l_japanese.yml,political_effort_desc,世界を変容させるためには、自国を変容させることができる必要がある。まずは政治的な地位を強化することから始めるべきだろう。
english,replace/focus_l_japanese.yml,production_effort,武装化への注力
english,replace/focus_l_japanese.yml,production_effort_2,武装化への注力 II
english,replace/focus_l_japanese.yml,production_effort_2_desc,民間工場で軍装品を生産させようというのは能率的でない。今は軍需生産に注力すべきだ。
english,replace/focus_l_japanese.yml,production_effort_3,武装化への注力 III
english,replace/focus_l_japanese.yml,production_effort_3_desc,新たな装備の需要を満たすためには、継続した軍需工場拡大の努力が必要である。
english,replace/focus_l_japanese.yml,production_effort_desc,トラクターが作れるのなら、戦車だって作れるはずだ!軍事的生産力の立ち遅れは決して許されない。
english,replace/focus_l_japanese.yml,production_effort_tt,§Y軍需工場§!用の建築スロットが不十分
english,replace/focus_l_japanese.yml,purge_1_group_a, スターリンによる粛清
english,replace/focus_l_japanese.yml,purge_1_group_b, スターリンによる粛清
english,replace/focus_l_japanese.yml,purge_2_group_a, スターリンによる粛清
english,replace/focus_l_japanese.yml,purge_2_group_b, スターリンによる粛清
english,replace/focus_l_japanese.yml,purged_beria, スターリンによる粛清
english,replace/focus_l_japanese.yml,purged_kalinin, スターリンによる粛清
english,replace/focus_l_japanese.yml,purged_khrushchev, スターリンによる粛清
english,replace/focus_l_japanese.yml,purged_yezhov, スターリンによる粛清
english,replace/focus_l_japanese.yml,radar_focus,レーダー
english,replace/focus_l_japanese.yml,radar_focus_desc,敵爆撃機の発見能力は戦争遂行には欠かせない。更なるレーダー技術の開発と、沿岸部の索敵網の構築に費用を惜しむべきではないだろう。
english,replace/focus_l_japanese.yml,radar_tech_bonus,レーダー技術のボーナス
english,replace/focus_l_japanese.yml,remove_chief_of_airforce,§Y空軍長官§!として以下が§R利用不可能§!:\n
english,replace/focus_l_japanese.yml,remove_chief_of_army,§Y陸軍長官§!として以下が§R利用不可能§!:\n
english,replace/focus_l_japanese.yml,remove_chief_of_navy,§Y海軍長官§!として以下が§R利用不可能§!:\n
english,replace/focus_l_japanese.yml,remove_military_high_command,§Y軍最高司令部§!として以下が§R利用不可能§!:\n
english,replace/focus_l_japanese.yml,remove_political_advisor,§Y政治顧問§!として以下が§R利用不可能§!:\n
english,replace/focus_l_japanese.yml,remove_theorist,§Y理論家§!として以下が§R利用不可能§!:\n
english,replace/focus_l_japanese.yml,rocket_effort,ロケットへの注力
english,replace/focus_l_japanese.yml,rocket_effort_desc,ロケットエンジンとジェットエンジンは有人・無人を問わず、機体に前代未聞のスピードをもたらす。この技術の先駆者は、敵に驚異を与えるだろう。
english,replace/focus_l_japanese.yml,royal_ordinance_focus,[Root.GetRoyalOrdnanceFactoriesName]
english,replace/focus_l_japanese.yml,royal_ordinance_focus_desc,[Root.GetRoyalOrdnanceFactoriesDesc]
english,replace/focus_l_japanese.yml,scw_in_progress_tt,スペインが内戦中である。
english,replace/focus_l_japanese.yml,secret_bonus,秘密兵器のボーナス
english,replace/focus_l_japanese.yml,secret_weapon_focus,先進兵器
english,replace/focus_l_japanese.yml,secret_weapon_focus_desc,島国たる我が帝国が海軍研究において第一線であり続けるべきことは当然だが、長距離ロケット研究がその邪魔になることはないだろう
english,replace/focus_l_japanese.yml,secret_weapons,秘密兵器
english,replace/focus_l_japanese.yml,secret_weapons_desc,余力をみな戦車と航空機の開発に注ぎこんでしまうのは魅力的な提案だが、戦争勝利の秘訣は新たな科学の領域－電子工学、ロケット工学、核研究－その全てにあるのだ。
english,replace/focus_l_japanese.yml,shadow_scheme_focus,シャドウ計画
english,replace/focus_l_japanese.yml,shadow_scheme_focus_desc,航空省は、民需から軍需工業へ転換する妙案を発案した。重要ないくつかの企業に十分な支援と貸し出しを行う事で、彼らの工場を拡大させ、拡大した工場は円滑な軍需への転換を容易にするだろうという案である。
english,replace/focus_l_japanese.yml,shadow_scheme_focus_tt,戦争突入時、2州に合計建築スロット§G4つ§!と§Y軍需工場4個§!を追加する。\n
english,replace/focus_l_japanese.yml,shbb_focus,超大型戦艦
english,replace/focus_l_japanese.yml,shbb_focus_desc,短期的に見て我々が米英の保有する戦艦数を上回って建艦することはありそうもない、そしてその必要もない。代わりに、ワシントン海軍軍縮条約が許している戦艦の能力をはるかに上回る強力な戦艦を作ることが可能なはずである。
english,replace/focus_l_japanese.yml,ships_bonus,艦船のボーナス
english,replace/focus_l_japanese.yml,singapore_focus,シンガポール戦略
english,replace/focus_l_japanese.yml,singapore_focus_desc,シンガポールは東アジアにおいて、これからも重要な海軍基地であり続けるべきだ。たとえ香港が日本の手に落ちようとも、シンガポールは難攻不落のままであり続け無ければならない。主力艦隊が敵を倒す為に駆けつけるその日まで。
english,replace/focus_l_japanese.yml,sirte_oil_developed,スルト油田の開発完了
english,replace/focus_l_japanese.yml,southern_expansion_focus,南進論
english,replace/focus_l_japanese.yml,southern_expansion_focus_desc,南進論は帝国海軍が支持し、日本は東南アジアと太平洋のために南方へと拡大するべきであると要求している。欧州列強の豊かな植民地には日本の工業生産に重要な資源が眠っているが、この道はアメリカ合衆国との衝突へと至るに違いない。そうなれば、先制攻撃をするのがふさわしいだろう。
english,replace/focus_l_japanese.yml,southern_expansion_focus_tt,選択すると§Yソビエト連邦§!と§Y不可侵条約§!を締結する\n
english,replace/focus_l_japanese.yml,soviet_focus,ソビエト連邦の国家方針
english,replace/focus_l_japanese.yml,sp_landward_forts_focus,陸の要塞
english,replace/focus_l_japanese.yml,sp_landward_forts_focus_desc,シンガポール島の現在の防衛力は不十分である。要塞の強化のために労働力の集中が必要である!
english,replace/focus_l_japanese.yml,special_bonus,特殊部隊のボーナス
english,replace/focus_l_japanese.yml,special_forces,特殊部隊
english,replace/focus_l_japanese.yml,special_forces_bonus,特殊部隊のボーナス
english,replace/focus_l_japanese.yml,special_forces_desc,我々には特殊部隊が必要である。よって、山岳部隊と空挺部隊を優先事項とせねばならない。
english,replace/focus_l_japanese.yml,spiritual_mobilization_focus,精神的動員
english,replace/focus_l_japanese.yml,spiritual_mobilization_focus_desc,兵士だけでなく、我が国の全てが戦争に備える必要がある。その結末として、国粋主義者たちは国民精神総動員運動のもとに集結し、愛国心を加速させ政府を支えるのだ。
english,replace/focus_l_japanese.yml,ss_bonus,潜水艦のボーナス
english,replace/focus_l_japanese.yml,strat_dest_bonus,戦略的破壊ドクトリンのボーナス
english,replace/focus_l_japanese.yml,strike_usa_focus,米国に一撃を加えよ!
english,replace/focus_l_japanese.yml,strike_usa_focus_desc,いまや我々は不実なるアメリカ人に、我が国が切望する石油、その他の資源供給をほしいままに操られている。もし戦わざるを得ないなら、最も強烈な一撃を加えねばならない!我々より産業に優れるアメリカとの長期戦は、勝利を望めないだろう……
english,replace/focus_l_japanese.yml,student_movement_focus,学徒動員
english,replace/focus_l_japanese.yml,student_movement_focus_desc,精神的動員で重要な位置を占める文部大臣が、教育者と生徒を国家の元に結集し軍事基礎教育システムを構築するだろう。
english,replace/focus_l_japanese.yml,sub_op_bonus,潜水艦作戦ドクトリンのボーナス
english,replace/focus_l_japanese.yml,subdue_warlords_focus,軍閥を征服
english,replace/focus_l_japanese.yml,subdue_warlords_focus_desc,かつては誇り高い帝国であった中国も、いまや過激分子や軍集団が各地で群雄割拠することを許している。我が大日本帝国は相手が誰だろうと、そのような分断は見るに忍びないのである。
english,replace/focus_l_japanese.yml,subject_autonomy_mod_tt,従属国の自治権: §G-0.5§!
english,replace/focus_l_japanese.yml,submarine_effort,潜水艦への注力
english,replace/focus_l_japanese.yml,submarine_effort_desc,魚雷艇を開発して以来、潜水艦戦は最も関心の高い海軍の革新である。潜水艦対策のみならず、敵艦対策に潜水艦を利用することが上手くなるだろう。
english,replace/focus_l_japanese.yml,subvert_india_focus,インド国民軍
english,replace/focus_l_japanese.yml,subvert_india_focus_desc,もしイギリスが我々の帝国を築くための奮闘を非難するならば、彼ら自身の帝国がすでに崩壊していることを知らしめてやろう。インドの捕虜と国外追放者は英領インド帝国を打倒しうる運動の基礎を形成するだろう。
english,replace/focus_l_japanese.yml,synth_bonus,合成燃料技術
english,replace/focus_l_japanese.yml,synth_oil_effort_tt,§Y合成精製所§!用の建築スロットが不十分
english,replace/focus_l_japanese.yml,synth_oil_focus,合成石油重視
english,replace/focus_l_japanese.yml,synth_oil_focus_desc,我々の石油生産は非常に限られたもので、石油輸入は海外利権の手中でお情けを貰っている状態だ。最も安全な解決方法は、石油合成技術を完全なものにすることだ。
english,replace/focus_l_japanese.yml,technology_sharing,技術の共有
english,replace/focus_l_japanese.yml,technology_sharing_desc,同盟国と技術の進歩を共有することで、陣営全体で戦時の研究開発をより効率的に遂行できるようになるだろう。
english,replace/focus_l_japanese.yml,ti_bonus,貿易禁止ドクトリンのボーナス
english,replace/focus_l_japanese.yml,tizard_mission_focus,ティザード使節団
english,replace/focus_l_japanese.yml,tizard_mission_focus_desc,我々は、資源と工業力不足のため十分に利用できない数多くの技術的ブレイクスルーを果たした。ヘンリー・ティザードがアメリカ合衆国との共同研究協定に向けた交渉団を率いてくれるだろう。
english,replace/focus_l_japanese.yml,tp_bonus,輸送船モデル
english,replace/focus_l_japanese.yml,uk_amphibious_focus,上陸作戦
english,replace/focus_l_japanese.yml,uk_amphibious_focus_desc,「大海原を統べる」のは結構なことだが、自らの脚を濡らすことも時には必要だろう。敵領地を攻める陸戦力の増強を怠ってはならない。
english,replace/focus_l_japanese.yml,uk_asia_focus,東アジアの強化
english,replace/focus_l_japanese.yml,uk_asia_focus_desc,古くからの東方植民地の多くは内戦や地域の帝国主義的野望の脅威に晒されている。我々は駐屯地への意識を怠ることなく、また、地域の発展を促すことで国際的な存在感を高めなければならない。
english,replace/focus_l_japanese.yml,uk_australia_focus,オーストラリアの開発
english,replace/focus_l_japanese.yml,uk_australia_focus_desc,オーストラリアの産業や造船所への投資はオーストラリア経済に活力を与え、戦争の際には彼らが大きな貢献をしてくれるようになるだろう。
english,replace/focus_l_japanese.yml,uk_balkan_strategy,バルカン半島戦略
english,replace/focus_l_japanese.yml,uk_balkan_strategy_desc,バルカン諸国の多くは親英国家であり、中央ヨーロッパにおける脅威を我々と共有している。時機を見て早期に支援する事ができれば、彼らの忠誠を確固たる物とすることができるだろう。ただし、それは先の大戦の復讐を狙う隣国を憤激させる事になる。
english,replace/focus_l_japanese.yml,uk_battleship_focus,戦艦重視
english,replace/focus_l_japanese.yml,uk_battleship_focus_desc,理論家は制空権や制海権について議論しているが、自分の家が艦砲の標的になる事など誰も望まないだろう。たとえ空母推進者が最終的に正しかったとしても、戦艦は少なくとも数年は海を支配し続けるに違いない。
english,replace/focus_l_japanese.yml,uk_burma_focus,ビルマ公路
english,replace/focus_l_japanese.yml,uk_burma_focus_desc,我が国は中国の日本との闘争を、ビルマと中国を結ぶ道路とそれに関連したインフラを建設することで助けてやるべきだろう。日本の魔の手から守られた陸路を通じた補給を可能にするのだ。
english,replace/focus_l_japanese.yml,uk_canada_focus,カナダの開発
english,replace/focus_l_japanese.yml,uk_canada_focus_desc,カナダの産業や造船所への投資はカナダ経済に活力を与え、戦争の際には彼らが大きな貢献をしてくれるようになるだろう。
english,replace/focus_l_japanese.yml,uk_carrier_focus,空母重視
english,replace/focus_l_japanese.yml,uk_carrier_focus_desc,海軍の理論家の間で戦艦の継続的有用性について激しい論争が起こっている。中には、近代がもたらした空軍力が海軍を支配するようになり、海の王者の地位が戦艦から空母に置き換わるだろうと主張する人々も存在する。
english,replace/focus_l_japanese.yml,uk_china_focus,中国への影響力
english,replace/focus_l_japanese.yml,uk_china_focus_desc,中国の民族主義者達は自らを我々の植民地への努力に対する敵だと称してきたが、彼らはあまりに少数の味方だけで敵中に閉じ込められている。もし彼らに手を差し出せば、彼らは考えを改めることに同意するかもしれない。
english,replace/focus_l_japanese.yml,uk_colonial_focus,植民地のエリートを奨励
english,replace/focus_l_japanese.yml,uk_colonial_focus_desc,我々の巨大で、世界に広がる帝国は世界でも傑出した頭脳を有しているが、その大きさゆえに出会うことが叶わなかった。彼らに我々の最重要プロジェクトへの参加を促進することで、より計画の達成を早められるだろう。
english,replace/focus_l_japanese.yml,uk_commonwealth_focus,英連邦の結束
english,replace/focus_l_japanese.yml,uk_commonwealth_focus_desc,君主への忠誠によって繋がれた英連邦の国々は、世界規模の対立の際には最初に頼るべきものだ。各国との確かな外交関係の構築は必須だ。
english,replace/focus_l_japanese.yml,uk_convoy_focus,船団護衛重視
english,replace/focus_l_japanese.yml,uk_convoy_focus_desc,輸送船団は生命線であり、いくら増強してもしすぎるということはない。船団を護衛し、失われた船団を補うために早急に全力を尽くす必要がある。
english,replace/focus_l_japanese.yml,uk_destroyer_focus,駆逐艦重視
english,replace/focus_l_japanese.yml,uk_destroyer_focus_desc,現代の戦艦は確かに圧倒的な力を有するが、艦隊の保護に必要な駆逐艦の役割を無視してはならないだろう。
english,replace/focus_l_japanese.yml,uk_embargo_focus,禁輸政策
english,replace/focus_l_japanese.yml,uk_embargo_focus_desc,赤にしろ茶色にしろ、独裁者達を打倒する最も良い手段は、単純に彼らが戦争を遂行するための資源を干上がらせることだ。問題は奴らと取引をしている銀行家や企業を怒鳴りつけることだが……
english,replace/focus_l_japanese.yml,uk_empire_focus,帝国の強化
english,replace/focus_l_japanese.yml,uk_empire_focus_desc,我々の帝国は広大で、大国であるにもかかわらず、防御が手薄だ。これに対処する為、帝国領全土において臣民の愛国主義を奨励する必要がある。
english,replace/focus_l_japanese.yml,uk_free_india_focus,インド独立
english,replace/focus_l_japanese.yml,uk_free_india_focus_desc,日本は積極的にインドの反乱を扇動し、インド人新兵からなる「インド国民軍」を形成している。それを防ぐ手立てが何も行われない場合、情勢はさらに危うくなる可能性があるだろう。我々は日本を早急に打ち負かすか、もしくは数年内の独立をインドに約束するかを選択できる。
english,replace/focus_l_japanese.yml,uk_greece_focus,ギリシャへの強要
english,replace/focus_l_japanese.yml,uk_greece_focus_desc,ギリシャの基地使用権を獲得する事は我が国にとり大きな利益であり、率直に言ってギリシャ人は我々の要請を拒否できる立場には無い。
english,replace/focus_l_japanese.yml,uk_india_focus,インドの開発
english,replace/focus_l_japanese.yml,uk_india_focus_desc,インドに抱える植民地は対外的にも対内的にも今だ問題の渦中にある状態だ。しかし彼らがどんな課題を抱えていようとも、彼らの工業力を増強することが最優先だ。
english,replace/focus_l_japanese.yml,uk_iran_focus,イランを確保
english,replace/focus_l_japanese.yml,uk_iran_focus_desc,イランは石油産出が豊富なばかりでなく、インド・中東・ソ連を結ぶ戦略的要地でもある。そのため我々の敵を拒まなければならない。
english,replace/focus_l_japanese.yml,uk_iraq_focus,いらくを確保
english,replace/focus_l_japanese.yml,uk_iraq_focus_desc,我々は1932年にいらくの独立を承諾した。だが現在の状況を考慮してみるとそれは誤りであったかもしれない。いらくで産出される石油が敵の手に渡ることを決して許してはならない……
english,replace/focus_l_japanese.yml,uk_jet_focus,ジェット航空機
english,replace/focus_l_japanese.yml,uk_jet_focus_desc,航空機のプロペラエンジンがジェットエンジンに置き換わることは疑いの余地が無い。その潜在性は高く、イギリスはこの研究において他国への遅れを許してはならない。
english,replace/focus_l_japanese.yml,uk_malta_focus,マルタ島の要塞化
english,replace/focus_l_japanese.yml,uk_malta_focus_desc,マルタ島は中央地中海の要衝であり、ｴｼﾞﾌﾟﾄからスエズ運河を通りインド・極東へ向かう帝国のライフラインの重要な中継駅でもある。マルタの要塞化に費やした時間は決して無駄にはならないだろう。
english,replace/focus_l_japanese.yml,uk_mediterranean_focus,地中海の砦
english,replace/focus_l_japanese.yml,uk_mediterranean_focus_desc,地中海を通るルートは、インド往来のショートカットとして非常に重要だ。従って、このルートを開放し、我々の管理下に置くことが最も重要である。
english,replace/focus_l_japanese.yml,uk_new_zealand_focus,ニュージーランドの開発
english,replace/focus_l_japanese.yml,uk_new_zealand_focus_desc,ニュージーランドは我が国と強いつながりを有しており、ファシズムの脅威に対して警告を発している。戦争の際に彼らが貢献してくれるであろう事は確実であり、我々はそれに応えて彼らを支援するべきだ。
english,replace/focus_l_japanese.yml,uk_protect_suez,スエズの防衛
english,replace/focus_l_japanese.yml,uk_protect_suez_desc,スエズの支配は、大英帝国の制海権を維持する重要な方策であり、この地域の失陥は取り返しのつかない打撃を帝国に与える事になる。スエズの要塞化を行う必要があるだろう。
english,replace/focus_l_japanese.yml,uk_rock_focus,ジブラルタルの要塞化
english,replace/focus_l_japanese.yml,uk_rock_focus_desc,地中海への入り口を支配しているだけでなく、ジブラルタルは大西洋・地中海の二つの海での作戦行動を可能とする強固な防備を備えた港である。従って、更なる強固な防備は必要不可欠なものである。
english,replace/focus_l_japanese.yml,uk_sanction_italy_focus,イタリアに制裁
english,replace/focus_l_japanese.yml,uk_sanction_italy_focus_desc,ムッソリーニは新たなローマ帝国を夢見ており、その馬鹿げた夢を達成するためにいつか我々を攻撃してくるかもしれない。戦争が起こる前にそれを防ぐべきである。
english,replace/focus_l_japanese.yml,uk_sanction_japan_focus,日本に制裁
english,replace/focus_l_japanese.yml,uk_sanction_japan_focus_desc,日本人は「大東亜共栄圏」とやらを、当然自らの覇権の下に、作り上げようとしているようだ。大英帝国はそこに植民地を持つ欧州諸国の中で一番の障害である。日本に必要な資源供給は絶たれて然るべきだ。
english,replace/focus_l_japanese.yml,uk_scandinavian_focus,スカンディナヴィア介入
english,replace/focus_l_japanese.yml,uk_scandinavian_focus_desc,もしスウェーデン鋼の輸出がなければ、スカンディナヴィアに戦略上に重要な意味は殆ど無かっただろう。我々はこの重要な資源がドイツに渡ることを防止するために、スウェーデンとノルウェイ両国に圧力をかけなければならない。もしも彼らがそれを拒絶するようなら、我々は侵略をする覚悟が必要かもしれない……
english,replace/focus_l_japanese.yml,uk_service_focus,海外勤務
english,replace/focus_l_japanese.yml,uk_service_focus_desc,兵士を植民地と本国の間でローテーション勤務させることで、戦線毎に異なる環境を知り、経験を得て、本国の僚友とそれを共有する事が可能になる。
english,replace/focus_l_japanese.yml,uk_small_arms_focus,バーミンガム小火器会社
english,replace/focus_l_japanese.yml,uk_small_arms_focus_desc,[Root.GetBSACompanyDesc]
english,replace/focus_l_japanese.yml,uk_south_africa_focus,南アフリカの開発
english,replace/focus_l_japanese.yml,uk_south_africa_focus_desc,南アフリカの政治情勢は不透明だ。戦時の支援を完全に信頼する事はできないが、彼らの工業力を強化し支援する事で、イギリスの問題に対して彼らの支援が増大する事は望めるだろう。
english,replace/focus_l_japanese.yml,uk_spain_focus,スペインへの圧力
english,replace/focus_l_japanese.yml,uk_spain_focus_desc,スペインはロイヤル・ネイヴィーの力を誰よりも思い知った国家だ。そのことを思い出させてやろうではないか……
english,replace/focus_l_japanese.yml,uk_turkey_focus,トルコへの圧力
english,replace/focus_l_japanese.yml,uk_turkey_focus_desc,トルコが我々を慕う必要は無いが、我が軍の戦艦の恐ろしさだけ十分に知っておくべきだろう……
english,replace/focus_l_japanese.yml,uk_waves_focus,ブリタニア、大海原を統べよ
english,replace/focus_l_japanese.yml,uk_waves_focus_desc,[Root.GetBritanniaRulesTheWavesDesc]
english,replace/focus_l_japanese.yml,unlocks_decision,以下のディシジョンを解禁:
english,replace/focus_l_japanese.yml,usa_focus,アメリカ合衆国の国家方針
english,replace/focus_l_japanese.yml,volunteer_corps,義勇軍
english,replace/focus_l_japanese.yml,volunteer_corps_desc,国民を自由思想のために殉死させたとしても訓練にはならない。しかし、外国で人々を支援しようとする者のために、その手段を確立することはその限りではない。
english,replace/focus_l_japanese.yml,warrior_traditions_focus,武士道
english,replace/focus_l_japanese.yml,warrior_traditions_focus_desc,歴史を通して、日本は侍階級の間で他に類を見ない伝統を保ってきた。これらの価値観はその身分に関係なく全ての兵士たちによって思い出され、肝に銘じられなければならない。
english,replace/focus_l_japanese.yml,why_we_fight,我々は何故戦うのか
english,replace/focus_l_japanese.yml,why_we_fight_desc,世界情勢は極めて不安定なものになってきている。人々は、力に飢えた奴らによって行われる残虐行為が見たいようだ。国民に我らの大義を思い起こさせ、自由のための戦いの準備はもう済んでいることを確信させなければならない。
english,replace/focus_l_japanese.yml,why_we_fight_effect,§Y中立的外交政策§!の精神がない場合、陣営を創設することができる。\n
english,replace/focus_l_japanese.yml,yugoslavia_mefo_bills_tt,ユーゴスラビアの金を利用して、§Yメフォ手形§!のコストを削減する。\n
english,replace/loading_tips_l_japanese.yml,LOADING_TIP_0,日本まで車で行くと何時間？ \n- テキサスのアメリカ人
english,replace/loading_tips_l_japanese.yml,LOADING_TIP_1,人が国をごっちゃにしている様子をホームページに投稿してもらい地図に反映していけば、\nバカが思い描いている世界地図ができるのではないか、と思いました。\n- 一刀氏
english,replace/loading_tips_l_japanese.yml,LOADING_TIP_10,ドイツとフランスの間の国はややこしい\n →全部まとめて「ベネルクス」にしました。
english,replace/loading_tips_l_japanese.yml,LOADING_TIP_100,はろーあほかす\n-バカ世界地図Mod最初の会話
english,replace/loading_tips_l_japanese.yml,LOADING_TIP_101,という事でね、Gitは上手く使えばこういう風に歴史をキレイにできるという話でした～\nつまりプログラマーは歴史修正主義者 -サブ管
english,replace/loading_tips_l_japanese.yml,LOADING_TIP_102,詩篇91篇11節\n-主があなたのために御使いたちに命じてあなたのすべての道であなたを守られるからだ。
english,replace/loading_tips_l_japanese.yml,LOADING_TIP_103,Iサムエル2章9節\n-主は敬虔な者たちの足を守られます。しかし、悪者どもは、闇の中に滅び失せます。\n人は、自分の能力によっては勝てないからです。
english,replace/loading_tips_l_japanese.yml,LOADING_TIP_104,マタイ書26章52節\n剣を取る者は、剣で滅びる
english,replace/loading_tips_l_japanese.yml,LOADING_TIP_105,マタイ書5章9節\n-平和をつくり出だす人たちは、幸いである、\n彼らは神のこと呼ばれるであろう。
english,replace/loading_tips_l_japanese.yml,LOADING_TIP_106,マタイ書5章44節\n-あなたがたの敵を愛し、あなたがたを迫害する者のために祈りなさい。
english,replace/loading_tips_l_japanese.yml,LOADING_TIP_107,マタイ書5章39節\n-もし人があなたの右の頬を打つなら、左の頬も差し出しなさい。
english,replace/loading_tips_l_japanese.yml,LOADING_TIP_108,自分たちの未来を信じている人は\n人の物がうらやましく見えるなんてことはないのね･･･\n - メーテル
english,replace/loading_tips_l_japanese.yml,LOADING_TIP_109,後悔しながらメソメソ一生暮らすより\nおれは戦うぞ - 星野鉄郎
english,replace/loading_tips_l_japanese.yml,LOADING_TIP_11,デンマークの存在は忘れられがち\n →ひそかにドイツに統合されました。
english,replace/loading_tips_l_japanese.yml,LOADING_TIP_110,時間をあやつり永遠の命を手にしても私たちにできないこともある\n血の通ったあたたかい人の心・・・歯を食いしばって戦う少年の心には手をふれることもできない\n - レリューズ
english,replace/loading_tips_l_japanese.yml,LOADING_TIP_111,自分で選んでおいてあとでグチや不平を言うのは一番卑怯なやつだと私は思うのさ\n - ラセン
english,replace/loading_tips_l_japanese.yml,LOADING_TIP_112,私はあなたの思い出の中にだけいる女\n私は・・・あなたの少年の日の心の中にいた青春の幻影\n - メーテル
english,replace/loading_tips_l_japanese.yml,LOADING_TIP_113,愛とは、決して優しく甘美な物ばかりではありません。\n つらく、そして恐ろしいことの方が多いのです。\n - クイーン・オブ・アクエリアス
english,replace/loading_tips_l_japanese.yml,LOADING_TIP_114,絶対的な善と完全な悪が存在する、という考えは、\nおそらく人間の精神をかぎりなく荒廃させるだろう\n - ヤン・ウェンリー
english,replace/loading_tips_l_japanese.yml,LOADING_TIP_115,政治家が賄賂をとってもそれを批判することが出来ない状態を、\n政治の腐敗というんだ\n - ヤン・ウェンリー
english,replace/loading_tips_l_japanese.yml,LOADING_TIP_116,助からぬ者を助けるふりをするのは、偽善だけでなく、技術と労力の浪費だ。\n -パウル・フォン・オーベルシュタイン
english,replace/loading_tips_l_japanese.yml,LOADING_TIP_117,勝ってはならないときに勝ったがため、\n究極的な敗北に追いこまれた国家は歴史上、無数にある。\n -シドニー・シトレ
english,replace/loading_tips_l_japanese.yml,LOADING_TIP_118,二流以下のマキャベリストが権力を壟断するのは亡国の兆し。\n - ラインハルト・フォン・ローエングラム
english,replace/loading_tips_l_japanese.yml,LOADING_TIP_119,私としては、虎の児を猫と見誤る愚は犯したくないな。\n - アドリアン・ルビンスキー
english,replace/loading_tips_l_japanese.yml,LOADING_TIP_12,ドイツより東の国はよくわからない\n →謎(MYSTERY)になりました。
english,replace/loading_tips_l_japanese.yml,LOADING_TIP_120,一億人が一世紀間、努力をつづけて築きあげたものを、\nたったひとりが一日でこわしてしまうことができるのですわ。\n - ヒルデガルド・フォン・マリーンドルフ 
english,replace/loading_tips_l_japanese.yml,LOADING_TIP_121,特定宗教に対する狂信ほど、それと無縁な人間の反発と嫌悪をそそるものはない。\n - 銀河英雄伝説
english,replace/loading_tips_l_japanese.yml,LOADING_TIP_122,ブンヤ的表現でね、若い女はみんな美人っていうんですよ。\n - 本多猪四郎監督・関沢新一脚本「モスラ」
english,replace/loading_tips_l_japanese.yml,LOADING_TIP_123,美しく最後を飾り付ける暇があったら最後まで美しく生きようじゃねーか。\n - 坂田 銀時
english,replace/loading_tips_l_japanese.yml,LOADING_TIP_124,壁のかたわらでは、わたしはおまえにひとこと話そう。\nわたしのいうことを聞きなさい。わたしの教えに耳をかたむけなさい。\n - シュメルの洪水神話
english,replace/loading_tips_l_japanese.yml,LOADING_TIP_125,家をこわし、舟をつくれ。持物をあきらめ、おまえのいのちを求めよ。\n品物のことを忘れ、おまえのいのちを救え。すべての生きものの種を舟に運びこめ。\n - ギルガメシュ叙事詩
english,replace/loading_tips_l_japanese.yml,LOADING_TIP_126,人の二倍働く、人が三年かかって覚える仕事を一年で身につける\n - 道場六三郎
english,replace/loading_tips_l_japanese.yml,LOADING_TIP_127,あなたの才能ではなく、あなたの態度が、あなたの高度を決めるのだ。\n - ジグ・ジグラー
english,replace/loading_tips_l_japanese.yml,LOADING_TIP_128,ピンチはチャンスだ、ありがとう\n - 加治敬通
english,replace/loading_tips_l_japanese.yml,LOADING_TIP_129,早寝早起きは、健康、富裕、賢明のもとである。\n - ベンジャミン・フランクリン
english,replace/loading_tips_l_japanese.yml,LOADING_TIP_13,ポーランドと北極は名前が近いから近くにあるはず。
english,replace/loading_tips_l_japanese.yml,LOADING_TIP_130,自分を信じるというのは、わかりきっていることのようだが、自分にしかできないことである。\n他人はそれを助けてくれるかもしれないが、\n信じるのはあくまでも自分自身である。\n - ジョージ・シン
english,replace/loading_tips_l_japanese.yml,LOADING_TIP_131,「勝ちたいな」と思っていた時は勝てなくて、「勝たせたいな」と思っていると少しずつ勝てるようになって、「幸せにしてやりたいな」と思うようになって、一気に優勝が続いた\n - 岩出雅之
english,replace/loading_tips_l_japanese.yml,LOADING_TIP_132,真似をするときには、その形ではなく、その心を真似するのがよい。\n - 渋沢栄一
english,replace/loading_tips_l_japanese.yml,LOADING_TIP_133,解を急ぐより、問いを深めよ。\n - 石川善樹
english,replace/loading_tips_l_japanese.yml,LOADING_TIP_134,いいことが起こった時は「おかげさま」、悪いことが起こった時は「身から出たサビ」\n - 山中伸弥
english,replace/loading_tips_l_japanese.yml,LOADING_TIP_135,人間は行きづまるということは絶対ない。行きづまるというのは、自分が行きづまったと思うだけのことである\n - 松下幸之助
english,replace/loading_tips_l_japanese.yml,LOADING_TIP_136,人間に関することに安定などないことを忘れてはならない。それゆえに、繁栄している時には過度の喜びを避け、逆境にある時には過度の落ち込みを避けなさい。\n - ソクラテス
english,replace/loading_tips_l_japanese.yml,LOADING_TIP_137,自ら光り輝いてこそ周りを照らすことができる\n - 横田南嶺
english,replace/loading_tips_l_japanese.yml,LOADING_TIP_138,幸福になるのは、自分の好きなものを持っているからであり、他人がよいと思うものを持っているからではない\n - ラ・ロシェフコー
english,replace/loading_tips_l_japanese.yml,LOADING_TIP_139,人生とは、今日一日一日のことである。確信を持って人生だと言える唯一のものである。今日一日をできるだけ利用するのだ。何かに興味を持とう。自分を揺すって絶えず目覚めていよう。趣味を育てよう。熱中の嵐を体中に吹き通らせよう。今日を心ゆくまで味わって生きるのだ。\n - デール・カーネギー
english,replace/loading_tips_l_japanese.yml,LOADING_TIP_14,バカに歴史を教えるとかえって危険なことが判明しました。
english,replace/loading_tips_l_japanese.yml,LOADING_TIP_140,才能とは、努力を継続できる力\n - 羽生善治
english,replace/loading_tips_l_japanese.yml,LOADING_TIP_141,苦労しなさい。ただ、何年かして振り返ってみた時に、その苦労を笑い話にできるように努力しなさい\n - 古今亭今輔
english,replace/loading_tips_l_japanese.yml,LOADING_TIP_142,発明はすべて、苦しまぎれの知恵だ。\nアイディアは苦しんでいる人のみに与えられている特典である。\n - 本田 宗一郎
english,replace/loading_tips_l_japanese.yml,LOADING_TIP_143,人生とは自転車のようなものだ。倒れないようにするには走らなければならない\n - アインシュタイン
english,replace/loading_tips_l_japanese.yml,LOADING_TIP_144,頭で考えているうちは、物事は何も進まない\n - 大谷賢二
english,replace/loading_tips_l_japanese.yml,LOADING_TIP_145,下足番を命じられたら、日本一の下足番になってみろ。\nそうしたら、誰も君を下足番にしておかぬ。\n - 小林 一三
english,replace/loading_tips_l_japanese.yml,LOADING_TIP_146,私は一日たりと、いわゆる労働などしたことがない。何をやっても楽しくてたまらないから\n - エジソン
english,replace/loading_tips_l_japanese.yml,LOADING_TIP_147,いま一所懸命に努力したとして、結果が出るのはずっと先。ちょっとずつの積み重ねが五年、十年たって形になってくる\n - 羽生善治
english,replace/loading_tips_l_japanese.yml,LOADING_TIP_148,生きているうちはたらけるうち日のくれぬうち\n - 相田みつを
english,replace/loading_tips_l_japanese.yml,LOADING_TIP_149,考えることは、才能のない人間の最大の武器である\n - 野村克也
english,replace/loading_tips_l_japanese.yml,LOADING_TIP_15,「ツンドラ気候」は「ツンデレ気候」になりかけましたが、\nあまりにバカらしかったので却下しました。
english,replace/loading_tips_l_japanese.yml,LOADING_TIP_150,平凡なことを毎日平凡な気持ちで実行することが、すなわち非凡なのである。\n - アンドレ・ジッド
english,replace/loading_tips_l_japanese.yml,LOADING_TIP_151,解決策がわからないのではない。\n問題がわかっていないのだ。\n - ギルバート・ケイス・チェスタートン
english,replace/loading_tips_l_japanese.yml,LOADING_TIP_152,ある問題について、地球上で最も必死に考えている人のところにアイデアの神様は降りてくる\n - 森岡毅
english,replace/loading_tips_l_japanese.yml,LOADING_TIP_153,明日はなんとかなると思う馬鹿者。\n今日でさえ遅すぎるのだ。\n賢者はもう昨日済ましている。\n - クーリー
english,replace/loading_tips_l_japanese.yml,LOADING_TIP_154,「おかげさん」でないものは、この世に一つもありません\n - 相田みつを
english,replace/loading_tips_l_japanese.yml,LOADING_TIP_155,「勝つ意欲」はたいして重要ではない。\nそんなものは誰もが持ち合わせている。\n重要なのは、勝つために準備する意欲である。\n - ボビー・ナイト
english,replace/loading_tips_l_japanese.yml,LOADING_TIP_156,実際に成功するのは会社どうこうではなく、ただ世界に向けて表現したいことがある人達なんです\n - スティーブジョブズ
english,replace/loading_tips_l_japanese.yml,LOADING_TIP_157,仕事を追い、仕事に追われるな。\n - ベンジャミン・フランクリン
english,replace/loading_tips_l_japanese.yml,LOADING_TIP_158,「誤審」は神様がオレに与えた試練なんだろうな。\n - セレス小林
english,replace/loading_tips_l_japanese.yml,LOADING_TIP_159,「選手生活の中で9000本以上のシュートをミスした。300回近く試合に負けた。26回ウイニングショットを任され、失敗した。人生の中でなんどもなんども繰り返し『私は失敗した』。それが私が成功した理由だ。」\n - マイケル・ジョーダン
english,replace/loading_tips_l_japanese.yml,LOADING_TIP_16,ノキアは北欧のスゴイ版。\n-わけのわからないコメント
english,replace/loading_tips_l_japanese.yml,LOADING_TIP_160,これほどまでの努力を人は運と言う\n - 川上哲治
english,replace/loading_tips_l_japanese.yml,LOADING_TIP_161,「何も咲かない寒い日は、下へ下へと根を伸ばせ。やがて大きな花が咲く。」\n - 高橋尚子
english,replace/loading_tips_l_japanese.yml,LOADING_TIP_162,精神的なスランプからは、なかなか抜け出すことができない。\n根本的な原因は、食事や睡眠のような基本的なことにあるのに、それ以外のところから原因を探してしまうからだ。\n - 落合 博満
english,replace/loading_tips_l_japanese.yml,LOADING_TIP_163,この世で成功する人とは、立ち上がって、自分が望むような状況を探し回り、もし見つからなければそれを創り出す人だ。\n - バーナード・ショー
english,replace/loading_tips_l_japanese.yml,LOADING_TIP_164,失敗とは成功する前に止めること。成功するまで続ければ必ず成功する\n - 松下幸之助
english,replace/loading_tips_l_japanese.yml,LOADING_TIP_165,やってみなければ、結局は失敗と同じ。\n - リチャード・ブランソン
english,replace/loading_tips_l_japanese.yml,LOADING_TIP_166,勝ちに不思議の勝ちあり、負けに不思議の負けなし。\n - 野村 克也
english,replace/loading_tips_l_japanese.yml,LOADING_TIP_167,傲慢な人間は他人の意見に耳を傾けない。自信のある人間は異論を歓迎し、素直に耳を傾ける勇気を持っている\n - ジャック・ウェルチ
english,replace/loading_tips_l_japanese.yml,LOADING_TIP_168,人間はできるだけ早くから、良き師、良き友を持ち、良き書を読み、ひそかに自ら省み、自ら修めることである。人生は心がけと努力次第である\n - 安岡正篤
english,replace/loading_tips_l_japanese.yml,LOADING_TIP_169,ゴールだけでは十分ではない。ゴールに加えて期限が必要。やる気がわく大きなゴールと、自分が走り続けるための期限。どちらか一つではだめだが、二つ合わせると大きな力となる。\n - ベン・フェルドマン
english,replace/loading_tips_l_japanese.yml,LOADING_TIP_17,Huh? What`s that?(はぁ？なにそれ？) \n - グリーンランドを見た人
english,replace/loading_tips_l_japanese.yml,LOADING_TIP_170,すべての人を自分より偉いと思って仕事をすれば必ずうまくいくし、とてつもなく大きな仕事ができるものだ。\n - 松下幸之助
english,replace/loading_tips_l_japanese.yml,LOADING_TIP_171,勝利は多くの犠牲と努力を払った者への最高の報酬である\n - ジーコ
english,replace/loading_tips_l_japanese.yml,LOADING_TIP_172,難しいからやろうとしないのではない。やろうとしないから、難しくなるのだ。\n - ルキウス・アンナエウス・セネカ
english,replace/loading_tips_l_japanese.yml,LOADING_TIP_173,売るのをやめよう。助けることを始めよう。\n - ジグ・ジグラー
english,replace/loading_tips_l_japanese.yml,LOADING_TIP_174,世界一の練習をしなければ、世界一になれない\n - 内村航平
english,replace/loading_tips_l_japanese.yml,LOADING_TIP_175,「愛はお互いに見つめ合うことではなく、共に同じ方向を見つめることである」\n - サン＝テグジュペリ
english,replace/loading_tips_l_japanese.yml,LOADING_TIP_176,耳の痛くなる忠告をしてくれる人は、それだけその人のことを思っていてくれる\n - 植西聦
english,replace/loading_tips_l_japanese.yml,LOADING_TIP_177,「忙しいだけでは十分でない。問題は何で忙しいかである」\n - ヘンリー・デヴィッド・ソロー
english,replace/loading_tips_l_japanese.yml,LOADING_TIP_178,今の時代未来永劫の取引先など存在しない\n - 交渉学
english,replace/loading_tips_l_japanese.yml,LOADING_TIP_179,結局のところ、人を信じる力が、クレーム対応には必要です。その人の側に立って、「自分だったらどうしてもらうのが一番うれしいのか」を考えると、おのずと解決方法は見つかります。\n最初から用意された解決方法や、すべての人に共通の対応方法があるわけでもありません。\n - 三輪康子氏
english,replace/loading_tips_l_japanese.yml,LOADING_TIP_18,アフリカの右下の島は「台湾」\n- アメリカ人
english,replace/loading_tips_l_japanese.yml,LOADING_TIP_180,「叱る」と「褒める」というのは同意語だ。\n情熱や愛情が無いと、叱っても、ただ怒られているというとらえ方をする。\n - 野村克也
english,replace/loading_tips_l_japanese.yml,LOADING_TIP_181,独創的な新製品をつくるヒントを得ようとしたら、市場調査の効力はゼロとなる。\n大衆の知恵は決して創意などはもっていないのである。\n大衆は作家ではなく、批評家なのである。\n - 本田宗一郎
english,replace/loading_tips_l_japanese.yml,LOADING_TIP_182,プロとは全人生を賭けた負けず嫌いのこと\n - 張栩
english,replace/loading_tips_l_japanese.yml,LOADING_TIP_183,反省することは反省する。でも一度寝たら忘れる\n - 古田敦也
english,replace/loading_tips_l_japanese.yml,LOADING_TIP_184,努力して結果が出ると、自信になる。\n努力せず結果が出ると、傲りになる。\n努力せず結果も出ないと、後悔が残る。\n努力して結果が出ないとしても、経験が残る。
english,replace/loading_tips_l_japanese.yml,LOADING_TIP_185,愛とおカネの違いは何か。\n一定の量を持っていたとして、人にいくらかあげてしまうと、おカネは減る。\nしかし愛をあげたときは、その逆になる。つまり、愛は増えるのである。\n - ジョン・テンプルトン
english,replace/loading_tips_l_japanese.yml,LOADING_TIP_186,自分との約束を守り、内なる自分と信頼関係を築く\n - 河原成美
english,replace/loading_tips_l_japanese.yml,LOADING_TIP_187,「私は失敗を受け入れることができる。しかし、挑戦しないことだけは許せないんだ。」\n - マイケル・ジョーダン
english,replace/loading_tips_l_japanese.yml,LOADING_TIP_188,思想もまた、人に語ることによって、より確実に自分のものになる。すなわち、教えることは学ぶことであり、与えることは与えられることなのだ。\n - ジョン・トッド
english,replace/loading_tips_l_japanese.yml,LOADING_TIP_189,人の道を守らない人間、親を大事にしない人間、恩ある人に砂をかける人間に、運はついてこない\n - 樋口武男
english,replace/loading_tips_l_japanese.yml,LOADING_TIP_19,ツンドラは知らないがツンデレなら知っている。\n- 日本人
english,replace/loading_tips_l_japanese.yml,LOADING_TIP_190,出る杭は打たれるが、出すぎた杭は誰も打てない。出ない杭、出ようとしない杭は、居心地はよいが、そのうちに腐る。\n - 堀場 雅夫
english,replace/loading_tips_l_japanese.yml,LOADING_TIP_191,金がないからできないという人は、金があってもできない\n - 小林一三
english,replace/loading_tips_l_japanese.yml,LOADING_TIP_192,我々は、最初から苦しむ方向をとったから、あとは楽になった。\n真似をして楽をしたものは、その後に苦しむことになる。\n - 本田宗一郎
english,replace/loading_tips_l_japanese.yml,LOADING_TIP_193,僕はこれまでを考えると失敗の連続です。連戦連敗といってもいい。ただし、致命的な失敗はしていない。「ここまでの失敗なら耐えられる」と自分の力が及ぶ範囲で挑戦してきたので、どうにかやってこれたのです。そして、失敗とわかった後は素早く撤収しました。失敗のまま事業を継続したら、働いている従業員を将来のないものに縛ることになる。彼らの人生を無駄にはできない。私たちは限られた資源や条件の中で事業をしています。成長しない事業に人材を投入する余裕はない。失敗とわかった後はすぐに切り上げること。\n - 柳井正氏
english,replace/loading_tips_l_japanese.yml,LOADING_TIP_194,信用というブランドを構築するには十年かかる。しかしそのブランドを失うのはたった十秒\n - 藤居寛
english,replace/loading_tips_l_japanese.yml,LOADING_TIP_195,自分の価値は自分ではわからない。他人に言ってもらわないとわからない。人が喜んでいて初めて、自分に価値があると認識できる\n - 吉岡秀人
english,replace/loading_tips_l_japanese.yml,LOADING_TIP_196,私は人のやらないことをやろうと考えています。やれそうもないことを成し遂げるのが仕事というものとちがいますやろか\n - 安藤百福
english,replace/loading_tips_l_japanese.yml,LOADING_TIP_197,成功の反対は失敗ではなく「やらないこと」だ\n - 佐々木則夫
english,replace/loading_tips_l_japanese.yml,LOADING_TIP_198,道や川ってふしぎだなあ。ずっと先までつづくのを見ていると、遠くへ行きたくてたまらくなくなっちゃう。どこまで行くのかなって、ついていきたくなるんだ……\n - スニフ ムーミン谷の彗星 より
english,replace/loading_tips_l_japanese.yml,LOADING_TIP_199,行かないで！ぼく、おまえが好きなんだよ\n - スニフ ムーミン谷の彗星 より
english,replace/loading_tips_l_japanese.yml,LOADING_TIP_2,スペインは南米なイメージ
english,replace/loading_tips_l_japanese.yml,LOADING_TIP_20,イタリアは美脚になりました。
english,replace/loading_tips_l_japanese.yml,LOADING_TIP_200,ぼく、腹ぺこだよ。食べることもわすれるほど、しあわせになれるんだね！\n - スニフ ムーミン谷の彗星 より
english,replace/loading_tips_l_japanese.yml,LOADING_TIP_201,パパとママが、考えたんだけどね。あなたたち、ちょっと旅をしていらっしゃい\n - ムーミンママ ムーミン谷の彗星 より
english,replace/loading_tips_l_japanese.yml,LOADING_TIP_202,ママ、心配しないでね。きっと、思ってるより地球はずっと大きいよ\n - ムーミントロール ムーミン谷の彗星 より
english,replace/loading_tips_l_japanese.yml,LOADING_TIP_203,たのしんでらっしゃいね。日曜日までに帰ってくるのよ。こけももクリームのおいしいケーキを作っておくわ\n - ムーミンママ ムーミン谷の彗星 より
english,replace/loading_tips_l_japanese.yml,LOADING_TIP_204,パパがいってたけどね、ニョロニョロたちは、どこかにあるあこがれの地をめざしているけど、どうしてもたどりつけないんだって……\n - ムーミントロール ムーミン谷の彗星 より
english,replace/loading_tips_l_japanese.yml,LOADING_TIP_205,なんでも自分のものにして、持って帰ろうとすると、むずかしくなっちゃうんだよ。ぼくは見るだけにしてるんだ。そして立ち去るときには、頭の中へしまっておく\n - スナフキン ムーミン谷の彗星 より
english,replace/loading_tips_l_japanese.yml,LOADING_TIP_206,でも、冒険物語じゃ、かならず助かることになっているんだよ\n - スナフキン ムーミン谷の彗星 より
english,replace/loading_tips_l_japanese.yml,LOADING_TIP_207,それはいいテントだが、ものに執着せぬようにしなきゃな。すててしまえよ。パンケーキ・フライパンも。ぼくたちには、用のなくなった道具だもの\n - スナフキン ムーミン谷の彗星 より
english,replace/loading_tips_l_japanese.yml,LOADING_TIP_208,ゆううつになんか、ならないで。ぼくたちが帰ったら、ママはごちそうを作って待ってるんだ\n - ムーミントロール ムーミン谷の彗星 より
english,replace/loading_tips_l_japanese.yml,LOADING_TIP_209,でも毎日だって、あなたを大ダコから助けてあげたいわ\n - スノークのおじょうさん ムーミン谷の彗星 より
english,replace/loading_tips_l_japanese.yml,LOADING_TIP_21,イランからイスラエルが独立しました。
english,replace/loading_tips_l_japanese.yml,LOADING_TIP_210,なぜ・・・ 神は・・・ わたしという平凡な女にふさわしい 平凡な運命をあたえてくださらなかったのだろう・・・\n - マリーアントワネット ベルサイユのばら より
english,replace/loading_tips_l_japanese.yml,LOADING_TIP_211,いつでもベルサイユへいらっしゃい\n - ポリニャック伯爵夫人 ベルサイユのばら より
english,replace/loading_tips_l_japanese.yml,LOADING_TIP_212,フランス万歳\n - オスカル ベルサイユのばら より
english,replace/loading_tips_l_japanese.yml,LOADING_TIP_213,子どもたちなしではわたくしはけっしてしあわせにはなれないでしょう。\n子どもたちをのこしてひとりにげることはできません・・・\n - マリーアントワネット ベルサイユのばら より
english,replace/loading_tips_l_japanese.yml,LOADING_TIP_214,よかった…すぐそばにいてわたしをささえてくれるやさしいまなざしに気づくのが遅すぎなくて…\n - オスカル ベルサイユのばら より
english,replace/loading_tips_l_japanese.yml,LOADING_TIP_215,自由であるべきは心のみにあらず！！人間はその指先１本髪の毛１本にいたるまですべて神の下に平等であり自由であるべきなのだ\n - オスカル ベルサイユのばら より
english,replace/loading_tips_l_japanese.yml,LOADING_TIP_216,あまりにも静かに、あまりにも優しく、あなたが私のそばにいたものだから・・・。私は、その愛に気付かなかったのです・・・\n - オスカル ベルサイユのばら より
english,replace/loading_tips_l_japanese.yml,LOADING_TIP_217,神の愛にむくいる術ももたないほど小さな存在ではあるけれど・・・自己の真実のみにしたがい一瞬たりとも悔いなく与えられた生をいきた 人間としてそれ以上のよろこびがあるだろうか\n - オスカル ベルサイユのばら より
english,replace/loading_tips_l_japanese.yml,LOADING_TIP_218,血にはやり武力にたけることだけが男らしさではない。心やさしくあたたかい男性こそが、真にたよるにたる男性なのだと気づくとき、たいていの女はもうすでに年老いてしまっている\n - オスカル ベルサイユのばら より
english,replace/loading_tips_l_japanese.yml,LOADING_TIP_219,この世の愛はたった一つ、苦しみの愛だけだ\n - ハンス・アクセル・フォン・フェルゼン ベルサイユのばら より
english,replace/loading_tips_l_japanese.yml,LOADING_TIP_22,アルゼンチンは「アルゼンチーナ」に改名しました。
english,replace/loading_tips_l_japanese.yml,LOADING_TIP_220,生とは自分を見つけることではない。\n人生とは自分を創ることである。\n - バーナード・ショー
english,replace/loading_tips_l_japanese.yml,LOADING_TIP_221,なりたかった自分になるのに遅すぎるということはない。\n - ジョージ・エリオット
english,replace/loading_tips_l_japanese.yml,LOADING_TIP_222,虹を見たければ、ちょっとやそっとの雨は我慢しなくちゃ。\n - ドリー・パートン
english,replace/loading_tips_l_japanese.yml,LOADING_TIP_223,人生は公平ではない。\nそのことに慣れよう。\n - ビル・ゲイツ
english,replace/loading_tips_l_japanese.yml,LOADING_TIP_224,幸せになることに躊躇してはいけない。\n - ジョン・レノン
english,replace/loading_tips_l_japanese.yml,LOADING_TIP_225,あなたの人生をかわりに生きてくれる人はいないわ。\n - ドリー・パートン
english,replace/loading_tips_l_japanese.yml,LOADING_TIP_226,速度を上げるばかりが、人生ではない。\n - ガンジー
english,replace/loading_tips_l_japanese.yml,LOADING_TIP_227,打たないシュートは、100％外れる。\n - ウェイン・グレツキー
english,replace/loading_tips_l_japanese.yml,LOADING_TIP_228,今日という日は、残りの人生の最初の日である。\n - チャールズ・ディードリッヒ
english,replace/loading_tips_l_japanese.yml,LOADING_TIP_229,失敗を恐れているなら、おそらく君は失敗するだろう。\n - コービー・ブライアント
english,replace/loading_tips_l_japanese.yml,LOADING_TIP_23,我々がバカ世界地図を覗くとき、バカ世界地図もまた、我々を覗いているのだ。\nーバカ世界地図mod開発陣
english,replace/loading_tips_l_japanese.yml,LOADING_TIP_230,人生とは今日一日のことである。\n - デール・カーネギー
english,replace/loading_tips_l_japanese.yml,LOADING_TIP_231,変革せよ。\n変革を迫られる前に。\n - ジャック・ウェルチ
english,replace/loading_tips_l_japanese.yml,LOADING_TIP_232,人生の唯一の意義は、人のために生きることである。\n - トルストイ
english,replace/loading_tips_l_japanese.yml,LOADING_TIP_233,あなたの運命が形作られるのは、あなたが決断する瞬間なのだ。\n - アンソニー・ロビンズ
english,replace/loading_tips_l_japanese.yml,LOADING_TIP_234,人間はその人の思考の産物にすぎない。\n人は思っている通りになる。\n - ガンジー
english,replace/loading_tips_l_japanese.yml,LOADING_TIP_235,運命がカードを混ぜ、われわれが勝負する。\n - ショーペンハウアー
english,replace/loading_tips_l_japanese.yml,LOADING_TIP_236,人間は、その想像力によって支配される。\n - ナポレオン・ボナパルト
english,replace/loading_tips_l_japanese.yml,LOADING_TIP_237,行動を伴わない想像力は、何の意味も持たない。\n - チャップリン
english,replace/loading_tips_l_japanese.yml,LOADING_TIP_238,自分の生きる人生を愛せ。\n自分の愛する人生を生きろ。\n - ボブ・マーリー
english,replace/loading_tips_l_japanese.yml,LOADING_TIP_239,かわいい息子を懲らしめる父のように、主は愛する者を懲らしめられる。\n - 箴言3章12節
english,replace/loading_tips_l_japanese.yml,LOADING_TIP_24,このModのせいでバルトをバトルと間違えるようになった\nーバカ世界地図mod開発陣
english,replace/loading_tips_l_japanese.yml,LOADING_TIP_240,鞭を控えるものは自分の子を憎む者。子を愛する人は熱心に諭しを与える。\n - 箴言13章24節
english,replace/loading_tips_l_japanese.yml,LOADING_TIP_241,心を尽くし、精神を尽くし、思いを尽くして、あなたの神である主を愛しなさい。これが最も重要な第一の掟である。\n第二も、これと同じように重要である。隣人を自分のように愛しなさい。\n - マタイによる福音書22章37～39節
english,replace/loading_tips_l_japanese.yml,LOADING_TIP_242,あなたがたに新しい掟を与える。互いに愛し合いなさい。\nわたしがあなたがたを愛したように、あなたがたも互いに愛し合いなさい。\n - ヨハネによる福音書13章34節
english,replace/loading_tips_l_japanese.yml,LOADING_TIP_243,愛は忍耐強い。愛は情け深い。ねたまない。\n愛は自慢せず、高ぶらない。\n - コリントの信徒への手紙一13章4節
english,replace/loading_tips_l_japanese.yml,LOADING_TIP_244,愛を身に着けなさい。愛は、すべてを完成させるきずなです。\n - コロサイの信徒への手紙3章14節
english,replace/loading_tips_l_japanese.yml,LOADING_TIP_245,何よりもまず、心を込めて愛し合いなさい。\n愛は多くの罪を覆うからです。\n - ペトロの手紙一4章8節
english,replace/loading_tips_l_japanese.yml,LOADING_TIP_246,言葉や口先だけではなく、行いをもって誠実に愛し合おう。\n - ヨハネの手紙一3章18節
english,replace/loading_tips_l_japanese.yml,LOADING_TIP_247,父がその子を憐れむように、主は主を畏れる人を憐れんでくださる。\n - 詩編103編13節
english,replace/loading_tips_l_japanese.yml,LOADING_TIP_248,恐れることはない、わたしはあなたと共にいる神。\nたじろぐな、わたしはあなたの神。\n - イザヤ書41章10節
english,replace/loading_tips_l_japanese.yml,LOADING_TIP_249,わたしはあなたたちの老いる日まで、白髪になるまで、背負って行こう。\n - イザヤ書46章4節
english,replace/loading_tips_l_japanese.yml,LOADING_TIP_25,"What is ""LastRead:client_ping(1)""? \nーバカ世界地図mod開発陣"
english,replace/loading_tips_l_japanese.yml,LOADING_TIP_250,義のために迫害される人々は、幸いである、\n天の国はその人たちのものである。\n - マタイによる福音書5章10節
english,replace/loading_tips_l_japanese.yml,LOADING_TIP_251,わたしたちは落胆しません。\nたとえわたしたちの「外なる人」は衰えていくとしても、\nわたしたちの「内なる人」は日々新たにされていきます。\n - コリントの信徒への手紙二4章16節
english,replace/loading_tips_l_japanese.yml,LOADING_TIP_252,金銭に執着しない生活をし、今持っているもので満足しなさい。\n - ヘブライ人への手紙13章5節
english,replace/loading_tips_l_japanese.yml,LOADING_TIP_253,いろいろな試練に出会うときは、この上ない喜びと思いなさい。\n - ヤコブの手紙1章2節
english,replace/loading_tips_l_japanese.yml,LOADING_TIP_254,あなたに感謝をささげます。神よ、あなたに感謝をささげます。\n - 詩編75編2節
english,replace/loading_tips_l_japanese.yml,LOADING_TIP_255,主に感謝せよ。主は慈しみ深く、\n人の子らに驚くべき御業を成し遂げられる。\n - 詩編107編8節
english,replace/loading_tips_l_japanese.yml,LOADING_TIP_256,恵み深い主に感謝せよ。慈しみはとこしえに。\n - 詩編118編1節
english,replace/loading_tips_l_japanese.yml,LOADING_TIP_257,いつも感謝していなさい。\n - コロサイの信徒への手紙3章15節
english,replace/loading_tips_l_japanese.yml,LOADING_TIP_258,どんなことにも感謝しなさい。\nこれこそ、キリスト・イエスにおいて、\n神があなたがたに望んでおられることです。\n - テサロニケの信徒への手紙一5章18節
english,replace/loading_tips_l_japanese.yml,LOADING_TIP_26,南極は南にあるので、灼熱の大地と変貌しました。
english,replace/loading_tips_l_japanese.yml,LOADING_TIP_27,ボブ、昼寝する。\n眠ることは死ぬことだ。 -田中角栄
english,replace/loading_tips_l_japanese.yml,LOADING_TIP_28,我々は皆、どこかおかしい。
english,replace/loading_tips_l_japanese.yml,LOADING_TIP_29,月を指さすと、愚か者は月ではなく指を見る。\n -映画｢アメリ｣
english,replace/loading_tips_l_japanese.yml,LOADING_TIP_3,インドの右側が狭くて通りづらそうだった
english,replace/loading_tips_l_japanese.yml,LOADING_TIP_30,編集力すごい人にこのmodのPV作ってもらいたい（願望）\nーバカ世界地図mod開発陣
english,replace/loading_tips_l_japanese.yml,LOADING_TIP_31,オーストラリア人は自国の形がカンガルーになるまで気がつきませんでした。\n（まぁ四国に戻したことには気づかないみたい。）
english,replace/loading_tips_l_japanese.yml,LOADING_TIP_32,韓国はもっともっと大きい。\n- 韓国人
english,replace/loading_tips_l_japanese.yml,LOADING_TIP_33,韓国はもっともっともっと大きい。\n- 韓国人
english,replace/loading_tips_l_japanese.yml,LOADING_TIP_34,ニコ動でバルト史って打とうとしてたら自然にバトル史って打ってたわ\n- ーバカ世界地図mod開発陣
english,replace/loading_tips_l_japanese.yml,LOADING_TIP_35,Outdatedは何か違うなって思ってたけどやっぱり違ったかwww \nーバカ世界地図mod開発陣
english,replace/loading_tips_l_japanese.yml,LOADING_TIP_36,ランランルー!!! \nードナルド・マクドナルド
english,replace/loading_tips_l_japanese.yml,LOADING_TIP_37,駄目だ!まだ笑うな…こらえるんだっ\n-プレイヤーに向けて。
english,replace/loading_tips_l_japanese.yml,LOADING_TIP_38,待てあわてるな、これは孔明の罠だ!\n司馬懿
english,replace/loading_tips_l_japanese.yml,LOADING_TIP_39,あんなの飾りです。偉い人にはわからんのですよ。
english,replace/loading_tips_l_japanese.yml,LOADING_TIP_4,東南アジアはややこしい\n →島のほうを全部「インドネシア」陸のほうを全部「バンコク」にしました。
english,replace/loading_tips_l_japanese.yml,LOADING_TIP_40,四つ葉のクローバーを見つけるために、三つ葉のクローバーを踏みにじってはいけない。幸せはそんな風に探すもんじゃない。
english,replace/loading_tips_l_japanese.yml,LOADING_TIP_41,名言は好きだが、名言を言おうとするやつは嫌いだ。\n -タモリ
english,replace/loading_tips_l_japanese.yml,LOADING_TIP_42,日本は過労死するほど仕事があるが、自殺するほど仕事がない。
english,replace/loading_tips_l_japanese.yml,LOADING_TIP_43,神が人を創造したのではない。人が神を想像したのだ。
english,replace/loading_tips_l_japanese.yml,LOADING_TIP_44,芸術とは私たちを真実に近づかせてくれるウソだ。\n -パブロ・ピカソ
english,replace/loading_tips_l_japanese.yml,LOADING_TIP_45,僕の彼女が引きこもりなんです。ずっと画面から出てこないんです。\n -2ch
english,replace/loading_tips_l_japanese.yml,LOADING_TIP_46,バカに歴史を教えるとかえって危険なことが判明しました。
english,replace/loading_tips_l_japanese.yml,LOADING_TIP_47,共産主義は偽物・真似物・嘘物・逆物。\n-唯一神又吉イエス
english,replace/loading_tips_l_japanese.yml,LOADING_TIP_48,唯一神又吉イエスの他に神がいるというなら連れてこなければいけない。\n-唯一神又吉イエス
english,replace/loading_tips_l_japanese.yml,LOADING_TIP_49,物質主義･即物性は人間の精神･心を損なう。それは人間破壊だ。\n-唯一神又吉イエス
english,replace/loading_tips_l_japanese.yml,LOADING_TIP_5,アメリカはもっと大きい。\n- アメリカ人
english,replace/loading_tips_l_japanese.yml,LOADING_TIP_50,バカって言ったおまえがバカ。
english,replace/loading_tips_l_japanese.yml,LOADING_TIP_51,自分がバカって呼ばれてもいいのならバカって呼んでもいい。\nバカって呼ばれるのが嫌ならバカというな。
english,replace/loading_tips_l_japanese.yml,LOADING_TIP_52,ハングリーであれ、バカであれ。
english,replace/loading_tips_l_japanese.yml,LOADING_TIP_53,振られ振られて三千年\n-韓国の歴史は五千年（自称）
english,replace/loading_tips_l_japanese.yml,LOADING_TIP_54,プライドとは、全てを失った男が最後まで握りしめているものであり、\n全てを手にしたいと願う男が最初に手放すものである。
english,replace/loading_tips_l_japanese.yml,LOADING_TIP_55,生きることが必ずしも正しいとは限らない。\n死ぬことが正しいとも言い切れないが。
english,replace/loading_tips_l_japanese.yml,LOADING_TIP_56,人間は、死ぬまでしか生きられない!
english,replace/loading_tips_l_japanese.yml,LOADING_TIP_57,死にたいときに死ぬ権利は誰にでもある。\nしかし死後に他人に迷惑をかける権利を持っている奴などいない。
english,replace/loading_tips_l_japanese.yml,LOADING_TIP_58,理想と現実は相反しない。理想は常に現実と同じ方向にある。\nなぜなら理想は現実を超えたその先にあるからである。
english,replace/loading_tips_l_japanese.yml,LOADING_TIP_59,騙されたことを恨むな。それを信じた自分を恨め。
english,replace/loading_tips_l_japanese.yml,LOADING_TIP_6,このあたりの国(中東)の配置がよくわからない\n ➝メジャーな国が仲良く山分けしました
english,replace/loading_tips_l_japanese.yml,LOADING_TIP_60,神様はいないが、俺様はいる。
english,replace/loading_tips_l_japanese.yml,LOADING_TIP_61,バカであれ。しかし愚かにはなるな。
english,replace/loading_tips_l_japanese.yml,LOADING_TIP_62,正義無き力は無力なり。力なき正義も、また無力なり。
english,replace/loading_tips_l_japanese.yml,LOADING_TIP_63,中途半端にかじった奴が一番始末に負えない。\nーバカ世界地図mod開発陣
english,replace/loading_tips_l_japanese.yml,LOADING_TIP_64,「このクラスってバカばっかりだな」\n→「バカはおらへん!アホはおるけどな」（坂田利夫風に）
english,replace/loading_tips_l_japanese.yml,LOADING_TIP_65,地球は回る、君を乗せて・・・\nつまり地球はデカい乗り物って訳だ。
english,replace/loading_tips_l_japanese.yml,LOADING_TIP_66,せいぜい理想と心中するがいいさ。/nーバカ
english,replace/loading_tips_l_japanese.yml,LOADING_TIP_67,あんた、息を吐くように余計なこと言うね。/nーバカ
english,replace/loading_tips_l_japanese.yml,LOADING_TIP_68,幸せになる方法とは、自分が幸福であると思うことだ。
english,replace/loading_tips_l_japanese.yml,LOADING_TIP_69,君はバカ、ワシもバカ、されど仲良き。\nーバカ世界地図mod開発陣
english,replace/loading_tips_l_japanese.yml,LOADING_TIP_7,韓国はもっと大きい。\n- 韓国人
english,replace/loading_tips_l_japanese.yml,LOADING_TIP_70,火の無いところに煙立たずと言うが、火の無いところに放火したがる者がいるのもまた事実だ。
english,replace/loading_tips_l_japanese.yml,LOADING_TIP_71,ゴキブリとて半身を失っても数日生き延びる。\n不祥事の1つや2つで政権や団体が潰れることを期待するなど甘い考えだ。
english,replace/loading_tips_l_japanese.yml,LOADING_TIP_72,災害や犯罪が絶えないことを、神がいない理由としてはならない。\nむしろそういうことがあるからこそ、神がいなければ困る。
english,replace/loading_tips_l_japanese.yml,LOADING_TIP_73,取れそうな（服の）ボタンは、そのうち取れる。
english,replace/loading_tips_l_japanese.yml,LOADING_TIP_74,天皇陛下バンザーイ!
english,replace/loading_tips_l_japanese.yml,LOADING_TIP_75,うわっ!前から車が!!\n 逆走爺
english,replace/loading_tips_l_japanese.yml,LOADING_TIP_76,絶対合格してやるぜえええええ!!!\nもう受かる気しかしねえぜええええ!!!\n待ってろキャンパスライフウウウウウウウ!!!!
english,replace/loading_tips_l_japanese.yml,LOADING_TIP_77,やらない正義よりやる偽善だ。\nー2ch
english,replace/loading_tips_l_japanese.yml,LOADING_TIP_78,100回の失敗より1回の諦めが夢を壊す。\nー2ch
english,replace/loading_tips_l_japanese.yml,LOADING_TIP_79,人間同士なら遠慮や気遣いも必要だが、見た目だけ人間の動物になんの遠慮が必要か?\nー2ch
english,replace/loading_tips_l_japanese.yml,LOADING_TIP_8,アメリカ国内に「ニューヨーク」「カリフォルニア」「ハリウッド」「ラスベガス」ができました。
english,replace/loading_tips_l_japanese.yml,LOADING_TIP_80,戦争なんて誰だって嫌だけどそんなもん感情がある以上無くならねえよ。\nー2ch
english,replace/loading_tips_l_japanese.yml,LOADING_TIP_81,結局のところ人は悪くないんだよ、最大の敵はそうさせた教育なんだよ。
english,replace/loading_tips_l_japanese.yml,LOADING_TIP_82,意外性って盤石な基盤が有るから有効なんだ。
english,replace/loading_tips_l_japanese.yml,LOADING_TIP_83,正しさを利用するのは、正しくない。
english,replace/loading_tips_l_japanese.yml,LOADING_TIP_84,たとえ常識が否定しようと、自分自身が肯定してしまえば、それだけで世界は形を変えるのさ。
english,replace/loading_tips_l_japanese.yml,LOADING_TIP_85,愛されることは幸福ではなく、愛することこそ幸福だ\nヘルマン・ヘッセ
english,replace/loading_tips_l_japanese.yml,LOADING_TIP_86,100点目指すのは自由だが、時間は自由じゃない。
english,replace/loading_tips_l_japanese.yml,LOADING_TIP_87,正義なんてのは戦争に勝って初めて主張できるもの。
english,replace/loading_tips_l_japanese.yml,LOADING_TIP_88,誰だって幸せになりたいから、戦争が起きるんだよな。
english,replace/loading_tips_l_japanese.yml,LOADING_TIP_89,雨の中、傘をささずに踊る人間がいてもいい。それが自由というものだ。
english,replace/loading_tips_l_japanese.yml,LOADING_TIP_9,モンゴルは「ガンダーラ」\n- 日本人
english,replace/loading_tips_l_japanese.yml,LOADING_TIP_90,この世に最も醜く憎むべき存在が在るとすればそれは人の悪の心だ。
english,replace/loading_tips_l_japanese.yml,LOADING_TIP_91,芸術は完成された理屈。
english,replace/loading_tips_l_japanese.yml,LOADING_TIP_92,転んだ人を笑ってはいけない 彼は歩こうとしたんだ。
english,replace/loading_tips_l_japanese.yml,LOADING_TIP_93,「どの川に棲んだか」じゃなくて「棲んだ川でどう泳いだか」
english,replace/loading_tips_l_japanese.yml,LOADING_TIP_94,本当に賢い者は、予想外のことがある可能性を忘れない。
english,replace/loading_tips_l_japanese.yml,LOADING_TIP_95,愛の反対は憎しみではなく無関心です\n-高倉健
english,replace/loading_tips_l_japanese.yml,LOADING_TIP_96,限りある人生を、美しく賢く強かに生き延びて行くために。
english,replace/loading_tips_l_japanese.yml,LOADING_TIP_97,「汝、老後を恐れるなかれ。未来のあなたが笑っているかそれは神ですらもわからない。なら今だけでも笑いなさい」
english,replace/loading_tips_l_japanese.yml,LOADING_TIP_98,すべてが失われようとも、まだ未来が残っている。
english,replace/loading_tips_l_japanese.yml,LOADING_TIP_99,人生は配られたカードで勝負するしかないんだ
english,replace/province_names_l_japanese.yml,africa,アフリカ
english,replace/province_names_l_japanese.yml,africa_adj,アフリカ諸国
english,replace/province_names_l_japanese.yml,antarctica,南極
english,replace/province_names_l_japanese.yml,antarctica_adj,南極諸国
english,replace/province_names_l_japanese.yml,asia,アジア
english,replace/province_names_l_japanese.yml,asia_adj,アジア諸国
english,replace/province_names_l_japanese.yml,australia,オセアニア
english,replace/province_names_l_japanese.yml,australia_adj,オセアニア諸国
english,replace/province_names_l_japanese.yml,europe,ヨーロッパ
english,replace/province_names_l_japanese.yml,europe_adj,ヨーロッパ諸国
english,replace/province_names_l_japanese.yml,middle_east,中東
english,replace/province_names_l_japanese.yml,middle_east_adj,中東諸国
english,replace/province_names_l_japanese.yml,neighbor,隣国
english,replace/province_names_l_japanese.yml,north_america,北アメリカ
english,replace/province_names_l_japanese.yml,north_america_adj,北アメリカ諸国
english,replace/province_names_l_japanese.yml,north_pole,北極
english,replace/province_names_l_japanese.yml,north_pole_adj,北極諸国
english,replace/province_names_l_japanese.yml,shikoku,四国
english,replace/province_names_l_japanese.yml,shikoku_adj,四国諸侯
english,replace/province_names_l_japanese.yml,south_america,南アメリカ
english,replace/province_names_l_japanese.yml,south_america_adj,南アメリカ諸国
english,replace/province_names_l_japanese.yml,subject,従属国
english,replace/state_l_japanese.yml,LOCAL_MANPOWER_ACCESSIBLE_FACTOR,兵役の基礎適任者数: §R-$VAL|%$§!
english,replace/state_l_japanese.yml,LOCAL_MANPOWER_ACCESSIBLE_NON_CORE_FACTOR,兵役の基礎適任者数（非中核州）: §R-$VAL|%$§!
english,replace/state_l_japanese.yml,LOCAL_MANPOWER_ACCESSIBLE_NON_CORE_TOTAL,兵役の総適任者数（非中核州）: §R-$VAL|%$§!
english,replace/state_l_japanese.yml,LOCAL_PROVINCE_MODIFIERS,\n§Hこの州のプロヴィンスによる影響:§!
english,replace/state_l_japanese.yml,MONTHLY_BASE_GROWTH,基本: $VALUE|H%2$
english,replace/state_l_japanese.yml,OCCUPATION_BREAKDOWN,占領降伏:
english,replace/state_l_japanese.yml,OCCUPATION_BREAKDOWN_ENTRY,\n$COUNTRY|Y$: $OCCUPATION|Y%0$
english,replace/state_l_japanese.yml,PROVINCE_STATE_CATERGORY_TOOLTIP,種別: $CATEGORY|Y$
english,replace/state_l_japanese.yml,PROVINCE_STATE_IMPASSABLE,通行不能エリア - §R軍隊進入不可§!
english,replace/state_l_japanese.yml,STATE_BUILDING_AIR_UNKNOWN_ANTI_AIR,この州の対空設備に関する情報なし
english,replace/state_l_japanese.yml,STATE_BUILDING_AIR_UNKNOWN_ANTI_AIR_TECH,この州の対空技術に関する情報なし
english,replace/state_l_japanese.yml,STATE_BUILDING_INCONSTRUCTION,建設中: $LEVEL|H$
english,replace/state_l_japanese.yml,STATE_BUILDING_LEVEL,$BUILDING|H$（州レベル: $LEVEL|H$）
english,replace/state_l_japanese.yml,STATE_BUILDING_LEVEL_SHARED_SLOTS,$LEVEL|H$ $BUILDING|H$
english,replace/state_l_japanese.yml,STATE_BUILDING_NO_KNOWN_FACTORIES,この州の工場に関する情報なし
english,replace/state_l_japanese.yml,STATE_BUILDING_SLOT_TECH,この州の民間インフラに関する情報なし
english,replace/state_l_japanese.yml,STATE_BUILDING_SOME_KNOWN_FACTORIES,情報によると、この州には少なくとも$AMOUNT|H$個の工場が存在する
english,replace/state_l_japanese.yml,STATE_CLAIM,§T$COUNTRY|H$が$STATE|H$の請求権を持っている。§!
english,replace/state_l_japanese.yml,STATE_CLAIMS,請求国
english,replace/state_l_japanese.yml,STATE_CONTROLLER,支配国: @$TAG$$COUNTRY|H$
english,replace/state_l_japanese.yml,STATE_CONTROLLER_DELAYED,§Gクリックして外交画面を開く。§!
english,replace/state_l_japanese.yml,STATE_CONVERT_BUILDING,$FACTOR|H$$BUILDING_FROM$を§H1§!$BUILDING_TO$に転換する。
english,replace/state_l_japanese.yml,STATE_CORE,§T$STATE|H$は$COUNTRY|H$の中核州である。§!
english,replace/state_l_japanese.yml,STATE_CORE_DESC,中核州は国家にとって不可欠な部分と見なされている。それがもし他の国家によって領有されていれば、それを奪還する目的で戦争を正当化が可能で、もし奪還に成功すれば占領政策は必要無い。ただ単に貴国の母国の一部へと戻るだけである。
english,replace/state_l_japanese.yml,STATE_FOREIGN_RESOURCE_OWNER,$COUNTRY|H$行き
english,replace/state_l_japanese.yml,STATE_MANPOWER_VALUE,$VAL|2*$
english,replace/state_l_japanese.yml,STATE_NOT_OCCUPIED,§R占領政策を実施するには$STATE|H$を占領しなくてはならない。§!
english,replace/state_l_japanese.yml,STATE_NO_RESOURCES,§T$STATE|H$には資源が無い§!
english,replace/state_l_japanese.yml,STATE_OWNER,領有国: @$TAG$$COUNTRY|H$
english,replace/state_l_japanese.yml,STATE_OWNER_CORE,§G中核州§!
english,replace/state_l_japanese.yml,STATE_OWNER_MODIFIER_INFO,州の占領状態により以下の補正がかかる:
english,replace/state_l_japanese.yml,STATE_OWNER_NON_CORE,§Y植民地§!
english,replace/state_l_japanese.yml,STATE_OWNER_OCCUPIED,§Y占領地§!
english,replace/state_l_japanese.yml,STATE_OWNER_RESISTANCE_NON_CORE_INFO,$COUNTRY|H$は州人的資源の$MANPOWER|-%.0$のみ利用できる。
english,replace/state_l_japanese.yml,STATE_OWNER_RESISTANCE_NON_CORE_INFO_WITH_MODIFIERS,$COUNTRY|H$は州人的資源の$MANPOWER|-%.0$のみ利用可能で、またその占領状態により以下の補正がかかる:
english,replace/state_l_japanese.yml,STATE_POPULATION,§H徴兵可能人口§!: $AVAIL|*Y$/$MAXAVAIL|*Y$\n§H民間人人口§!: $LOCKED|*Y$/$MAXLOCKED|*Y$\n
english,replace/state_l_japanese.yml,STATE_POPULATION_DESC,この州の人口。徴兵法によって一定比率を師団や艦船、航空機のための人的資源として利用可能。
english,replace/state_l_japanese.yml,STATE_POPULATION_GROWTH,§H月間人口増加§!: $VALUE|%2$（ 徴兵可能者 $AVAIL|*+$、民間人 $LOCKED|*+$ ）
english,replace/state_l_japanese.yml,STATE_POPULATION_VALUE,$VAL|*H$
english,replace/state_l_japanese.yml,STATE_RESISTANCE_GUI,$STRENGTH|%0-$（$GROWTH|=%0-$）
english,replace/state_l_japanese.yml,STATE_SET_POLICY,§Gクリックして$STATE|H$の占領政策を管理する。§!
english,replace/state_l_japanese.yml,STATE_UPGRADE_BUILDING,$BUILDING|H$をアップグレードする。
english,replace/state_l_japanese.yml,STATE_UPGRADE_BUILDING_DESC,建築日数: $COST|H$
english,replace/state_l_japanese.yml,UNLOCKED_SLOTS,$NUM|Y$/$MAX|Y$ 開放スロット
english,replace/state_l_japanese.yml,UNLOCKED_SLOTS_ABSOLUTE_MAX,最大: $NUM|Y$
english,replace/state_l_japanese.yml,UNLOCKED_SLOTS_BASE,基地上限: $NUM|Y$
english,replace/state_l_japanese.yml,UNLOCKED_SLOTS_CAP,技術によって$NUM|Y$に制限されている
english,replace/state_l_japanese.yml,UNLOCKED_SLOTS_CAP_DESC_HEADER,技術による制限:
english,replace/state_l_japanese.yml,UNLOCKED_SLOTS_DESC,開放されるスロットの数は州のインフラと人口によって制限される。
english,replace/state_l_japanese.yml,UNLOCKED_SLOTS_FROM_INFRASTRUCTURE,インフラによって$NUM|Y$に制限されている
english,replace/state_l_japanese.yml,UNLOCKED_SLOTS_FROM_INFRASTRUCTURE_DESC_HEADER,インフラによる制限:
english,replace/state_l_japanese.yml,UNLOCKED_SLOTS_FROM_POPULATION,人口によって$NUM|Y$に制限されている
english,replace/state_l_japanese.yml,UNLOCKED_SLOTS_FROM_POPULATION_DESC_HEADER,人口による制限:
english,replace/state_l_japanese.yml,UNLOCKED_SLOTS_STATE_EXTRA,この州における追加スロット数: $NUM|Y$
english,replace/state_l_japanese.yml,abandoned,放棄された地域
english,replace/state_l_japanese.yml,atoll,環礁
english,replace/state_l_japanese.yml,enclave,陸の孤島
english,replace/state_l_japanese.yml,large_town,低密度の都市化地域
english,replace/state_l_japanese.yml,megalopolis,超高層化された都市
english,replace/state_l_japanese.yml,metropolis,巨大都市化した地域
english,replace/state_l_japanese.yml,pastoral,牧畜地域
english,replace/state_l_japanese.yml,pastoral_town,牧歌的村落
english,replace/state_l_japanese.yml,reef,岩礁
english,replace/state_l_japanese.yml,rural,村落の点在する地域
english,replace/state_l_japanese.yml,small_island,小さな島
english,replace/state_l_japanese.yml,tiny_island,とても小さい島
english,replace/state_l_japanese.yml,town,開発された牧歌的村落
